SimTime,TTI,ActiveAgents,WaitingReroute,CompletedTrips,DynamicReroutes,BlackZones,RedZones,YellowZones,RouterRPS,SavedDuplicates,RouterLoad,GreenZones,VisitedNodes,RouteCycles,WaitingSpawn,RouteTimeMaxUs,RouteTimeAvgUs,RouterWaitTimeUs
5,1,200000,0,0,0,0,0,0,0.0,0,0.9918,150296,0,0,200000,39979,3005.46,47478345
15,1,200000,0,0,0,0,0,0,0.0,0,0.9715,132397,21787.4,10773200.0,0,0,0,47478345
25,1,200000,0,0,0,0,0,0,0.0,0,0.952,142231,0,0,0,0,0,47478345
35,1.2084,199999,800,7,125,0,0,0,140.9,10,0.94,151051,127109,101701000.0,3,340776,31759.9,48008040
60,1.1791,199991,2357,30,423,0,0,6,179.0,336,0.9454,156490,128444,105032000.0,14,217346,29424.5,50271486
70,1.1578,199990,3165,51,543,0,0,180,170.3,762,0.9509,159864,178559,142779000.0,34,265410,35593.3,51520098
89,1.1358,199994,3918,90,727,0,2,609,189.9,1305,0.9478,161827,149401,143114000.0,68,203852,36286.8,53264882
100,1.1902,200000,4478,127,849,0,5,1311,198.0,2263,0.9519,150881,137118,112479000.0,110,276597,34536,54451538
120,1.1955,200000,5078,211,1016,0,12,2185,228.4,3355,0.9557,134243,174600,138507000.0,181,241361,34609.9,56793186
130,1.189,200000,5378,240,1106,0,23,2897,213.9,3625,0.9527,127876,158495,133189000.0,199,200058,37613.7,57572781
140,1.2017,200000,5641,294,1192,0,36,3563,215.6,4368,0.9526,124549,146101,101366000.0,243,274734,35580.5,58522057
150,1.2224,200000,5890,365,1285,0,62,4069,202.4,5117,0.9571,119002,165248,116126000.0,306,181666,33163.5,59764359
172,1.2349,199983,6289,527,1450,0,85,4454,216.9,6331,0.9555,110619,185985,137951000.0,426,328449,42555.2,61694569
185,1.2136,199960,6406,629,1541,0,109,4742,206.8,7057,0.9601,106750,160308,123139000.0,497,200197,39997.3,62953318
204,1.2614,199967,6657,770,1704,0,139,4944,228.2,8591,0.9593,101261,164948,136790000.0,588,283803,32903.1,64829434
212,1.2378,199971,6829,850,1780,0,164,5136,216.4,9557,0.9578,95757,188473,121225000.0,657,181700,35594,65691276
225,1.2496,199954,6994,953,1850,0,202,5225,199.9,10191,0.9615,92392,183162,126734000.0,719,189010,31868.1,66916281
232,1.2761,199976,7017,1014,1961,0,233,5334,206.4,11065,0.9599,88525,171859,117501000.0,764,191617,32172.1,67763290
255,1.3024,199958,7310,1204,2116,0,259,5394,215.9,12999,0.9615,85140,195480,148602000.0,894,150201,35641.1,69805221
264,1.307,199954,7363,1286,2201,0,299,5392,218.4,14113,0.9643,81605,198781,141818000.0,922,207907,39742.4,70978773
275,1.3239,200000,7530,1380,2318,0,340,5389,213.4,15513,0.9639,78429,168433,121721000.0,973,196558,32428.4,71924196
295,1.3341,200000,7764,1581,2503,0,371,5394,222.5,17271,0.9659,75778,181246,129117000.0,1103,219126,32620.5,74092816
305,1.3504,200000,7838,1698,2605,0,414,5362,223.6,18552,0.9662,72762,143294,98463000.0,1150,193344,28892,75126972
315,1.2957,200000,7905,1809,2707,0,456,5341,212.8,19830,0.9656,70463,155595,97771400.0,1180,185752,30577.4,76051952
325,1.2994,200000,8005,1916,2814,0,521,5284,218.0,20930,0.9663,68063,170455,113063000.0,1217,189827,30400.2,77070670
335,1.3003,200000,8063,2025,2945,0,567,5207,207.2,22168,0.9661,66230,196358,136946000.0,1288,177700,36447.4,78027716
345,1.3387,200000,8196,2143,3023,0,618,5142,208.0,23005,0.9664,64306,174061,119101000.0,1317,197250,33843.9,79060881
365,1.2776,200000,8329,2394,3202,0,689,5028,225.0,25111,0.9684,62731,183968,120150000.0,1441,160661,28926.8,81170430
375,1.3566,200000,8372,2526,3329,0,748,4941,210.9,26347,0.9682,61112,153474,98030400.0,1536,147267,27586.5,82138139
385,1.3378,200000,8509,2640,3414,0,803,4845,210.5,27502,0.9678,59431,173947,111115000.0,1564,285417,32130,83070670
405,1.4195,200000,8666,2912,3594,0,851,4743,225.8,29602,0.9695,58197,168193,126346000.0,1708,152585,32783.2,85166512
415,1.3817,200000,8679,3053,3713,0,904,4641,220.5,30524,0.9692,57120,185462,130535000.0,1756,202079,33138.8,86113179
425,1.3772,200000,8726,3193,3832,0,945,4549,215.9,31795,0.9702,55954,159124,94662200.0,1857,172477,27191.5,87176377
445,1.378,200000,8875,3518,4046,0,1002,4449,245.0,34183,0.9696,54922,187385,140386000.0,1990,159975,34497.3,89066427
455,1.3616,200000,8968,3675,4152,0,1052,4346,223.5,35311,0.9698,54087,184310,120899000.0,2094,194032,29424.7,90059886
465,1.4214,200000,9041,3883,4259,0,1115,4249,229.7,36443,0.9713,53060,168769,106651000.0,2185,135417,32144.8,91171170
485,1.414,200000,9276,4241,4448,0,1184,4134,245.0,38553,0.9719,52291,179985,122915000.0,2377,195502,30410.4,93175540
495,1.415,200000,9335,4435,4554,0,1233,4031,224.9,39513,0.9713,51747,194581,129721000.0,2519,181005,34462.1,94099097
515,1.4029,200000,9508,4839,4728,0,1293,3945,236.6,41345,0.9726,51218,208045,142417000.0,2754,172599,32460.3,96171372
525,1.3533,200000,9561,5071,4849,0,1350,3846,232.4,42457,0.973,50458,181722,115434000.0,2928,235589,32565.2,97187576
535,1.4342,200000,9627,5278,4948,0,1413,3732,223.5,43747,0.9729,50101,147581,102199000.0,2990,147310,29177,98160297
555,1.4438,200000,9771,5672,5155,0,1467,3644,244.2,45869,0.9731,49678,155210,105900000.0,3212,166144,34543.5,100128514
565,1.4625,200000,9838,5907,5256,0,1508,3546,246.3,47011,0.9743,49045,176409,120741000.0,3326,171661,31905.9,101238385
575,1.441,200000,9907,6135,5368,0,1555,3448,225.7,48135,0.9748,48790,152573,99138100.0,3495,172841,27852.9,102264002
585,1.438,200000,9986,6380,5437,0,1592,3361,226.6,49323,0.9745,48168,186006,119754000.0,3599,161582,30694.9,103213285
605,1.4696,200000,10161,6898,5609,0,1640,3280,240.2,51330,0.9754,47893,176303,120899000.0,3911,144065,30458.5,105260341
615,1.5174,200000,10186,7152,5722,0,1695,3179,233.9,52305,0.9757,47404,171940,110009000.0,4099,234156,31261.9,106281110
625,1.4953,200000,10297,7415,5804,0,1740,3097,237.9,53155,0.9761,47167,183953,131809000.0,4222,164346,31567.2,107295878
635,1.447,200000,10285,7689,5924,0,1766,3012,221.3,54592,0.9755,47029,162979,102590000.0,4422,182861,28552.6,108212802
645,1.4791,200000,10309,7958,6033,0,1811,2932,241.6,55878,0.975,46585,146731,101761000.0,4518,148114,28629.6,109140433
665,1.4707,200000,10389,8495,6205,0,1840,2868,257.8,57886,0.9752,46718,178814,125844000.0,4820,145962,30616.8,111118101
675,1.5135,199988,10415,8761,6326,0,1875,2792,243.4,58836,0.9772,46379,176343,115343000.0,4977,183283,31121.4,112319928
685,1.4978,199989,10508,9055,6391,0,1904,2742,245.5,60034,0.9763,46057,162418,107889000.0,5080,145362,26286.9,113201451
706,1.5397,199957,10645,9642,6599,0,1933,2689,273.2,62318,0.9758,46031,177149,129572000.0,5371,187551,36900.9,115106260
716,1.4808,199976,10731,9925,6694,0,1966,2630,259.4,63158,0.9773,45722,178061,114745000.0,5571,147132,30054.6,116260834
726,1.5421,199969,10798,10244,6793,0,2000,2549,274.0,64472,0.9762,45661,164828,115683000.0,5677,178415,30752.3,117119100
736,1.4872,199951,10837,10568,6867,0,2034,2475,258.9,65320,0.9777,45478,193190,137048000.0,5909,215655,29548.2,118275579
746,1.5209,199955,10891,10902,6926,0,2055,2420,264.7,66033,0.9779,45311,148469,106577000.0,6025,180911,33455.6,119280633
756,1.5634,199941,10979,11219,7004,0,2078,2375,258.2,67216,0.9772,45288,183403,126530000.0,6232,164541,31000.2,120178717
767,1.5204,199912,11071,11618,7059,0,2080,2330,230.3,67942,0.9765,45167,163375,113134000.0,6459,181569,36970.7,121073521
788,1.5209,199872,11182,12390,7221,0,2094,2299,258.9,70275,0.9791,45276,158720,110545000.0,6880,168362,29287.8,123362742
797,1.5904,199915,11267,12673,7287,0,2109,2261,262.8,71144,0.9787,44963,185580,128188000.0,7013,156753,31159.4,124289450
809,1.5763,199826,11315,13130,7389,0,2100,2245,239.6,72611,0.979,44898,156632,107794000.0,7292,187238,34265.8,125311256
828,1.6168,199893,11534,13852,7512,0,2110,2208,262.4,74049,0.9786,44776,184751,131012000.0,7717,174883,27833.4,127225565
840,1.5926,199784,11562,14344,7617,0,2122,2166,242.5,75510,0.9796,44535,163771,105801000.0,7993,153819,33587,128346883
858,1.6168,199875,11742,15058,7734,0,2125,2151,263.9,77284,0.9786,44500,176998,129118000.0,8433,189629,32071.6,130172807
869,1.6273,199833,11755,15492,7851,0,2139,2108,247.0,78412,0.9796,44546,160654,107998000.0,8697,159701,29379.7,131286043
889,1.629,199833,11843,16312,8035,0,2145,2074,281.1,80583,0.9806,44756,170638,115046000.0,9142,196734,34693.6,133404477
900,1.6644,199765,12047,16793,8086,0,2141,2055,251.5,81316,0.9808,44606,180453,135498000.0,9406,197205,32383.9,134404190
920,1.6681,200000,12088,17627,8268,0,2137,2038,307.2,83808,0.9807,44639,156127,106395000.0,9938,161886,27785.2,136415705
930,1.7283,200000,12090,18083,8361,0,2145,2019,290.7,84973,0.9797,44382,175798,120194000.0,10261,164029,28390.4,137322749
940,1.6422,200000,12161,18542,8417,0,2158,1985,277.1,85706,0.9812,44389,155131,120916000.0,10452,196821,34882.7,138515932
950,1.7138,200000,12208,19021,8506,0,2149,1963,255.3,87032,0.9807,44426,154037,105954000.0,10804,135139,26744.2,139433537
970,1.6882,200000,12347,19981,8632,0,2167,1912,282.3,88960,0.9817,44610,165156,121789000.0,11347,169263,30305.1,141589556
980,1.7382,200000,12366,20477,8755,0,2178,1879,261.5,90094,0.9796,44647,147673,89964500.0,11716,172389,26295.8,142278358
990,1.7235,200000,12461,20916,8809,0,2185,1840,279.6,91315,0.9811,44460,149947,101698000.0,11861,164380,27593.3,143472903
1000,1.7464,200000,12479,21429,8886,0,2172,1818,274.2,92177,0.9809,44371,151543,113968000.0,12217,156622,29672.8,144441065
1020,1.7552,200000,12626,22408,9010,0,2174,1797,294.3,93944,0.982,44561,149125,104220000.0,12796,153366,24471.6,146574169
1030,1.7374,200000,12644,22927,9108,0,2167,1774,271.1,95267,0.9824,44601,138909,88322100.0,13169,151304,28311.8,147614629
1040,1.7858,200000,12762,23430,9167,0,2165,1752,282.9,96478,0.9821,44450,152847,110209000.0,13367,147196,26489,148559217
1060,1.751,200000,12849,24399,9292,0,2158,1737,286.2,98260,0.9826,44504,166299,126012000.0,14029,150848,30076.7,150631711
1070,1.7815,200000,12891,24873,9368,0,2157,1719,286.9,99606,0.9815,44543,158722,115989000.0,14168,193810,29389,151447773
1090,1.811,200000,13050,25831,9469,0,2144,1700,313.1,101389,0.9829,44559,158776,122193000.0,14637,161021,29137.6,153640896
1100,1.8904,200000,13058,26289,9555,0,2133,1687,286.1,102724,0.9815,44581,158491,112153000.0,14936,152096,32565,154400656
1120,1.8484,200000,13186,27268,9647,0,2130,1657,292.1,104215,0.983,44897,135145,98873300.0,15548,221182,24246.6,156615261
1130,1.8538,200000,13185,27765,9742,0,2117,1656,297.2,105706,0.9815,44913,141985,102073000.0,15680,190621,30775.1,157362266
1150,1.876,200000,13363,28751,9850,0,2106,1651,323.7,107659,0.9824,44828,152052,109881000.0,16156,172445,28615.6,159484402
1160,1.9111,200000,13408,29199,9927,0,2087,1642,294.1,108687,0.9812,44980,159210,106905000.0,16428,161267,29085.5,160274021
1180,1.8775,200000,13550,30232,10019,0,2091,1624,304.4,110174,0.984,45142,162417,111490000.0,17054,131424,25307,162706259
1190,1.8465,200000,13603,30743,10064,0,2078,1590,304.4,110918,0.9841,45312,150690,111139000.0,17190,189947,30961,163699936
1210,1.8878,200000,13702,31713,10188,0,2065,1573,311.5,113015,0.9825,45239,147044,105243000.0,17775,170764,27526.1,165404203
1220,1.932,200000,13727,32184,10242,0,2055,1567,285.3,113906,0.9845,45391,151469,104053000.0,18056,163909,28650.8,166732242
1230,1.9103,200000,13779,32676,10293,0,2042,1548,315.9,114811,0.9841,45296,147545,104677000.0,18145,147991,25015.2,167655972
1240,1.895,200000,13808,33143,10353,0,2035,1532,303.4,115867,0.983,45402,148517,107682000.0,18401,163395,27908.4,168462726
1260,1.9745,200000,13912,34105,10455,0,2034,1504,312.7,117673,0.984,45602,165776,122355000.0,18958,175339,25912.8,170604555
1270,2.0,200000,13893,34571,10538,0,2011,1490,315.8,119176,0.9827,45910,139390,102052000.0,19037,171988,26315.4,171366450
1280,2.0115,200000,13942,35067,10567,0,2018,1459,300.4,119941,0.9848,45990,145699,106754000.0,19330,155445,29477.2,172717445
1300,2.0178,200000,14053,36025,10680,0,2004,1439,340.3,121730,0.9839,46196,141095,106281000.0,19667,148119,26676.4,174538499
1310,2.0634,200000,14071,36532,10734,0,2001,1414,323.4,122629,0.9836,46067,159741,109352000.0,19974,158174,29458.9,175470058
1320,2.0798,199986,14101,37013,10790,0,1992,1409,299.0,123683,0.9829,46353,152746,110953000.0,20220,163547,29265.3,176339736
1341,2.0901,199942,14239,37998,10861,0,1988,1388,307.4,125195,0.9849,46377,154901,117139000.0,20718,171641,27884.3,178678416
1351,2.0083,199950,14252,38492,10941,0,1986,1366,348.2,126705,0.9835,46164,143770,105600000.0,20815,167156,28948.1,179409474
1361,2.1188,199952,14340,38995,10972,0,1973,1348,311.9,127465,0.9825,46556,144386,115996000.0,21114,172450,30285,180207440
1371,2.1041,199926,14376,39479,11010,0,1959,1346,308.3,128218,0.9857,46444,140442,103415000.0,21342,156143,30732,181796346
1391,2.1102,199912,14442,40528,11080,0,1952,1340,346.5,130217,0.9847,46725,143486,116306000.0,21671,175219,29034.8,183586897
1401,2.109,199905,14478,40989,11133,0,1949,1328,343.0,131116,0.9839,46539,149367,103871000.0,21918,163413,29435.8,184418319
1412,2.1576,199911,14573,41493,11174,0,1944,1319,312.2,132031,0.9833,46785,146184,107560000.0,22135,188432,24451.7,185305873
1433,2.122,199859,14715,42523,11256,0,1931,1306,326.3,133540,0.9858,46895,155328,112490000.0,22635,169967,24520.5,187744894
1443,2.2509,199831,14788,43035,11288,0,1935,1293,332.0,134306,0.9858,46682,145664,113352000.0,22640,180547,31766.2,188748863
1463,2.1914,199856,14939,44017,11377,0,1921,1289,334.8,135967,0.9854,46725,164733,121079000.0,23195,186809,28365.8,190639845
1473,2.2568,199808,14962,44497,11426,0,1902,1298,310.8,137037,0.9854,46899,147869,104991000.0,23428,215471,26444.7,191637418
1482,2.247,199859,15031,44894,11449,0,1897,1289,304.7,137811,0.985,46696,147489,104476000.0,23627,178789,29516.4,192556631
1493,2.2117,199834,15103,45460,11478,0,1903,1269,300.8,138576,0.9848,46532,140410,108162000.0,23877,215458,32633.8,193510640
1514,2.317,199733,15169,46511,11575,0,1890,1264,318.0,140388,0.9838,46607,132458,96394400.0,24382,152801,24516.3,195286590
1525,2.2429,200000,15287,47093,11632,0,1883,1262,328.4,141924,0.9866,46704,129514,92536500.0,24685,169679,23461.5,196840843
1535,2.2285,200000,15388,47612,11677,0,1881,1248,321.9,142677,0.9866,46577,150771,108999000.0,24944,183005,28600.7,197826148
1555,2.3485,199742,15361,48597,11731,0,1875,1248,332.6,143580,0.9853,46734,136497,108560000.0,25160,184845,27751.1,199562412
1565,2.3416,199703,15412,49168,11781,0,1870,1232,306.8,144808,0.9845,46928,140277,102831000.0,25441,161213,26608.5,200380298
1575,2.2324,200000,15489,49648,11830,0,1865,1216,286.8,145716,0.9836,47098,139866,101392000.0,25976,168787,32467.7,201915428
1585,2.3251,200000,15519,50160,11876,0,1856,1203,329.5,146949,0.9866,46983,148645,111392000.0,25998,161195,25923.1,202893596
1595,2.5002,200000,15544,50664,11912,0,1860,1183,319.2,148028,0.9853,47071,137983,104238000.0,26265,181231,28662.2,203687786
1615,2.4142,200000,15639,51703,11968,0,1856,1179,357.6,149886,0.9871,47301,136986,106568000.0,26596,168733,24575.8,206025227
1625,2.3855,200000,15674,52202,12019,0,1848,1165,325.5,150949,0.9864,47384,146545,106201000.0,26855,168725,28191.7,206877877
1635,2.3465,200000,15676,52682,12065,0,1839,1156,322.0,151859,0.9856,47309,143514,106332000.0,27090,186040,28817,207698374
1655,2.4371,200000,15799,53638,12118,0,1833,1148,325.3,153397,0.9874,47448,138176,98870000.0,27592,181722,25057.9,210059917
1665,2.3739,200000,15818,54150,12163,0,1829,1150,370.6,154787,0.9865,47326,140184,103840000.0,27617,183798,27834.8,210855060
1675,2.3039,200000,15828,54677,12210,0,1824,1134,333.8,155697,0.9858,47397,135208,103051000.0,27908,198001,29182.9,211702176
1695,2.3426,200000,15913,55674,12256,0,1820,1132,372.9,157565,0.9875,47456,122968,92768500.0,28162,145865,23701.8,214060977
1705,2.5015,200000,15955,56153,12301,0,1821,1119,360.4,158633,0.9867,47404,141174,104731000.0,28388,166079,27977.3,214885201
1715,2.4304,200000,16000,56720,12340,0,1813,1114,326.4,159550,0.986,47607,141866,104753000.0,28705,173867,31336.2,215721122
1725,2.3822,200000,16023,57256,12371,0,1807,1105,319.7,160313,0.9857,47353,154311,120271000.0,28991,182956,30525.2,216644152
1735,2.4274,200000,16074,57801,12397,0,1815,1088,313.2,161084,0.988,47278,142840,109293000.0,29290,171357,30148.2,218144621
1755,2.3398,200000,16080,58879,12475,0,1815,1079,351.4,163083,0.987,47269,135927,103857000.0,29680,206214,26085.7,219902957
1765,2.4092,200000,16110,59362,12518,0,1810,1074,326.5,164151,0.9861,47500,133985,97862900.0,29885,168517,26017.2,220689031
1785,2.3829,200000,16209,60350,12587,0,1805,1069,365.8,166155,0.9873,47572,131569,92319100.0,30118,167122,24198.6,222938833
1795,2.4149,200000,16211,60843,12631,0,1794,1067,331.5,167228,0.9864,47724,139381,100851000.0,30362,175063,27458.6,223723217
1815,2.4773,200000,16363,61859,12680,0,1785,1073,342.8,168779,0.9879,47810,136246,103199000.0,30875,215232,23026,226042147
1825,2.472,200000,16363,62378,12730,0,1769,1093,345.7,170326,0.9868,47846,130908,96699200.0,30903,160788,28103.8,226783229
1845,2.547,200000,16392,63379,12782,0,1763,1082,381.3,172189,0.9876,47788,133473,104379000.0,31195,158304,27037.6,228960649
1855,2.5268,200000,16398,63898,12837,0,1754,1086,345.5,173410,0.9863,47836,116453,80274300.0,31468,201193,24550.6,229643320
1875,2.4982,200000,16528,64899,12892,0,1746,1083,380.0,175431,0.9877,47898,138503,104342000.0,31756,162578,23572.1,231963634
1905,2.4434,199973,16624,66365,12993,0,1748,1051,375.3,178201,0.9878,47905,141502,99178100.0,32260,162425,23955.5,234957344
1915,2.5786,199965,16619,66866,13047,0,1746,1039,337.6,179581,0.9872,48018,129924,90738000.0,32527,192066,26271.9,235809097
1926,2.5324,199923,16614,67398,13080,0,1747,1031,327.2,180348,0.9886,47820,127507,92581200.0,32773,156984,24018.6,237139260
1948,2.6391,199829,16675,68456,13142,0,1743,1019,368.9,182683,0.9891,48273,131503,102403000.0,32996,184035,26408.7,239246484
1956,2.5229,199904,16725,68863,13170,0,1742,1013,339.4,183451,0.9888,48249,134906,92512300.0,33312,175777,22776.2,240177834
1966,2.4508,199927,16736,69355,13203,0,1743,1004,383.7,184538,0.988,48130,126655,99118700.0,33276,197717,26945.7,240973585
1976,2.5203,199916,16753,69827,13239,0,1730,1012,347.2,185780,0.9869,48403,132068,104737000.0,33496,185335,30914.9,241710699
1997,2.5738,199834,16850,70908,13284,0,1732,1003,350.5,187334,0.9884,48476,136473,96819700.0,33955,164981,27471.9,244050600
2007,2.5553,199854,16869,71386,13337,0,1723,1010,348.5,188876,0.9868,48522,134094,101538000.0,34032,193434,30150.5,244669984
2020,2.5685,199755,16880,72053,13361,0,1723,993,331.2,189651,0.9893,48160,149294,120914000.0,34341,181763,27725.4,246271059
2038,2.6153,199806,16905,72963,13413,0,1723,988,365.7,191516,0.9882,48326,139081,109678000.0,34618,197459,26685,247989677
2048,2.6102,199810,16901,73479,13451,0,1727,980,331.3,192756,0.9873,48385,134351,96230900.0,34873,203377,26033.2,248765006
2070,2.5841,199758,16933,74519,13489,0,1729,971,370.5,194478,0.9882,48410,132676,104349000.0,35094,197934,28002.4,250973654
2079,2.5983,199815,16950,74917,13538,0,1726,970,355.5,195868,0.9871,48326,123755,88361300.0,35327,175895,28362.2,251681933
2090,2.6279,200000,17020,75438,13567,0,1723,963,358.9,196958,0.9896,48602,135343,108319000.0,35484,171591,26987,253329251
2110,2.6628,199757,17009,76451,13619,0,1724,955,359.8,198824,0.9876,48705,126528,98810300.0,35769,168168,26656.1,254804075
2120,2.7616,199731,17049,76988,13646,0,1716,950,339.0,199754,0.9892,48714,139421,99991000.0,36032,173919,24473.9,256208294
2130,2.6206,199740,17080,77504,13675,0,1709,953,339.9,201002,0.9881,48800,128736,101763000.0,36076,172910,29540.1,256918908
2140,2.7283,200000,17151,77966,13714,0,1713,936,375.2,202561,0.9899,48657,130114,102573000.0,36337,224205,26426.5,258377047
2160,2.7269,200000,17178,78980,13800,0,1710,931,381.2,204392,0.9877,48998,112343,82925000.0,36834,170186,25806,259849169
2170,2.7608,200000,17213,79481,13829,0,1708,928,372.6,205640,0.9896,48939,139290,111272000.0,36854,188658,28522.4,261349479
2190,2.6967,200000,17289,80548,13904,0,1712,913,373.0,207483,0.9884,48987,120046,88529000.0,37412,216707,24269.8,263048397
2200,2.8118,200000,17386,81059,13921,0,1710,920,400.7,208586,0.9898,48853,123654,102782000.0,37427,239658,29310.4,264440946
2210,2.6161,200000,17424,81581,13966,0,1709,915,358.3,209820,0.9896,48763,123940,109252000.0,37708,261844,29059.2,265381617
2220,2.6217,200000,17501,82076,13989,0,1702,922,324.0,210596,0.9888,48766,133750,111521000.0,37969,209992,29058.5,266161195
2240,2.6649,200000,17566,83095,14037,0,1706,908,354.5,212787,0.9895,48638,118353,97507200.0,38284,211939,27966.9,268341832
2250,2.6101,200000,17576,83586,14069,0,1695,922,322.7,213714,0.9886,48660,137776,110034000.0,38529,199671,28076,269095588
2260,2.6804,200000,17621,84082,14085,0,1697,911,312.7,214498,0.9901,48633,134662,102137000.0,38776,200328,26676.5,270492372
2280,2.7877,200000,17672,85105,14130,0,1696,908,357.8,216692,0.9894,48487,133304,101060000.0,39068,170684,26808.3,272286590
2290,2.8411,200000,17746,85596,14150,0,1698,902,336.5,217631,0.9881,48481,124994,83802800.0,39308,189941,24758.3,272918272
2300,2.6728,200000,17762,86111,14187,0,1693,899,341.3,219194,0.9895,48700,123352,96701300.0,39306,172741,24834,274286062
2310,2.7284,200000,17793,86578,14208,0,1692,895,336.4,219972,0.9888,48554,133140,102188000.0,39485,195148,27447.2,275103693
2330,2.7339,200000,17936,87620,14254,0,1688,892,379.4,222005,0.9898,48690,126333,97524700.0,39773,182171,20221.2,277353695
2340,2.8142,200000,17973,88154,14299,0,1682,895,342.8,223079,0.9887,48855,118134,80890100.0,40059,222521,25726.1,278038829
2360,2.7874,200000,18063,89151,14360,0,1681,886,386.1,225418,0.9893,48695,127669,94169900.0,40280,165874,26865.1,280212753
2370,2.6466,200000,18088,89639,14380,0,1677,881,351.1,226198,0.9888,48807,132676,98071200.0,40471,195263,27254,281040427
2390,2.7987,200000,18090,90656,14453,0,1678,869,395.4,228524,0.9896,48969,131235,99314600.0,40723,171873,26920.2,283257402
2400,2.7999,200000,18131,91145,14475,0,1666,874,349.4,229302,0.9885,48975,139492,95802800.0,40985,192644,29297.7,283947193
2420,2.758,200000,18178,92104,14535,0,1666,878,389.4,231642,0.9896,48785,136267,110185000.0,41181,219531,29038.2,286242943
2430,2.7496,200000,18236,92578,14553,0,1661,878,362.1,232424,0.9908,48854,126726,89254400.0,41400,163953,25478.7,287589271
2440,2.8239,200000,18298,93082,14574,0,1656,887,399.6,233683,0.9901,48748,131694,103769000.0,41379,193949,26270.6,288392497
2450,2.7846,200000,18290,93539,14610,0,1656,886,358.3,234767,0.9892,49036,115683,86859300.0,41593,215069,25907.3,289112799
2460,2.8096,200000,18301,94034,14628,0,1661,875,339.1,235548,0.9905,49018,122313,98539100.0,41832,186218,22739.5,290507228
2480,2.8764,199997,18306,95012,14696,0,1659,870,407.6,238355,0.9901,49088,116698,89588400.0,41864,177362,23014.1,292379525
2490,2.8128,199979,18283,95479,14736,0,1656,874,362.8,239435,0.9891,49289,147054,103446000.0,42098,202432,29685.5,293081661
2500,2.8419,199985,18294,95968,14750,0,1657,865,343.0,240220,0.9902,49379,130808,106705000.0,42330,184691,21964.3,294380134
2510,2.6638,199975,18302,96418,14789,0,1654,868,387.2,241781,0.9893,49291,119092,86064000.0,42268,164441,24725.7,295130592
2531,2.9416,199937,18310,97458,14855,0,1652,869,427.3,243955,0.9899,49432,129882,102591000.0,42483,180689,25787.3,297276797
2542,2.8318,199901,18362,97970,14883,0,1658,858,377.0,244886,0.9911,49553,134961,90842100.0,42703,196932,29043.9,298644336
2564,2.7674,199851,18316,99037,14931,0,1646,867,409.1,247233,0.9912,49611,126468,92928900.0,42969,184595,25688.4,300664600
2572,2.8374,199869,18349,99410,14945,0,1648,855,373.2,248019,0.9907,49326,129112,93193900.0,43174,187669,23625.5,301519879
2582,2.8176,199885,18351,99908,14979,0,1645,853,380.6,249585,0.9896,49610,120349,92724700.0,43077,179641,24824,302183148
2603,2.8349,199850,18407,100928,15006,0,1643,855,414.0,251157,0.9904,49464,127473,99491600.0,43244,187606,27096.7,304408735
2614,2.9193,199802,18436,101455,15041,0,1636,862,372.5,252721,0.9914,49474,129803,94611500.0,43462,202395,25585.7,305700392
2635,2.8724,199774,18553,102435,15090,0,1624,874,431.3,255071,0.9915,49813,117092,86858200.0,43840,160638,21934.6,307726940
2645,2.8697,200000,18566,102916,15127,0,1629,872,422.3,256634,0.9903,49683,124192,90351900.0,43808,156650,23681.9,308512575
2655,2.825,200000,18564,103408,15161,0,1628,867,408.5,257880,0.9912,49841,116156,88968300.0,43828,169785,24526,309796847
2665,2.9141,200000,18567,103846,15192,0,1622,868,368.5,258967,0.9904,50028,127138,95289000.0,43999,195333,23401.5,310525512
2675,3.0202,200000,18624,104285,15209,0,1620,867,392.2,259908,0.9912,49847,118751,84966300.0,43935,188963,21182.4,311781902
2685,3.0169,200000,18579,104762,15255,0,1622,862,371.1,261302,0.9905,49825,116937,91463400.0,44160,211062,29228.7,312608693
2705,2.8338,200000,18649,105749,15298,0,1627,854,405.2,263338,0.991,50075,128066,108523000.0,44413,224276,22966.8,314820406
2715,2.9141,200000,18657,106218,15334,0,1620,867,366.5,264421,0.9903,50019,115946,80033400.0,44597,211119,25149.7,315578390
2735,2.9749,200000,18720,107123,15387,0,1620,864,405.3,266767,0.9906,50135,120376,91828300.0,44745,183954,23503,317648116
2745,2.8772,200000,18765,107615,15402,0,1619,858,374.5,267551,0.9916,50042,126778,90900100.0,44984,176300,25791.3,318978769
2755,2.805,200000,18770,108090,15415,0,1617,863,368.8,268658,0.9911,50299,128405,101151000.0,44954,182618,25613.9,319808345
2765,2.77,200000,18752,108536,15458,0,1614,869,354.3,269894,0.9904,50126,132617,97160100.0,45157,183134,25481.5,320583660
2785,2.8615,200000,18823,109499,15512,0,1617,866,394.4,271919,0.991,50246,125090,96059700.0,45335,170908,25814.9,322772165
2795,3.0004,200000,18790,109971,15549,0,1609,873,354.7,273002,0.9901,50498,131085,97043100.0,45559,209631,28646.7,323478373
2815,2.9478,200000,18829,110904,15588,0,1603,876,384.7,275043,0.991,50682,120695,91645900.0,45754,183107,27221.2,325758036
2825,2.9173,200000,18841,111369,15628,0,1604,874,347.8,276123,0.9905,50735,140822,104596000.0,45963,196754,27539.9,326581260
2835,2.9374,200000,18848,111834,15650,0,1605,876,369.5,277221,0.991,50274,126064,93378900.0,45974,180462,23459.2,327770248
2855,2.8453,200000,18783,112831,15691,0,1604,873,369.8,279258,0.9913,50455,129127,105184000.0,46466,197558,20714.2,329869098
2865,2.9252,199987,18775,113334,15739,0,1605,874,370.9,280809,0.9904,50487,111775,82755800.0,46468,220878,25981.7,330550583
2875,3.0319,200000,18752,113835,15769,0,1596,875,393.7,282378,0.9909,50162,119463,90280200.0,46491,191879,21720.9,331710894
2897,2.9666,199898,18786,114914,15799,0,1590,882,418.8,284428,0.9909,50556,124728,99070500.0,46748,186068,25078.6,333701054
2906,3.0178,199930,18795,115320,15833,0,1593,879,382.7,285513,0.992,50584,113958,75621700.0,46990,169273,25476.8,335073767
2916,2.9974,199913,18772,115818,15863,0,1591,884,422.4,286922,0.9911,50491,131068,105246000.0,46944,214105,27314.7,335771779
2928,2.9661,199843,18754,116416,15882,0,1587,886,372.8,287863,0.992,50557,129396,101986000.0,47207,216638,26839.3,337071107
2936,2.9287,199931,18765,116809,15895,0,1582,892,347.4,288650,0.9914,50633,126391,96192100.0,47452,194389,24379.5,337875850
2957,3.0786,199885,18742,117878,15957,0,1591,884,416.9,291467,0.9911,50746,117699,93256500.0,47525,192824,24852.2,339755884
2968,3.1588,199846,18745,118429,15982,0,1589,883,368.9,292561,0.9904,50660,132987,98717400.0,47785,202176,30774.2,340511827
2989,3.0221,199811,18811,119460,16030,0,1588,879,404.1,294753,0.9911,50785,120755,96624500.0,48000,168292,25791.1,342773013
3000,2.9454,200000,18866,119990,16056,0,1584,887,402.8,296327,0.9923,50934,120980,90441800.0,48182,178572,24003.8,344200048
3008,3.0086,199794,18853,120351,16066,0,1585,883,368.0,296636,0.9913,50551,117272,80667800.0,48140,170229,22154.1,344830971
3020,2.9916,199772,18850,120932,16094,0,1586,875,355.1,298048,0.9906,50513,136313,106224000.0,48382,190864,30803.7,345594730
3040,2.9938,200000,18892,121991,16158,0,1577,881,426.5,301023,0.9923,50610,110326,83211000.0,48676,168256,19291,348209119
3050,3.031,199760,18887,122509,16164,0,1574,881,342.3,301177,0.9911,50441,101595,53464200.0,48954,240011,25538.9,348768922
3060,3.0577,200000,18892,123019,16200,0,1565,887,376.9,303220,0.9924,50653,120901,96694500.0,48992,190416,26583.8,350236825
3069,3.1299,199736,18876,123493,16212,0,1563,885,303.3,303527,0.9917,50684,172638,64160700.0,49250,153678,24239.7,350986499
3080,3.0324,200000,18905,124064,16252,0,1554,898,339.1,305087,0.9925,50626,125818,96625800.0,49545,180129,26248.8,352334278
3100,2.9825,200000,18854,125159,16319,0,1542,914,409.9,307900,0.9919,50651,119519,92670800.0,49721,182508,22948.3,354217271
3110,3.1465,200000,18835,125662,16351,0,1538,911,378.6,308987,0.9925,50643,129789,93753300.0,49988,189721,24442.1,355432325
3120,3.0175,200000,18856,126192,16376,0,1540,912,361.6,309761,0.9923,50654,112990,86737400.0,50261,176667,25402.7,356347089
3130,3.0699,200000,18838,126705,16400,0,1533,914,359.7,311337,0.9912,50726,123542,99061400.0,50254,234610,25050.7,356950843
3150,3.0953,200000,18878,127700,16453,0,1537,907,409.3,313683,0.9916,50927,120844,90328800.0,50456,191767,21558.7,359090052
3160,3.1,200000,18858,128210,16473,0,1542,902,420.5,314623,0.9925,50553,123404,93517000.0,50486,176502,27046.1,360402065
3170,3.1484,200000,18870,128734,16502,0,1539,899,374.2,316034,0.9916,50628,115272,85026300.0,50768,185840,21959.8,361071979
3180,3.0396,200000,18894,129245,16525,0,1538,893,342.9,316811,0.9925,50787,105274,81062900.0,51049,158437,19902.7,362386271
3190,3.0685,200000,18895,129781,16569,0,1539,881,397.7,318367,0.9916,50531,114012,84268100.0,51072,183161,25145.3,363056067
3210,3.1509,200000,18901,130792,16629,0,1530,892,432.4,320707,0.9918,50683,122514,99100100.0,51311,174327,25552.7,365142967
3220,3.1213,200000,18904,131306,16653,0,1524,891,380.1,321483,0.9928,50845,137727,100134000.0,51582,232247,25301.7,366501759
3240,2.9747,200000,18891,132317,16696,0,1519,882,384.4,323040,0.9924,50952,142749,110934000.0,52044,194089,25317.3,368342890
3250,3.0982,200000,18889,132794,16733,0,1514,880,384.5,324602,0.9917,50750,120178,93868800.0,51973,210225,26938.1,369064246
3270,3.1318,200000,18873,133864,16796,0,1514,878,422.7,326939,0.9917,50937,112008,85676600.0,52283,170712,22831.7,371088248
3280,3.0725,200000,18878,134358,16815,0,1509,876,437.1,328200,0.9923,50573,116681,89112800.0,52282,199114,23967.6,372301866
3290,3.2732,200000,18871,134861,16847,0,1507,866,390.0,329288,0.9915,50549,107471,77337500.0,52509,202502,22975.2,372979945
3320,3.1996,199971,18879,136442,16932,0,1508,859,401.1,333202,0.9917,50742,119121,84605800.0,52856,168163,23092.2,376074137
3341,3.0186,199945,18909,137537,16981,0,1499,867,431.0,335553,0.9917,51138,119044,85220200.0,53150,177504,23055.7,378039902
3351,3.2833,199956,18940,138046,16991,0,1502,856,392.9,336343,0.9927,51067,122377,93154300.0,53414,253109,24204.8,379440619
3361,3.1362,199951,18949,138576,17030,0,1495,861,432.6,337904,0.9918,51038,113556,91452200.0,53422,215520,24344.3,380100353
3371,3.0335,199907,18928,139082,17048,0,1495,860,400.1,338686,0.9927,51175,113519,93828900.0,53645,216401,25498.8,381420560
3383,3.1507,199836,18901,139727,17077,0,1500,850,389.1,340256,0.9917,51470,112644,88994000.0,53707,194924,23416.7,382025375
3391,3.183,199919,18888,140141,17113,0,1500,841,408.4,341820,0.9919,51448,114122,84875000.0,53758,166606,22230.1,383135758
3413,3.139,199836,18938,141314,17159,0,1492,846,442.6,344014,0.9921,51643,104330,79828400.0,54053,162048,21231.2,385205293
3422,3.0395,199894,18902,141761,17189,0,1483,851,404.7,344944,0.9926,51705,117257,83219500.0,54333,178208,21864.9,386389254
3433,3.1399,199830,18887,142344,17212,0,1482,847,404.0,346520,0.9917,51915,107815,81277100.0,54291,197197,24640.1,387024933
3455,3.2634,199711,18905,143482,17260,0,1484,846,431.1,348712,0.9932,52017,124513,96063300.0,54545,213006,25288.1,389634922
3464,3.3538,199746,18923,143942,17284,0,1476,852,394.9,349648,0.9927,51815,105012,73757100.0,54838,181898,24805.1,390404584
3475,3.1444,199723,18968,144528,17303,0,1482,844,390.4,351069,0.9933,51944,131507,107344000.0,54849,196306,27488.7,391647657
3484,3.2312,199775,18956,145032,17327,0,1480,842,359.2,352005,0.9924,51903,104963,81610400.0,55168,175383,20457.2,392300021
3505,3.2278,199735,19004,146108,17376,0,1482,847,399.9,354355,0.9924,51926,0,0,55455,193362,23421.4,394303559
3515,3.2313,199739,19007,146645,17410,0,1482,849,394.6,355921,0.9929,52141,113512,88461200.0,55477,237848,23425.7,395488802
3524,3.3307,199800,19049,147114,17436,0,1481,845,410.3,357335,0.992,51858,114450,92199100.0,55531,176926,27739.6,396131543
3535,3.199,199745,19058,147687,17448,0,1487,839,378.8,358282,0.9929,52031,137046,114158000.0,55790,202234,23891.2,397511502
3555,3.2854,200000,19189,148744,17527,0,1478,841,452.1,361403,0.992,52114,115235,86482200.0,56166,189593,24532.4,399161297
3565,3.2132,200000,19164,149256,17564,0,1483,831,436.3,362965,0.9929,52440,119533,93756700.0,56174,190320,22381.4,400553375
3575,3.2103,200000,19214,149787,17580,0,1477,838,397.3,363749,0.9921,52057,122050,85590700.0,56460,185176,28845.6,401205013
3585,3.2415,200000,19200,150340,17610,0,1482,833,386.0,365318,0.9928,52240,126317,101527000.0,56557,213310,23914.6,402504434
3595,3.166,200000,19285,150859,17621,0,1484,831,356.8,366106,0.9933,52356,104982,83366100.0,56825,241097,21730,403732694
3615,3.3011,200000,19331,151902,17679,0,1489,819,433.6,368928,0.9929,52617,109960,90157700.0,56890,217697,21222.1,405627824
3625,3.1635,200000,19373,152439,17698,0,1490,814,392.5,370028,0.9934,52413,108435,74543400.0,57199,191499,22898.3,406837183
3635,3.3499,200000,19437,152960,17730,0,1488,820,385.6,371596,0.9924,52743,111647,89123100.0,57237,197544,22408.5,407449934
3645,3.3314,200000,19459,153470,17756,0,1486,819,410.0,373010,0.9928,52533,113119,84884100.0,57276,149200,23123.9,408593290
3655,3.192,200000,19503,153998,17781,0,1479,828,375.2,373944,0.9933,52555,116809,87333800.0,57580,181410,23060.3,409776755
3675,3.2656,200000,19570,155026,17841,0,1477,826,408.1,376283,0.9933,52805,104430,79160800.0,57874,245192,24490.5,411772775
3685,3.2662,200000,19611,155542,17869,0,1475,826,427.6,377855,0.9933,52935,114945,89630000.0,57887,172205,19290.7,412804770
3695,3.1926,200000,19663,156057,17891,0,1471,827,409.6,379433,0.9936,53149,108159,83564200.0,57946,210731,25799.8,413918786
3705,3.3343,200000,19710,156586,17907,0,1467,824,429.9,380697,0.9929,52821,112452,86440500.0,57962,180127,20907.8,414632030
3715,3.1165,200000,19721,157094,17932,0,1465,824,399.5,381792,0.9933,52989,115615,89313400.0,58206,181246,21784,415767734
3725,3.2879,200000,19721,157615,17958,0,1457,831,414.5,383366,0.9936,52847,105311,83017500.0,58288,192828,24953.8,416912715
3745,3.3568,200000,19746,158686,18013,0,1449,840,436.9,385711,0.9937,53144,110329,90131200.0,58627,190715,22952.9,418943849
3755,3.2331,200000,19789,159228,18032,0,1451,834,442.5,386812,0.9935,52935,117916,89191600.0,58699,209021,25505.5,419859213
3765,3.373,200000,19769,159763,18061,0,1450,831,403.8,388062,0.9937,53120,116693,88032900.0,58985,224684,21201.7,420952390
3775,3.3615,200000,19749,160359,18086,0,1451,824,399.0,389477,0.993,53197,103218,85731700.0,59096,243142,26027.4,421655097
3795,3.1273,200000,19835,161422,18128,0,1446,825,389.4,391192,0.9931,53274,115484,83000100.0,59676,174399,19396.8,423677013
3805,3.4167,200000,19852,161961,18158,0,1442,827,409.0,392762,0.9933,52881,103752,77986000.0,59752,185614,25685.9,424738477
3815,3.3533,200000,19884,162460,18184,0,1447,818,392.7,394336,0.9936,52964,112138,90769200.0,59779,181833,20361.2,425897023
3825,3.2276,200000,19904,162987,18222,0,1451,805,425.3,395898,0.9926,52728,104590,79198000.0,59824,184857,23627.7,426457763
3846,3.2166,199951,19935,164087,18257,0,1443,810,432.3,398263,0.9938,53045,123024,98544000.0,60199,238316,23587.8,428989000
3856,3.3857,199935,19948,164607,18279,0,1447,806,409.8,399841,0.9926,53124,109669,81515900.0,60271,258558,23128.3,429459441
3865,3.321,199957,19945,165079,18294,0,1444,802,420.5,400626,0.9932,52858,111660,83280300.0,60317,145301,19828.1,430723163
3887,3.3377,199898,19883,166252,18362,0,1442,799,444.4,403757,0.9928,52931,115876,95017300.0,60651,200894,26681.9,432539908
3897,3.44,199903,19921,166733,18379,0,1436,799,459.4,405020,0.9931,52689,113660,89798800.0,60654,203084,22022.7,433680958
3907,3.1954,199907,19905,167268,18412,0,1437,788,417.6,406107,0.9935,52905,110616,87534700.0,60964,192239,22555.8,434859104
3918,3.2929,199857,19933,167839,18436,0,1435,786,400.3,407683,0.9938,53000,109195,86921500.0,61008,215117,23125.7,435991313
3927,3.1674,199907,19966,168304,18457,0,1438,783,403.9,408942,0.9929,52853,114005,88583900.0,61088,237315,26836.7,436598564
3949,3.2597,199774,19936,169478,18504,0,1432,783,438.2,410814,0.9931,53031,102376,93354300.0,61396,245540,22243.6,438685221
3958,3.2813,199848,19939,169965,18531,0,1431,788,401.8,412386,0.9933,52939,106503,76900000.0,61723,184298,22572.2,439766251
3968,3.3945,199770,19943,170555,18567,0,1434,783,389.2,413950,0.9925,53163,109106,86355500.0,61789,261300,31658,440383825
3978,3.3586,199820,19953,171036,18585,0,1428,779,359.5,414731,0.9931,53049,124641,121219000.0,62099,168367,20725.1,441689678
3990,3.2151,199754,19950,171671,18616,0,1428,771,387.1,416300,0.9938,52813,106688,81292900.0,62192,197186,21803.8,442980673
4000,3.135,199726,19942,172225,18624,0,1427,767,363.5,417092,0.9941,53008,109055,83921500.0,62452,198152,26368.8,444099809
4020,3.2016,200000,19964,173275,18694,0,1417,775,456.3,421022,0.9938,53345,114104,88224700.0,62611,227940,22642.5,446013974
4030,3.0506,200000,20031,173815,18712,0,1418,776,416.3,421804,0.9941,53158,120709,95119400.0,62911,195518,24411.8,447189325
4050,3.3198,200000,20084,174951,18750,0,1416,779,401.8,424325,0.9938,53429,112788,93988400.0,63117,164051,21825.8,449209650
4060,3.3962,200000,20082,175508,18777,0,1413,779,377.3,425736,0.993,53230,122179,90380100.0,63410,210316,24963.1,449863546
4070,3.2325,200000,20091,176077,18793,0,1410,776,337.9,426520,0.9938,53410,108242,95596100.0,63729,201453,26080.5,451200735
4090,3.3935,200000,20085,177189,18833,0,1408,777,404.9,429360,0.9935,53350,104112,92190500.0,63855,271294,29695.3,453108434
4100,3.1982,200000,20084,177728,18859,0,1408,779,360.4,430454,0.9931,53279,133436,106422000.0,64157,250128,23651.6,453912572
4110,3.3142,200000,20098,178256,18883,0,1403,780,345.0,431230,0.9935,53138,106528,92257100.0,64421,192886,21316.7,455110660
4131,3.3822,199941,20074,179336,18935,0,1403,780,419.6,434377,0.9933,53348,116749,95437800.0,64465,173243,24538.8,457000553
4141,3.2606,199933,20055,179876,18955,0,1402,782,417.6,435637,0.9936,53126,114567,88943700.0,64534,194884,25515.6,458177617
4151,3.2093,199941,20031,180377,18981,0,1402,778,372.4,436731,0.9941,53347,122906,111285000.0,64810,212308,23555,459412079
4161,3.1671,199933,20054,180899,19001,0,1403,773,401.3,437991,0.9934,53011,110555,87422500.0,64834,183435,23969.9,460063614
4172,3.1651,199907,20065,181435,19023,0,1408,768,370.9,439089,0.9938,52999,111792,84420800.0,65083,188208,23060.5,461275059
4192,3.2591,199880,20090,182449,19053,0,1408,767,444.1,441939,0.9933,53373,102345,82417700.0,65089,185392,20058,463039374
4203,3.3816,199834,20099,183030,19082,0,1403,768,407.9,443029,0.994,53225,105942,76691100.0,65351,154541,20640.9,464339158
4213,3.6148,199837,20123,183576,19104,0,1408,761,432.7,444606,0.9941,53421,110373,81489300.0,65372,216947,22021.7,465416292
4221,3.3995,199894,20165,184043,19134,0,1410,760,455.7,446176,0.9934,53472,110728,90927000.0,65402,194529,24407.7,466044851
4233,3.3261,199876,20217,184569,19147,0,1408,759,411.5,446963,0.9941,53317,109173,92128900.0,65673,218085,24499.3,467394370
4243,3.4446,199792,20298,185095,19172,0,1409,761,400.7,448378,0.9934,53550,113201,99393700.0,65668,200701,26272.6,468084512
4252,3.3338,199849,20305,185569,19188,0,1407,764,370.0,449322,0.9936,53401,110143,84795900.0,65955,189274,21024,469146304
4275,3.318,200000,20407,186722,19242,0,1403,763,473.4,452948,0.9943,53776,106248,89886200.0,66018,226193,21600.8,471560045
4284,3.3435,199808,20405,187155,19255,0,1404,764,422.4,453895,0.9934,53429,99564.9,76147400.0,66031,216627,24328.6,472109025
4295,3.3299,200000,20462,187708,19283,0,1399,771,415.2,455307,0.9944,53497,118962,103487000.0,66254,241686,26234.6,473591654
4315,3.3238,200000,20507,188811,19341,0,1394,770,412.4,457169,0.9933,53322,112493,84386200.0,66820,192250,23036.5,475095162
4325,3.3685,200000,20502,189283,19369,0,1398,769,378.8,458741,0.9934,53087,105471,79582700.0,66774,179103,23120.1,476277331
4335,3.436,200000,20499,189782,19385,0,1393,776,349.5,459525,0.9943,53230,127463,104441000.0,67013,171038,22583.1,477715966
4356,3.2961,199945,20506,190862,19436,0,1384,787,404.3,461874,0.9941,53300,102508,98418300.0,67253,175077,21056.5,479725761
4365,3.0144,199956,20546,191318,19459,0,1385,794,422.0,463451,0.9933,53148,114338,88995400.0,67254,202220,27024.2,480361149
4376,3.4076,199895,20530,191889,19480,0,1389,785,397.3,464230,0.9943,53111,112255,95213100.0,67479,202716,23160.2,481847307
4386,3.2986,199915,20529,192397,19500,0,1386,780,437.7,465490,0.9938,53126,104912,94392300.0,67445,238867,24831.5,482571550
4396,3.3209,199952,20502,192921,19522,0,1380,788,405.2,466587,0.9944,53286,115193,96666300.0,67717,230286,24412.8,483861461
4408,3.5536,199826,20524,193566,19547,0,1382,782,396.3,468001,0.9936,53236,102822,86767200.0,67730,215550,22898.3,484496930
4417,3.3078,199907,20572,194010,19575,0,1375,779,370.2,468933,0.994,53275,105182,78109900.0,68019,172932,21873.2,485677822
4439,3.2139,199803,20600,195147,19630,0,1367,783,450.1,472078,0.9935,53634,91993.5,73174100.0,68007,173546,22066.4,487417309
4448,3.2803,199771,20611,195640,19648,0,1363,782,411.8,472860,0.9943,53192,107978,87136300.0,68255,199333,21493.7,488817467
4459,3.4793,199749,20590,196279,19686,0,1361,784,405.7,474422,0.9934,53519,111650,91535800.0,68323,183917,25161.3,489408472
4468,3.4722,199869,20621,196651,19691,0,1355,783,412.7,475537,0.9937,53355,104912,81189800.0,68310,177838,19609.9,490551979
4489,3.3269,199819,20641,197713,19741,0,1348,787,446.8,478047,0.9938,53543,103680,84464700.0,68550,176775,21127.8,492588499
4500,3.2993,200000,20704,198309,19786,0,1350,784,434.2,479922,0.9945,53880,112754,87298400.0,68808,183359,24238.3,493921400
4517,3.2741,199856,20664,199153,19817,0,1347,782,417.2,481491,0.9941,53702,104686,81579600.0,69004,212618,21019.6,495734652
4530,3.3767,200000,20743,199825,19851,0,1343,782,451.5,483537,0.9945,53818,104208,83696100.0,69033,182839,24300.7,496945055
4539,3.3025,199751,20679,200300,19863,0,1340,784,363.3,483845,0.9939,53742,98733.1,52726300.0,69296,187607,20224.2,497649046
4560,3.2782,200000,20736,201378,19918,0,1341,774,441.9,486990,0.9947,53666,114435,92443100.0,69586,194732,24068.2,500103481
4570,3.1568,200000,20759,201867,19947,0,1339,772,455.3,488561,0.994,53610,107858,85891600.0,69550,250055,22658.4,500763692
4580,3.3405,200000,20808,202374,19967,0,1338,771,434.3,489341,0.9945,53684,108652,91826400.0,69580,202084,23915.9,502100141
4590,3.2774,200000,20801,202862,19987,0,1342,768,390.3,490920,0.9939,54004,123881,95426700.0,69780,192424,23213.7,502795266
4600,3.1901,200000,20831,203400,20003,0,1333,773,413.8,492024,0.9944,53867,101166,84561600.0,69803,207241,23703,504052601
4610,3.3129,200000,20811,203908,20037,0,1331,767,388.8,493270,0.9945,54016,101359,81546600.0,70044,233666,19711.8,505103330
4630,3.4228,200000,20906,204933,20066,0,1322,775,417.6,495641,0.9945,54221,123990,106898000.0,70322,187236,23033.7,507095801
4640,3.1931,200000,20889,205416,20092,0,1322,773,441.2,497215,0.9945,54235,103477,78916000.0,70307,180729,19171.1,508140023
4650,3.5533,200000,20885,205946,20118,0,1323,771,443.6,498789,0.9947,54359,97998.8,76275600.0,70317,186361,20231.4,509245533
4660,3.3805,200000,20918,206413,20136,0,1324,765,436.0,500369,0.9941,54740,101017,86910900.0,70250,222043,24158,509927998
4670,3.5369,200000,20942,206896,20154,0,1325,764,408.1,501151,0.9946,54995,110813,89892700.0,70454,206915,21265.9,511174706
4690,3.1361,200000,21041,207895,20193,0,1324,757,481.6,503832,0.9944,55019,97242.5,81886600.0,70413,256817,20565.3,513041692
4700,3.1868,200000,21010,208386,20216,0,1319,757,438.9,505088,0.9946,54911,98046.7,74076400.0,70646,188495,20929.2,514147106
4710,3.6018,200000,21008,208919,20242,0,1318,752,422.8,506662,0.9939,55251,102272,83081800.0,70649,210336,24853.8,514811738
4720,3.474,200000,21034,209404,20254,0,1318,750,442.3,508250,0.9941,54988,109417,82834200.0,70622,226781,21733.5,515917986
4740,2.9871,200000,21092,210377,20288,1,1320,740,468.0,510136,0.9946,55070,112189,94174000.0,70814,237570,24375.4,518158836
4750,3.3761,200000,21083,210844,20317,1,1323,732,413.7,511387,0.9949,55340,112071,80742900.0,71015,229563,23869.3,519319339
4760,3.2771,200000,21084,211308,20344,1,1324,729,434.1,512640,0.9943,55195,111250,84192900.0,70960,154486,19759.1,519992267
4780,3.4048,199998,21082,212275,20400,1,1323,726,466.3,515303,0.9941,55274,105010,83736800.0,71125,209832,23652.4,521926169
4790,3.2874,199944,21066,212868,20408,1,1324,720,406.2,516095,0.9949,55379,126055,110746000.0,71393,196799,25073.9,523300734
4811,3.2376,199951,21127,213853,20439,1,1321,722,442.8,518464,0.9948,55315,107666,85705500.0,71618,195070,19140.1,525249311
4821,3.4507,199904,21134,214315,20462,1,1325,716,421.3,520041,0.9939,55280,104783,78448100.0,71578,199023,24425.2,525796197
4831,3.3238,199942,21110,214830,20488,1,1323,717,439.3,521295,0.9943,55073,109666,84282300.0,71579,253362,21168.4,527010551
4852,3.3446,199892,21105,215842,20523,1,1319,714,473.4,523500,0.9943,55292,98425.8,91271100.0,71762,205644,22943.6,529024158
4864,3.5265,199779,21072,216485,20551,1,1320,706,417.5,524752,0.9949,55501,111710,82993300.0,72013,182941,22784.3,530344469
4872,3.5037,199891,21089,216875,20567,1,1321,709,442.1,526016,0.9942,55246,107018,80860700.0,71969,199543,19440.4,530959310
4895,3.4372,199780,21077,218015,20625,1,1323,708,468.0,528517,0.9949,55555,99845.3,82191900.0,72194,203881,21526.2,533364633
4900,3.1311,199950,21088,218240,20639,1,1322,709,459.7,529463,0.9944,55317,101437,76120400.0,72132,224323,22553.3,534069044
4915,3.4511,199770,21078,218975,20668,1,1319,707,416.2,531034,0.9949,55909,114342,96386600.0,72361,185062,21886.1,535346151
4925,3.3027,199742,21073,219480,20698,1,1319,703,438.9,532124,0.9942,55476,101273,78598000.0,72308,192703,21701.8,535958343
4934,3.5259,199806,21111,219940,20723,1,1317,703,403.4,533379,0.9945,55759,99024.4,72619600.0,72578,201597,21265.4,537147944
4955,3.2875,200000,21208,220942,20795,1,1317,698,485.2,536506,0.9951,56086,99979.5,81843300.0,72708,184804,21850.2,539488468
4963,3.4082,199787,21165,221404,20819,1,1310,703,483.2,538082,0.994,55882,93840.7,68705500.0,72446,301438,21720.3,539897809
4975,3.3552,200000,21197,221933,20857,1,1314,697,467.9,539644,0.9948,56291,105475,98720500.0,72677,222401,23272.5,541342463
4985,3.3945,200000,21195,222424,20875,1,1314,698,418.4,540426,0.994,55976,106944,77261700.0,72925,216647,24259.5,541905756
4995,3.0996,200000,21202,222886,20899,1,1311,702,459.1,541682,0.995,55941,110283,95012600.0,72831,192994,21651.1,543465654
5015,3.5911,200000,21246,223902,20957,1,1306,700,418.0,543544,0.995,56014,98056.2,90543700.0,73299,231902,24613.5,545479692
5025,3.3736,200000,21284,224379,20982,1,1303,699,435.6,545119,0.9948,56142,97695.8,75044000.0,73263,193607,18217.5,546454046
5035,3.4379,200000,21269,224904,21012,1,1303,692,456.1,546689,0.9948,56290,98572.6,73893100.0,73260,182835,20717.3,547491362
5055,3.253,200000,21351,225894,21042,1,1301,690,519.6,549219,0.9947,56628,106295,88856100.0,73181,188593,19869.8,549474698
5065,3.5826,200000,21339,226376,21084,1,1295,696,474.5,550617,0.9949,56475,94172.5,61796500.0,73416,190666,20643.1,550585330
5075,3.1742,200000,21337,226866,21113,1,1299,694,483.1,552188,0.9951,56461,99720.3,79448500.0,73396,198017,20604,551681602
5085,3.3503,200000,21336,227359,21135,1,1290,703,483.4,553766,0.9944,56531,101247,81967100.0,73361,245768,22789.7,552274762
5095,3.435,200000,21329,227870,21148,1,1286,706,463.5,555192,0.9947,56943,98738.3,91822600.0,73362,255680,24525.7,553487173
5106,3.5029,199903,21291,228432,21172,1,1285,707,485.7,556768,0.9945,56763,90917,67837700.0,73347,179391,17018.5,554428525
5116,3.2524,199900,21292,228905,21200,1,1290,702,447.0,557700,0.9947,56984,86473.2,67704400.0,73554,198569,18446.5,555548757
5139,3.2582,199757,21255,230051,21264,1,1288,695,507.3,560836,0.9952,57393,99327.3,75592000.0,73488,175107,21251.1,557830966
5148,3.3317,199820,21265,230455,21274,1,1288,694,507.2,562106,0.9945,57122,103426,78255800.0,73432,204940,19103.1,558440172
5158,3.1567,199849,21225,230973,21303,1,1287,696,514.1,563677,0.9945,57117,92648.3,70801700.0,73475,197943,20048.9,559443349
5168,3.2275,199818,21214,231502,21327,1,1290,689,462.8,564773,0.9949,57280,107870,83093200.0,73705,153894,19637.9,560657641
5179,3.3545,199799,21192,232095,21344,1,1288,692,453.3,566356,0.9951,57545,97604.5,81717600.0,73726,212803,23744.2,561788529
5189,3.2039,199789,21181,232616,21359,1,1291,688,414.6,567141,0.9946,57635,106344,80482900.0,73984,179952,19319.3,562507371
5210,3.3554,200000,21158,233680,21439,1,1284,694,520.0,571061,0.995,57817,99476.1,77606800.0,73917,166275,19754.9,564815536
5220,3.272,200000,21156,234167,21454,1,1278,698,478.3,571846,0.9947,57787,114744,93911000.0,74098,192346,23231.8,565660278
5230,3.5423,200000,21156,234671,21475,1,1272,705,461.4,573265,0.9951,57899,99897.9,78410300.0,74060,205094,21888.8,566864938
5240,3.265,200000,21124,235180,21493,1,1269,701,422.3,574207,0.9953,57907,118333,86983000.0,74310,189608,23385.7,568016872
5250,3.39,200000,21112,235689,21510,1,1268,699,453.9,575630,0.9951,57778,105469,83637700.0,74267,177545,20431.8,568892664
5260,3.2413,200000,21126,236185,21536,1,1268,695,425.7,576564,0.9946,58147,112115,89758800.0,74471,175291,23134.2,569589114
5270,3.4597,200000,21122,236719,21555,1,1265,698,410.9,578144,0.9946,58430,96407.8,77412200.0,74509,225056,20439.3,570605126
5280,3.4927,200000,21109,237200,21587,1,1258,707,426.7,579712,0.9949,58567,100115,76607200.0,74477,145246,18990.2,571818159
5290,3.299,200000,21103,237739,21609,1,1252,714,444.8,580970,0.9949,58330,103207,81363000.0,74508,176967,22602.1,572950448
5310,3.3737,200000,21048,238749,21643,2,1249,716,482.5,582856,0.9948,58545,100428,85662800.0,74704,197857,19659.6,574903851
5320,3.45,200000,21023,239288,21674,2,1255,711,442.8,584425,0.9951,58632,106268,77468200.0,74973,205045,19985.8,576079276
5330,3.4154,200000,21010,239796,21687,2,1251,713,417.6,586012,0.9945,58609,103613,83787900.0,75002,195594,26209.5,576729252
5340,3.2523,200000,20997,240332,21699,2,1254,709,392.3,586800,0.9949,58550,113620,96899600.0,75253,204182,20095.8,577951894
5360,3.3948,199996,20974,241327,21733,2,1256,699,471.4,589646,0.9948,58701,113642,93352300.0,75177,174359,22158.4,579911590
5370,3.4407,199973,20958,241855,21758,2,1252,696,431.8,590741,0.9949,58514,116653,84088300.0,75455,173295,21327.9,580954396
5381,3.5045,199926,20958,242420,21775,2,1251,696,412.6,592324,0.9954,58818,103590,82096300.0,75476,210120,23084.1,582235511
5390,3.3262,199955,20942,242858,21809,2,1246,698,443.5,593890,0.9947,58542,105039,79106400.0,75440,201438,22278.2,582809070
5400,3.5207,199969,20902,243373,21824,2,1241,695,410.9,594675,0.9951,58532,108627,93860600.0,75677,179560,19971.7,584048086
5422,3.4835,199884,20852,244546,21871,2,1242,687,474.0,597826,0.9953,58809,97107.1,75992000.0,75698,174344,17475.9,586191422
5432,3.4752,199869,20851,245033,21889,2,1240,690,455.5,599408,0.9955,58660,100948,76472700.0,75670,197563,24056.5,587289144
5441,3.526,199947,20845,245486,21900,2,1234,688,419.8,600196,0.995,58949,100529,80057800.0,75892,166051,17684.5,587992081
5464,3.4186,199776,20822,246698,21959,2,1236,688,490.9,603337,0.9946,59349,99236.4,81383800.0,75864,167392,23040.4,589778565
5473,3.2152,199826,20832,247160,21973,2,1230,690,447.3,604123,0.9949,59195,115585,83916000.0,76129,172375,20247,590972399
5484,3.2081,199788,20802,247709,22003,2,1226,686,431.5,605693,0.9952,59581,96933.9,80437800.0,76072,185758,19887.6,592133521
5494,3.3481,199778,20786,248255,22021,2,1225,691,457.2,607275,0.9955,59498,99310.2,73364000.0,76082,182302,23072.7,593335167
5502,3.5655,199825,20773,248709,22039,2,1225,691,466.9,608537,0.9948,59294,102548,84698800.0,76051,241980,19847.1,593942354
5525,3.3926,199737,20734,249880,22081,2,1217,702,494.2,610735,0.9947,59408,101003,91531000.0,76342,244251,23385.4,595876606
5535,3.4705,199747,20699,250433,22101,1,1209,702,451.0,611995,0.995,59242,99354.5,81095200.0,76650,197090,18955.8,597037119
5545,3.3248,200000,20731,250948,22135,1,1206,707,479.5,614201,0.9955,59508,94099.2,77530300.0,76573,270295,21090,598334206
5554,3.5289,199741,20691,251434,22142,1,1207,705,384.5,614354,0.9949,59699,68335.6,27641900.0,76800,181903,23335.4,598971862
5565,3.3893,200000,20724,251965,22174,1,1208,699,482.8,616402,0.9954,59446,109972,84354100.0,76739,207746,20486.2,600389835
5575,3.6233,200000,20725,252434,22192,1,1207,700,443.2,617504,0.9954,59438,89894.8,65215100.0,76926,221394,17367.6,601438039
5585,3.3582,200000,20699,252974,22220,1,1206,698,462.8,619075,0.9955,59422,85011.2,65552700.0,76897,198974,19215.4,602498475
5605,3.5429,200000,20686,253972,22255,1,1208,692,498.2,621439,0.9953,59609,98000.4,88703200.0,77053,271695,20597,604502699
5615,3.4643,200000,20650,254513,22282,1,1205,698,504.5,623012,0.9956,59516,94386.6,71592300.0,77067,179883,19242.5,605656987
5625,3.4241,200000,20612,255032,22300,1,1202,702,482.1,624434,0.995,59763,103101,83030300.0,77041,220369,21255.6,606324614
5635,3.5033,200000,20599,255548,22320,1,1198,703,438.0,625374,0.9951,59776,87958.6,65695000.0,77292,178235,18725.5,607381826
5645,3.5322,200000,20580,256081,22342,1,1204,691,452.5,626952,0.9955,59691,96509.9,72087400.0,77313,183032,21883.1,608617475
5665,3.4815,199959,20578,257080,22381,1,1202,684,513.8,630113,0.9956,60046,106501,85634700.0,77271,176572,20491.3,610701039
5675,3.3442,199966,20566,257591,22394,1,1197,678,522.3,631220,0.9951,59685,104722,81990700.0,77267,210686,21746.2,611368030
5686,3.3427,199948,20565,258125,22413,1,1197,675,471.9,632481,0.9954,59899,103020,77851500.0,77476,194958,21106.2,612565667
5696,3.3487,199902,20542,258659,22440,1,1197,672,451.4,634054,0.9955,60218,101958,82974000.0,77510,216517,23364.7,613641309
5706,3.5,199930,20521,259215,22462,1,1195,676,462.6,635632,0.9949,60393,98905,74065200.0,77570,179497,18639,614270424
5716,3.177,199874,20526,259800,22475,1,1197,678,467.9,637059,0.995,60336,98551.7,77634600.0,77570,189759,19108.1,615319144
5737,3.2413,199890,20489,260828,22508,1,1191,681,517.9,639905,0.9951,60277,98790.5,81076000.0,77589,177817,19525.7,617384941
5747,3.3546,199900,20472,261311,22540,1,1188,683,526.5,641792,0.995,60314,90692.2,69173100.0,77555,187561,18738.3,618347089
5757,3.371,199849,20445,261853,22563,1,1192,673,484.0,642729,0.9952,60332,98661.2,76098200.0,77796,192942,19358.8,619468005
5768,3.2918,199854,20420,262396,22591,1,1193,667,458.2,644301,0.9954,60513,95641.4,77016600.0,77801,196476,18841.4,620571694
5777,3.2944,199895,20418,262858,22623,1,1191,670,468.7,645869,0.9953,60547,89496.3,67287800.0,77814,185730,18646,621507755
5800,3.2854,199746,20408,264002,22670,1,1197,661,548.5,649022,0.9957,60723,100403,81598400.0,78056,201641,21778,623778211
5820,3.181,200000,20416,264991,22715,1,1194,664,507.8,652177,0.9957,61236,97915.3,73195100.0,78028,188488,19217.1,625878387
5830,3.2457,200000,20410,265494,22746,1,1199,663,555.3,654386,0.9957,60981,98354.8,71483600.0,77786,179615,17998.9,626836695
5840,3.1828,200000,20416,266011,22773,1,1199,666,556.3,655479,0.9958,60947,92348.8,74257600.0,77759,235774,20619.5,627892156
5850,3.2168,200000,20426,266517,22790,1,1204,663,506.7,656902,0.9953,61268,108395,95207500.0,77971,193808,23299.9,628614198
5860,3.2955,200000,20431,267001,22805,1,1201,671,475.5,658487,0.9954,61512,100222,79186200.0,77967,214806,20522.9,629699213
5870,3.1065,200000,20444,267510,22821,1,1203,667,485.1,659751,0.9954,61196,97427.4,72389900.0,77964,146331,18539,630775358
5880,3.3678,200000,20453,267995,22838,1,1202,666,433.5,660854,0.9958,61230,96923.4,81299800.0,78213,188492,27027.3,631997166
5900,3.0817,200000,20572,268983,22876,1,1206,657,503.8,663855,0.9953,61427,107868,91034800.0,78176,202377,20099.6,633816222
5910,3.2193,200000,20607,269480,22906,1,1204,661,456.2,664785,0.9956,61137,105572,80895300.0,78414,190232,20474.1,634999194
5920,3.3226,200000,20605,269998,22924,1,1200,662,433.7,666367,0.9958,61258,96899.3,80654500.0,78434,217942,24608.9,636104292
5930,3.2197,200000,20606,270546,22946,1,1196,667,455.6,667945,0.9951,61003,97012.8,73527100.0,78456,195095,18957.2,636695697
5940,3.1045,200000,20635,271028,22960,1,1195,663,419.2,668731,0.9954,61218,100083,88100200.0,78685,199315,21762.2,637867459
5960,3.4545,200000,20646,272087,23008,1,1193,668,482.6,671883,0.9956,61442,98221,79027400.0,78695,218097,18883.1,639989974
5970,3.0829,199959,20630,272594,23040,1,1187,674,461.0,673451,0.9958,61432,91862.3,72791100.0,78677,189447,19903.4,641160345
5980,3.387,199978,20640,273103,23057,2,1190,669,475.6,675034,0.9951,61376,96845.1,74363100.0,78662,208812,20112.9,641686476
5990,3.3674,199956,20653,273682,23069,2,1192,666,485.9,676302,0.9952,61046,102465,82461200.0,78686,213521,21088.1,642787506
6012,3.455,199922,20694,274658,23108,2,1197,657,500.3,678983,0.9957,61360,101175,81971400.0,78821,197427,18034.1,645113422
6022,3.1237,199910,20694,275157,23128,2,1194,662,477.3,680563,0.9952,61316,99744.4,73004100.0,78788,189490,23977.5,645737156
6031,3.176,199905,20681,275665,23136,2,1193,657,466.8,681675,0.9953,61239,107316,79915300.0,78816,160216,17102.4,646859094
6053,3.3509,199872,20742,276626,23192,2,1193,654,525.1,685299,0.9951,61373,85575.2,64906700.0,78727,206670,18957.7,648701349
6063,3.041,199863,20758,277135,23209,2,1197,644,530.5,686082,0.9954,61261,101361,79474800.0,78689,207605,18869.1,649899247
6073,3.2932,199855,20768,277588,23232,2,1203,637,473.6,687659,0.9954,60994,104784,81451700.0,78899,192690,20741.4,650923320
6085,3.4864,199760,20747,278145,23265,2,1198,638,449.7,689226,0.9958,61305,94775.1,74371800.0,78861,149423,20340.3,652212743
6105,3.3472,200000,20790,279170,23328,2,1196,642,548.5,693162,0.9958,61662,92569.4,68935400.0,78825,163712,16051.9,654205672
6125,3.2654,200000,20907,280123,23363,2,1185,647,493.6,696006,0.9957,61703,89399.3,67783400.0,78745,181208,16847.2,656301649
6135,3.1235,200000,20879,280634,23395,2,1190,645,491.7,697574,0.9959,61364,100544,72223300.0,78767,180580,20800.3,657443042
6145,3.3587,200000,20868,281153,23420,2,1192,643,434.7,698669,0.9955,61616,108553,86810200.0,79010,216923,20609.8,658173840
6165,3.3172,200000,20851,282153,23457,2,1195,644,484.7,701511,0.9957,61337,92547,74149100.0,79014,195949,19867.7,660339680
6175,3.184,200000,20848,282655,23474,2,1195,646,445.7,702613,0.9957,61332,103219,74560900.0,79255,189284,18408.5,661338613
6185,3.4351,200000,20838,283186,23505,2,1193,641,456.4,704182,0.9959,61344,91126.9,70640700.0,79278,209492,23158.7,662452073
6195,3.1735,200000,20860,283683,23532,2,1194,644,440.8,705754,0.9954,61469,104504,86084600.0,79276,183483,20243.1,663096059
6205,3.3508,200000,20870,284152,23544,2,1192,648,452.1,707022,0.9958,61280,105296,82120300.0,79219,176105,21236.7,664379595
6225,3.2723,200000,20876,285136,23590,2,1190,649,472.9,709696,0.9958,61511,92354,71495700.0,79449,189606,17862.3,666351646
6235,3.2488,200000,20849,285676,23632,2,1184,648,522.6,712054,0.9955,61244,90025.3,66916700.0,79263,181701,19852.3,667188054
6245,3.162,200000,20909,286146,23638,2,1184,648,465.4,712848,0.9958,61249,117579,99273500.0,79509,200155,21166.9,668356218
6255,3.4043,200000,20940,286631,23657,2,1184,654,443.5,714429,0.996,61356,95354.3,78647400.0,79485,215629,21336.5,669520890
6265,3.099,200000,20957,287132,23674,2,1180,665,450.6,716012,0.9957,60944,89665.7,70933300.0,79490,175272,17880.1,670333612
6275,3.0546,200000,20952,287613,23688,2,1180,670,462.5,717598,0.9958,61080,100283,74731600.0,79476,182293,19726.7,671367200
6295,3.454,200000,20966,288598,23728,2,1178,671,516.5,720756,0.996,61141,99840.9,79637600.0,79446,180171,22470,673506259
6305,3.1643,200000,20943,289113,23748,2,1175,672,515.1,722336,0.996,61164,98858.3,75884200.0,79456,239415,19937.5,674513429
6315,3.0025,200000,20955,289592,23773,2,1180,664,507.7,723911,0.996,61315,100584,80100200.0,79482,226562,20708.4,675523922
6325,3.2517,200000,20951,290104,23800,2,1191,656,474.6,725484,0.9954,61500,100019,83878900.0,79512,211892,21662.5,676108904
6335,3.2037,200000,20979,290590,23820,2,1192,651,478.5,727064,0.9959,61513,96207.8,69361900.0,79512,179697,16720.6,677469503
6345,3.1798,200000,20986,291092,23837,2,1196,645,479.7,728647,0.9958,61397,85701.5,63732000.0,79548,181057,18785.7,678383838
6355,3.1583,200000,20972,291585,23862,2,1195,645,478.7,730222,0.9959,61293,96177.1,77994100.0,79570,227665,20431.9,679480914
6375,3.0136,200000,20981,292565,23901,2,1193,646,535.0,733383,0.996,61716,90883.6,74223200.0,79494,197873,18772.4,681522682
6385,3.2691,200000,20987,293044,23924,2,1192,648,533.5,734960,0.9961,61691,91031.5,69777200.0,79449,215478,21495.8,682566960
6395,3.2446,200000,20984,293513,23940,2,1191,650,514.5,736544,0.9961,61493,101597,82416700.0,79471,202172,20216.2,683576631
6405,3.0871,200000,20990,294021,23949,2,1184,656,444.2,737335,0.9958,61562,99413.7,78857500.0,79760,250559,20562.7,684383530
6426,3.2788,199914,20969,295082,24003,2,1182,655,528.9,741281,0.9961,61774,87946.9,68448300.0,79502,168750,17297,686592903
6436,3.4874,199886,20973,295594,24026,2,1187,653,527.2,742858,0.9961,61589,89840,65284400.0,79473,176160,18042,687579821
6446,3.1794,199955,21007,296064,24042,2,1190,650,529.3,744282,0.9957,61388,97717.8,80876500.0,79481,197492,22831.1,688330863
6456,3.4023,199893,21044,296554,24052,2,1184,653,456.7,745232,0.996,61794,107722,87852800.0,79732,263836,21120.5,689489895
6487,3.5657,199860,21039,298135,24110,2,1190,649,485.6,749974,0.996,61712,97014.1,76932800.0,79783,180450,16920.1,692533995
6497,3.2091,199906,21043,298558,24134,2,1194,646,495.0,751550,0.996,61510,89493,66350300.0,79719,176471,19447.6,693516734
6510,3.1947,199763,21038,299147,24159,2,1195,646,464.4,753125,0.9961,61623,96140.3,76553700.0,79688,165222,22560.4,694626130
6517,3.279,199879,21064,299478,24169,2,1198,642,424.0,753915,0.9957,61312,99548,82818400.0,79897,188436,19952.3,695302141
6527,3.0682,199871,21031,300014,24201,2,1201,640,440.5,755483,0.9959,61251,99248,76482200.0,79937,185441,21414.3,696456513
6548,3.4311,199847,20998,301057,24253,2,1197,642,493.9,758471,0.9955,61359,106277,93864200.0,79962,197299,24122.8,698193310
6557,3.174,199901,20996,301481,24275,2,1196,646,446.7,759409,0.9956,61285,108435,81947300.0,80205,198564,18782.8,699277213
6569,3.1438,199814,20986,302071,24297,2,1202,635,431.6,760986,0.9957,61394,92606.3,75371800.0,80192,194393,21648.8,700349103
6579,3.1588,199817,21006,302539,24314,2,1197,643,440.6,762569,0.9958,61264,94266.8,78227900.0,80187,193812,19947.6,701376052
6588,3.2239,199814,21002,302985,24336,2,1193,644,450.8,764146,0.9958,61339,100430,77806000.0,80143,217046,20685.4,702394410
6610,3.2503,200000,21010,304061,24413,2,1196,646,539.1,768068,0.9959,61628,96850.6,78202200.0,80159,221225,18715,704551827
6630,3.2472,200000,20983,305084,24448,2,1195,644,480.9,771072,0.9958,61700,101352,82362400.0,80180,206134,19291.9,706656194
6640,3.1795,200000,20982,305625,24468,2,1194,648,454.6,772492,0.9959,61419,99376.2,78551900.0,80238,221634,22069.8,707737372
6650,3.4894,200000,20990,306149,24492,2,1195,649,417.5,773588,0.9959,61328,88835.9,69067600.0,80512,178744,17574.4,708730465
6670,3.1239,200000,21053,307087,24534,2,1191,654,473.0,776744,0.9959,61781,95615.5,80187400.0,80469,208639,15815.6,710719796
6680,3.357,200000,21040,307579,24563,2,1191,654,521.6,779115,0.9958,61526,85888.3,62906000.0,80220,183815,20498.1,711635444
6690,3.1836,200000,21069,308050,24572,2,1191,652,454.1,779906,0.9959,61794,103307,86991700.0,80437,199765,20194.5,712731698
6700,3.3714,200000,21078,308535,24602,2,1185,660,517.4,782276,0.9957,61674,88533.1,66547400.0,80162,197442,17725.6,713561352
6710,3.1964,200000,21143,309049,24618,2,1185,658,518.4,783540,0.9958,61498,101305,81564500.0,80194,199836,20485.5,714686323
6730,3.2154,200000,21158,310025,24669,2,1183,655,515.3,786209,0.9961,61856,99832,80975600.0,80447,186161,17588.7,716868443
6740,3.5265,200000,21135,310546,24693,2,1181,659,509.0,787784,0.996,61667,100171,76646700.0,80495,206526,22176.3,717849614
6750,3.5021,199994,21097,311074,24712,2,1177,666,481.1,789365,0.9956,62006,98285.7,79918800.0,80511,195514,21604.2,718502905
6760,3.2385,199966,21112,311547,24725,2,1176,668,485.0,790952,0.9962,61810,93603.5,73256600.0,80470,199266,16909.9,719980834
6771,3.3183,199959,21150,312096,24742,2,1177,666,500.1,792535,0.9963,61790,90602.1,69595400.0,80448,198668,20489.4,721020758
6781,3.3801,199951,21164,312599,24751,2,1176,662,457.7,793326,0.9958,61938,93435.1,73452700.0,80656,184973,18678,721717525
6801,3.0216,199899,21176,313674,24798,2,1178,660,515.0,796479,0.996,62074,96850.7,80802400.0,80638,192010,19887.5,723812166
6811,3.6315,199901,21125,314129,24822,2,1181,657,512.5,798055,0.996,61892,89839.9,68400100.0,80667,216848,19622.4,724840880
6822,3.3327,199887,21111,314661,24844,2,1181,658,479.1,799632,0.996,61901,94297.7,77923300.0,80655,193953,18203.8,725832057
6831,3.1793,199911,21136,315158,24867,2,1176,660,485.8,801209,0.996,61922,91904.9,73776100.0,80636,193022,20490.5,726823482
6853,3.3314,199846,21215,316268,24894,2,1175,658,528.5,803902,0.9958,61833,102923,87482500.0,80680,234041,22432.1,728680632
6863,3.0661,199823,21234,316761,24916,2,1174,663,479.1,805160,0.9957,61594,104196,79066200.0,80927,290037,20434,729683293
6874,2.9852,199802,21265,317286,24943,2,1175,660,488.4,806733,0.9958,61460,89506.8,75859100.0,80903,194196,19651.4,730747431
6885,3.1573,200000,21340,317831,24987,2,1178,654,499.5,809089,0.9962,61770,96205.8,77306600.0,80858,221212,19889.2,732037689
6905,3.1835,200000,21384,318865,25025,2,1181,652,509.6,811451,0.9963,61430,100262,84344000.0,81126,191318,22253.3,734185229
6915,3.0905,200000,21411,319341,25048,2,1179,653,545.4,813508,0.9962,61440,91021.9,72140800.0,80822,193421,18102.6,735205273
6935,3.3389,200000,21489,320341,25082,2,1165,663,504.2,816194,0.9962,61697,89931.6,72175900.0,81053,181365,16786.4,737243961
6945,3.0619,200000,21569,320813,25104,2,1165,671,516.3,817772,0.9963,61110,87550.7,60309000.0,81017,202335,17412.8,738294053
6955,3.1752,200000,21587,321312,25123,2,1165,673,520.4,819353,0.9963,60973,90595.6,72168400.0,80980,212545,17872,739292007
6965,3.1348,200000,21620,321788,25146,2,1157,679,481.9,820930,0.9958,61276,93744.7,76572600.0,80990,196799,25287.7,739896890
6975,3.2698,200000,21653,322277,25161,2,1160,681,495.7,822515,0.9959,60927,99033.3,74971900.0,80950,196573,18762.9,741018044
6995,3.0917,200000,21682,323216,25197,2,1162,677,507.9,824879,0.9962,61056,94037.2,73619300.0,81112,143077,16746.5,743252338
7005,3.2302,200000,21714,323730,25227,2,1160,674,504.0,826449,0.9964,60758,92060.5,67616100.0,81129,200082,21704.4,744373780
7015,3.3726,200000,21763,324215,25244,2,1157,676,510.2,828032,0.9964,60839,93382.6,77877700.0,81092,180180,17065.4,745382077
7025,3.1566,200000,21778,324711,25267,2,1158,669,479.7,829609,0.9964,61077,81260,64718300.0,81074,208375,20151.2,746391701
7035,3.0807,200000,21805,325170,25288,2,1161,664,489.5,831187,0.9964,60834,94978,73740600.0,81018,220516,18230.5,747366989
7055,3.4996,200000,21880,326122,25327,2,1163,661,542.3,834348,0.996,61009,94022.2,74472400.0,80940,161683,18333.8,749057356
7065,3.1201,200000,21906,326597,25340,2,1160,666,545.8,835615,0.9961,60504,97380.1,75504300.0,80885,176293,19137.4,750155191
7075,3.144,200000,21897,327085,25372,2,1162,664,539.4,837343,0.9962,60498,82072.2,62935100.0,80864,167407,16754.7,751203169
7085,3.0976,200000,21918,327569,25387,2,1164,662,483.3,838288,0.9963,60534,103340,78645800.0,81095,248547,20397.4,752289169
7095,3.3749,200000,21914,328061,25402,2,1169,659,460.1,839873,0.9963,60794,89782.1,70863500.0,81060,222338,19837.9,753343631
7105,3.0069,200000,21916,328530,25429,2,1170,660,465.4,841446,0.9963,60895,92102.3,73005800.0,81033,178733,18462.9,754336036
7125,2.9894,200000,21932,329500,25463,2,1172,653,525.7,844612,0.9959,61034,105546,89484000.0,80968,175764,18345.3,756006521
7135,3.3372,200000,21941,329956,25476,2,1176,651,477.9,845399,0.9962,60734,98759.4,73702400.0,81140,231660,19744.4,757256683
7145,3.427,200000,21970,330438,25503,2,1173,654,454.4,846972,0.9964,60850,96848.4,79129600.0,81097,212614,23359.3,758422925
7155,3.1775,200000,21965,330916,25520,2,1180,650,475.4,848555,0.9958,60371,97333.4,78898000.0,81036,194289,20296.6,758906419
7165,3.3733,200000,21946,331448,25527,2,1179,654,441.8,849348,0.9962,60232,97779.8,80713200.0,81268,180772,21294.3,760230947
7186,3.1354,199935,21931,332517,25568,2,1185,650,494.4,852506,0.9964,60315,95326.5,79309100.0,81303,202408,24470.1,762436570
7196,3.141,199939,21951,332955,25588,2,1186,649,471.8,854086,0.9959,60180,98558.2,80073700.0,81196,234206,18841.2,763042924
7207,3.0325,199889,21964,333477,25603,2,1186,649,474.8,855351,0.9959,60032,90901.7,67802600.0,81158,195843,17962,764055487
7216,2.8345,199966,21966,333879,25629,2,1187,653,486.4,856925,0.996,59912,97061.5,73536100.0,81136,182528,18445.2,765071362
7226,3.058,199956,21969,334322,25650,2,1190,656,496.7,858504,0.996,59694,86637.3,65835000.0,81054,242743,18582.7,766064525
7236,3.5211,199938,21981,334771,25670,2,1184,660,452.2,859604,0.9961,59610,96567.9,75208000.0,81246,191297,18787.6,767213673
7246,3.0988,199930,21982,335214,25699,2,1187,660,464.1,861175,0.9962,59504,92913.6,72752600.0,81206,170805,18500.2,768284814
7268,3.1262,199847,21972,336278,25749,2,1192,654,520.8,864325,0.9963,59793,95485.9,75269100.0,81093,191743,18096.1,770372648
7278,3.1294,199845,21974,336725,25776,2,1192,655,487.1,865898,0.9964,60036,92280.2,72578900.0,81036,181945,19832.6,771396653
7300,3.1019,200000,22036,337704,25826,2,1191,662,578.6,869368,0.9965,59988,100394,78071900.0,80865,182577,21079.5,773560314
7310,3.2154,200000,22030,338187,25851,2,1199,663,563.1,871102,0.9964,59773,96684.4,76011700.0,80859,180588,19553.4,774545242
7320,3.414,200000,22079,338618,25870,2,1197,664,418.0,872203,0.9963,59408,85200.7,64687400.0,81027,211884,19291.2,775615868
7330,3.3464,200000,22062,339083,25898,2,1206,651,429.2,873774,0.9964,59320,95085.2,74076500.0,81010,189835,20646.2,776680599
7340,3.1462,200000,22062,339551,25925,2,1208,653,451.9,875346,0.9963,59305,96497.5,75779700.0,80939,213647,16928,777675550
7360,3.1157,200000,22035,340472,25967,2,1208,658,509.4,878504,0.9965,59596,95672.6,79610400.0,80804,207362,17712.2,779856534
7370,3.0017,200000,22039,340939,25991,2,1204,662,514.3,880080,0.9965,59522,92916.1,73938500.0,80756,193794,19396.4,780867409
7380,3.136,200000,22032,341443,26014,2,1208,656,490.4,881657,0.996,59461,94044,73940000.0,80725,170742,20382.6,781469120
7390,3.3461,200000,22064,341898,26028,2,1203,659,442.6,882443,0.9962,59133,100101,74671800.0,80937,149309,18495.4,782596491
7410,3.14,200000,22138,342820,26079,2,1201,662,501.9,885592,0.9963,59264,91050,74951900.0,80819,205878,18137.4,784702071
7420,3.2786,200000,22128,343297,26108,2,1199,662,475.9,887163,0.9963,59319,92124.7,68988700.0,80777,172896,17687.6,785705009
7430,3.0124,200000,22194,343755,26123,2,1203,665,475.7,888748,0.9962,58957,87066.4,68315000.0,80754,186008,17306.6,786627477
7440,3.0592,200000,22213,344219,26157,2,1204,663,479.5,890314,0.9963,58962,89439.8,67028600.0,80723,192450,20167.6,787695275
7461,3.0771,199963,22226,345140,26213,2,1206,659,528.3,893457,0.9963,58937,90427.3,74533400.0,80606,172471,18246.8,789699762
7471,3.2142,199955,22245,345570,26237,2,1205,662,528.2,895033,0.9963,58833,87309.7,66532100.0,80534,194571,17754.1,790700076
7481,3.206,199938,22253,346044,26265,2,1205,661,522.5,896605,0.9964,58816,87019.7,68098200.0,80490,183883,20724.4,791752014
7492,3.2443,199884,22245,346555,26295,2,1207,664,497.1,898175,0.996,59070,103539,86753400.0,80428,227011,24677.7,792432160
7502,3.3652,199891,22262,347019,26310,2,1207,661,501.3,899280,0.9961,58962,99781.9,77850500.0,80393,185900,18853.9,793574929
7514,3.1517,199801,22262,347547,26334,2,1207,659,502.7,900696,0.9966,58596,95313,73009200.0,80347,160741,18407.7,794964181
7534,3.0012,199762,22271,348491,26392,2,1214,656,506.5,903678,0.9965,59100,87085.3,69661100.0,80498,153718,15302.7,796929208
7544,3.3727,199812,22290,348877,26432,2,1216,656,561.3,905718,0.9961,58772,87579.9,66091700.0,80206,222981,22306,797564509
7553,3.362,199848,22300,349278,26475,2,1220,654,553.5,907435,0.9961,58793,88972.6,70385500.0,80143,197043,18983.5,798559301
7563,3.1343,199868,22317,349687,26501,2,1218,658,547.1,908529,0.9961,58660,94845.2,75403000.0,80087,218371,18068.1,799608339
7574,3.4077,199829,22306,350207,26530,2,1216,660,547.1,910100,0.9962,58718,81857.9,70761300.0,80038,193264,20555.3,800681303
7585,3.0025,199804,22347,350664,26557,2,1219,656,479.4,911513,0.9965,58779,95609,79556700.0,80198,210827,21161.3,801912582
7593,3.5134,199807,22322,351030,26580,2,1217,662,487.0,913090,0.9964,58663,97716.1,74907900.0,80102,183635,15325,802827080
7615,3.3295,200000,22372,352033,26634,2,1217,660,568.6,917036,0.9964,59036,95694.2,74055500.0,79946,183757,18574.5,804904294
7625,3.2193,200000,22377,352501,26652,2,1218,663,527.1,918298,0.9966,58901,97838.4,79716300.0,79907,199496,21155.6,806033622
7635,3.2885,200000,22380,352955,26681,2,1220,666,533.4,920029,0.9965,58413,94789.6,68960600.0,79852,182213,19412.4,806997412
7645,3.0556,199776,22332,353430,26688,2,1217,669,428.0,920182,0.9961,58371,105455,57564700.0,80103,184730,21026.2,807665628
7655,3.2395,200000,22357,353868,26724,2,1214,673,452.0,922546,0.9967,58506,93270.9,75661400.0,79992,169073,19308.9,809124402
7665,3.2504,200000,22371,354340,26743,2,1218,672,451.9,924127,0.9966,58270,97082.8,78177000.0,80006,191829,18478.4,810143145
7675,3.0102,200000,22385,354800,26763,2,1215,673,466.1,925707,0.9965,58032,85038.2,62135200.0,79989,187704,17630.3,811111558
7685,3.0702,200000,22403,355242,26776,2,1222,660,470.2,927294,0.9966,58170,94774.6,74850400.0,79949,182531,19951.8,812205434
7705,3.1108,200000,22416,356150,26832,2,1228,659,516.9,930438,0.9967,58409,92492.5,72895700.0,79865,188941,20614.4,814259114
7715,3.0517,200000,22430,356559,26856,2,1228,658,506.8,932014,0.9967,58152,95771.9,72590400.0,79827,184651,18565.6,815252853
7725,3.1603,200000,22436,356952,26884,2,1230,661,473.0,933586,0.9966,58345,95193.1,75850000.0,79740,160473,19208.8,816191462
7735,3.0136,200000,22471,357414,26902,2,1229,661,473.1,935168,0.9964,58092,90955.2,70684000.0,79717,148031,17746.3,817072270
7755,3.4092,200000,22513,358269,26955,2,1227,667,528.4,938315,0.9963,58266,104280,86070500.0,79575,202871,21111.2,818938933
7765,2.8619,200000,22500,358693,26975,2,1229,664,473.2,939095,0.9964,57984,104971,78788900.0,79755,206053,20363.7,820066926
7775,3.0447,200000,22519,359092,27007,2,1224,669,528.4,941303,0.9964,57702,95965.2,74554300.0,79442,163620,18774.6,821042931
7785,3.3002,200000,22516,359536,27041,2,1228,669,527.2,942869,0.9963,57923,87527.4,68753600.0,79413,176418,18739.6,821985759
7795,3.0757,200000,22545,359962,27057,2,1229,665,456.6,943813,0.9966,57920,97535.8,78990200.0,79580,203414,21131.2,823206581
7815,2.8864,200000,22556,360882,27111,2,1234,662,510.1,946958,0.9967,58035,99286,74142400.0,79489,193789,17921.8,825329655
7825,3.0749,200000,22562,361324,27130,2,1239,662,511.9,948539,0.9967,57815,92121.5,66482900.0,79422,177013,18153.7,826318849
7835,3.0465,200000,22572,361787,27154,2,1244,659,481.8,949955,0.9963,57775,95983.8,77306900.0,79392,170649,21417.2,826976650
7845,3.1246,200000,22570,362213,27171,2,1248,659,440.6,950898,0.9964,57402,99466.2,78931500.0,79558,221184,17135.1,828024279
7865,3.1573,199958,22602,363079,27232,2,1245,660,494.1,954037,0.9963,57695,92152.7,70271400.0,79396,175514,18743.5,829974740
7876,3.0449,199955,22640,363569,27250,2,1245,657,536.8,956099,0.9964,57185,98366,78754000.0,79150,171522,21229.4,831069102
7886,3.2141,199911,22613,364015,27293,2,1244,659,537.9,957976,0.9962,57295,88480.9,64944800.0,79094,166260,19560.5,831931397
7897,3.1364,199912,22636,364496,27306,2,1246,659,467.7,958763,0.9964,57781,119536,97771100.0,79272,183264,18440.3,833114809
7906,3.0161,199917,22642,364909,27343,2,1249,657,532.9,960966,0.9963,57204,83463.4,61724100.0,78966,173012,17306.8,833967444
7928,3.0174,199869,22682,365887,27391,2,1251,656,566.3,963798,0.9964,57400,93906.1,72778700.0,78874,181370,20020.9,836107984
7938,3.0054,199867,22682,366350,27416,2,1252,655,505.4,965053,0.9965,57020,106863,74960100.0,79085,167496,18839.7,837174289
7948,2.9829,199853,22680,366801,27438,2,1249,660,473.3,966631,0.9964,57412,89352.2,73021900.0,79054,192800,18348.6,838057173
7960,3.0644,199763,22700,367370,27481,2,1254,653,532.1,968988,0.9968,57235,83766.6,61415700.0,78779,206977,16670.6,839391948
7980,3.0382,200000,22775,368284,27532,2,1251,657,603.0,972617,0.9967,57256,87592.9,66566200.0,78692,149407,15968.3,841423764
7990,2.8682,200000,22773,368715,27555,2,1256,653,532.2,973714,0.9963,56989,109534,85129700.0,78872,207994,22200.9,842050249
8000,3.1402,200000,22824,369131,27577,2,1256,656,498.5,975292,0.9963,56935,96434.6,81806900.0,78788,230844,21070.1,843135599
8010,3.3035,200000,22824,369574,27604,2,1258,659,504.8,976865,0.9963,56937,93690,70125900.0,78726,190757,19833,844128220
8020,3.2384,200000,22825,369999,27634,2,1259,662,475.3,978435,0.9964,56949,96696.8,78065000.0,78657,222110,18831.7,845204382
8030,3.0119,200000,22835,370413,27658,2,1263,657,474.9,980011,0.9968,56791,90492.5,69535200.0,78572,177638,17766.6,846634145
8050,3.1009,200000,22866,371298,27707,2,1260,662,521.5,983162,0.9967,56884,86444.7,78252900.0,78484,185115,19966,848662719
8060,2.9912,200000,22886,371720,27721,2,1257,666,480.1,984747,0.9968,56690,101173,78968900.0,78446,187930,22584.7,849711848
8080,3.1043,200000,22902,372647,27758,2,1253,669,528.4,987590,0.9964,56522,99934.5,81566300.0,78373,207537,20677.4,851427903
8090,3.0128,200000,22883,373071,27794,2,1255,668,490.1,989314,0.9965,56552,99905,72531700.0,78321,179147,18723.9,852476406
8100,3.1344,200000,22893,373494,27823,2,1253,673,501.2,990885,0.9964,55948,89289.3,63857600.0,78254,183412,17638.3,853393717
8110,3.0752,200000,22937,373916,27845,2,1254,672,450.1,991823,0.9966,55978,91787.4,71113000.0,78436,197580,18895.7,854584671
8130,3.1014,200000,22942,374761,27912,2,1252,674,468.5,994956,0.9967,55876,92663.4,76341400.0,78253,204208,19067.7,856676373
8150,3.0701,200000,22959,375629,27955,2,1247,679,514.5,998112,0.9968,56056,92278.5,72764100.0,78115,191294,20367.6,858761493
8161,2.8578,199951,22969,376073,27984,2,1257,662,485.1,999683,0.9968,56137,97831.2,75172000.0,78001,170868,19323.3,859724456
8170,2.9602,199959,22969,376463,28029,2,1262,664,481.4,1001238,0.9968,55930,94516.5,71224900.0,77999,172744,17279.1,860781168
8192,2.8622,199906,23001,377405,28087,2,1261,662,519.1,1004379,0.9969,56034,98218.1,76054300.0,77934,205017,19433,862814877
8201,3.2175,199925,23026,377784,28106,2,1258,669,521.0,1005480,0.9965,55757,98248.9,73132400.0,77815,163828,18321,863530193
8211,2.7519,199937,23037,378234,28164,2,1257,673,492.5,1007342,0.9964,55833,88132.8,65437500.0,77799,204437,17765.8,864405074
8222,3.2795,199856,23025,378712,28192,2,1264,665,499.0,1008914,0.9964,55389,87424.7,62598300.0,77707,155260,16751.9,865387447
8231,3.2898,199949,23056,379091,28216,2,1264,667,452.9,1009850,0.9965,55370,98881.3,68804400.0,77886,211650,19251.5,866498642
8253,2.996,199877,23055,380029,28285,2,1266,664,497.5,1012981,0.9968,55717,89678.2,72414200.0,77781,185216,17168.4,868765285
8265,2.9741,199785,23062,380557,28322,2,1267,668,500.3,1015344,0.9969,55543,95966.6,72903200.0,77550,221435,21388.7,869816086
8272,3.2949,199902,23102,380871,28341,2,1265,673,499.0,1016605,0.9964,55320,96348,68482200.0,77506,184313,17670.4,870432617
8283,3.1923,199870,23115,381357,28380,2,1259,678,508.5,1018006,0.9965,55075,94330.5,73697800.0,77419,198531,20644,871496893
8305,3.1738,199783,23114,382335,28448,2,1262,676,519.0,1020818,0.9966,55433,79001.1,61110800.0,77557,175336,16865.7,873583973
8315,3.2685,199798,23133,382741,28482,2,1267,671,521.5,1022384,0.9966,55192,87501,62978100.0,77455,192118,19967.2,874642502
8325,3.3496,199801,23200,383152,28510,2,1264,670,501.5,1023955,0.9968,55428,96173.7,76992700.0,77527,233647,19086.9,875787896
8335,3.1809,199782,23192,383585,28536,2,1263,672,499.0,1025369,0.9968,55150,100892,76656300.0,77218,200740,20255.4,876810660
8355,2.9539,200000,23187,384407,28631,2,1272,666,566.5,1029273,0.9968,55391,94926.1,70618400.0,77074,186505,18111.5,878868948
8365,3.1993,200000,23205,384830,28668,2,1274,666,464.8,1030996,0.9966,54864,94372.1,70632800.0,76996,183104,18364,879859031
8385,3.0284,200000,23257,385703,28717,2,1273,668,477.6,1033347,0.9966,55201,107011,89341700.0,77168,186480,18247.5,881882940
8395,3.0349,200000,23246,386109,28765,2,1277,667,543.3,1035699,0.9965,54850,93671.7,69292900.0,76848,177494,19874.9,882806672
8405,3.1265,200000,23265,386546,28790,2,1286,663,538.1,1037113,0.9966,55129,93525.7,75158700.0,76774,190167,19458.3,883917199
8415,3.2791,200000,23308,387001,28808,2,1293,655,483.4,1038055,0.9967,54685,97469,75521500.0,76976,209804,19242.8,885002579
8425,3.2808,200000,23309,387457,28840,2,1291,660,548.1,1040103,0.9967,54759,93164.2,72616200.0,76650,194545,19103,885966265
8435,3.1167,200000,23337,387880,28862,2,1298,658,494.8,1041201,0.9969,54763,107230,89781800.0,76806,212558,22713,887201967
8445,3.01,200000,23342,388335,28889,2,1298,661,466.3,1042774,0.9964,54795,96872.1,79002100.0,76788,179439,22253.9,887708436
8455,3.2279,200000,23361,388763,28913,2,1300,657,476.4,1044190,0.9966,54679,103660,79435700.0,76708,177770,19578.4,888873943
8465,3.1412,200000,23389,389184,28933,2,1294,658,480.4,1045610,0.9967,54416,99694.4,80328900.0,76634,182364,20258.9,889966690
8485,3.1489,200000,23373,390029,28995,2,1297,665,495.2,1048268,0.9969,54580,94191.9,73396300.0,76709,164449,19708.6,892215340
8495,3.5007,200000,23387,390471,29025,2,1303,662,473.2,1049838,0.9965,54734,94406.4,70030900.0,76628,172944,18600.6,892857711
8505,3.3409,199986,23385,390897,29048,2,1304,664,476.7,1051415,0.9965,54545,92005,65511500.0,76568,173751,18225.5,893818887
8525,3.0397,199984,23430,391721,29095,2,1303,673,522.3,1053928,0.9967,54438,90194.9,69432800.0,76387,195190,19839.9,896002520
8535,3.2437,199965,23417,392134,29137,2,1311,669,472.2,1055326,0.9969,54158,101441,70457100.0,76554,173722,17557.9,897140138
8547,3.1796,199886,23421,392645,29168,2,1315,668,455.0,1056895,0.9969,54190,88611.4,71747000.0,76437,207246,21404.2,898190670
8557,3.1093,199897,23434,393098,29204,2,1320,661,469.6,1058459,0.997,53711,97201,69654800.0,76379,184230,17598.9,899251807
8566,3.3276,199949,23420,393523,29247,2,1321,659,482.7,1060016,0.9968,53672,92455.7,69346700.0,76384,171642,16774.2,900129223
8575,3.2339,199960,23443,393897,29275,2,1318,662,485.5,1061588,0.9968,53736,85101.4,64967600.0,76309,154336,18677.8,901081315
8598,3.0714,199884,23487,394814,29338,2,1321,658,540.5,1064565,0.9965,53829,94079.5,74463800.0,76093,164123,20468.7,902836830
8608,2.8838,199858,23502,395230,29364,2,1319,661,489.2,1065499,0.9968,53656,105220,75686400.0,76227,181492,21711.2,904062529
8618,3.1462,199867,23530,395656,29393,2,1321,662,490.8,1067070,0.9968,53477,104847,83468600.0,76192,206694,18413.4,905089011
8629,2.8772,199766,23506,396145,29423,2,1327,663,461.8,1068639,0.997,53796,94211.3,71910600.0,76133,182077,22560.7,906276591
8637,3.2143,199904,23557,396486,29447,2,1326,675,480.7,1069895,0.9965,53331,102819,79187400.0,76059,215918,21249.8,906883735
8648,3.2209,199868,23568,396958,29478,2,1329,674,437.1,1070984,0.9967,53110,107800,89144800.0,76241,208665,17156.4,908033049
8670,3.0166,199783,23542,397895,29537,2,1329,675,486.7,1074125,0.9967,53221,83301.2,62528600.0,76135,168022,17126.8,910042346
8690,2.88,200000,23611,398721,29605,2,1336,663,509.9,1078217,0.997,53390,96707.7,74497900.0,75740,184620,18398.8,912355731
8710,3.0682,200000,23605,399563,29677,2,1344,655,516.2,1081184,0.9967,53476,100676,74325200.0,75833,175643,17522.3,914114402
8720,2.9817,200000,23607,400018,29704,2,1343,661,479.2,1082757,0.9968,53524,94330.1,70501200.0,75803,171346,17926.2,915193042
8730,3.0477,200000,23640,400411,29733,2,1343,660,455.9,1084328,0.9968,53570,91152.7,66108600.0,75700,179256,18957.4,916186565
8740,3.0947,200000,23646,400831,29760,2,1345,659,462.5,1085741,0.9968,53333,107278,84842300.0,75661,178679,21293.7,917311919
8750,3.1917,200000,23660,401253,29795,2,1348,661,467.3,1087466,0.9967,53236,92935.1,69228700.0,75620,213773,18293.4,918246963
8760,3.1459,200000,23687,401697,29821,2,1346,663,476.0,1089040,0.9967,53061,87608.7,66525200.0,75575,175478,17842.8,919200129
8780,3.138,200000,23740,402565,29882,2,1346,664,516.4,1092179,0.9967,53186,98766.3,75262400.0,75480,152530,17908,921260415
8790,3.1023,200000,23744,402998,29910,2,1342,672,482.4,1093751,0.9967,53260,94061.8,66782600.0,75429,194940,18961.6,922183463
8800,3.0625,200000,23748,403418,29948,2,1345,671,490.4,1095313,0.9971,53061,89651,66588200.0,75357,189612,18759.1,923566682
8820,3.0912,200000,23808,404239,29992,2,1350,667,529.8,1098469,0.997,53333,94973,75626300.0,75229,164494,18611.5,925473883
8830,3.079,200000,23815,404701,30019,2,1352,666,524.0,1100042,0.997,53198,98546.4,74715600.0,75201,214741,20592.5,926549449
8840,3.0118,200000,23814,405092,30052,2,1352,669,515.3,1101609,0.9971,53301,91772.8,75215800.0,75136,183545,19249.3,927579369
8850,3.0164,200000,23850,405528,30086,2,1353,667,481.0,1103175,0.9971,53276,89751.7,69262700.0,75090,187237,18706,928560792
8870,3.0281,200000,23903,406361,30125,2,1351,673,521.6,1106336,0.9966,53382,98043.1,73547700.0,74913,190066,19732,930139124
8880,3.1405,200000,23936,406777,30143,2,1352,672,493.9,1107758,0.9968,53494,97679.7,74575500.0,74783,164154,18792.9,931294852
8890,2.9051,200000,23967,407150,30163,2,1355,672,499.5,1109178,0.9968,52825,101068,74636600.0,74672,213910,20560.7,932344090
8910,2.7661,200000,24023,407992,30219,2,1353,673,494.6,1111841,0.9968,53166,90013.9,77353700.0,74850,186160,19058.4,934373308
8920,3.1986,200000,24058,408380,30259,2,1353,677,495.4,1113881,0.9968,53062,94672.4,73851800.0,74535,177210,19297.4,935322737
8930,3.0201,200000,24078,408802,30298,2,1353,677,484.9,1115602,0.9967,52756,96582.8,72252800.0,74524,219893,19983.9,936268213
8950,2.8532,200000,24230,409630,30348,2,1360,678,519.7,1118912,0.9971,52969,99170.2,81632600.0,74452,199796,21080.3,938619948
8960,3.2388,200000,24242,410001,30385,2,1363,680,479.0,1120475,0.9971,53025,103238,78714700.0,74395,213057,18559.5,939603697
8980,3.2979,200000,24311,410820,30432,3,1365,679,519.1,1123308,0.9968,53047,93899.6,72596900.0,74236,159739,17717.1,941297847
8990,2.9381,200000,24303,411233,30491,3,1371,677,513.2,1125169,0.9967,52637,97649.5,71508000.0,74215,160000,20827.8,942255257
9000,3.0909,200000,24328,411621,30516,3,1372,673,473.2,1126744,0.9967,52925,98091.8,76973200.0,74165,215375,20248.6,943207270
9010,2.8383,200000,24334,412048,30552,3,1371,678,480.5,1128308,0.9971,52800,95928.7,69829000.0,74099,173765,17197.5,944641157
9020,2.9141,199999,24364,412425,30585,3,1372,678,476.4,1129874,0.9971,52446,94297.3,70099600.0,74025,203956,18400.5,945612192
9041,3.0492,199950,24447,413265,30654,3,1367,684,519.4,1133004,0.9967,52680,97553,81320800.0,73897,232538,21095.7,947246584
9050,3.1092,199964,24486,413639,30682,3,1366,691,515.8,1134576,0.997,52618,89580.6,65951100.0,73833,203209,16794.2,948572164
9061,3.1813,199958,24586,414085,30710,3,1367,691,506.2,1136148,0.9969,52518,93879.8,73079700.0,73790,208698,18636,949479836
9071,3.0064,199926,24642,414476,30749,3,1371,692,473.0,1137709,0.9968,52530,88792.4,68617800.0,73728,170297,19074,950393335
9093,2.9339,199852,24663,415413,30809,3,1374,691,513.3,1140849,0.9971,52882,91792.8,72436600.0,73579,232803,17729,952703474
9103,2.8273,199848,24677,415812,30845,3,1371,696,554.0,1142893,0.9967,52825,92026.5,70411600.0,73304,193978,19862.2,953322464
9113,2.8675,199873,24676,416188,30889,3,1369,697,545.3,1144769,0.9966,52406,85740,65271600.0,73241,203561,19900.6,954217567
9123,2.8213,199852,24689,416598,30904,3,1370,698,502.6,1145554,0.9968,52944,97657.1,78327400.0,73172,189904,17781.9,955342456
9133,2.9871,199895,24666,416988,30958,3,1373,698,499.1,1147900,0.9971,52860,89733.9,63972600.0,73128,161450,16104.3,956639463
9142,3.2658,199888,24705,417346,30988,3,1375,701,499.3,1149470,0.9971,52871,93727.6,72155400.0,73015,195136,19496.7,957638071
9163,3.0996,199896,24686,418199,31070,3,1378,698,526.0,1152588,0.9968,53017,100908,78382300.0,72992,213707,20076.6,959412713
9173,2.883,199820,24689,418674,31098,3,1379,702,482.8,1154160,0.9968,53307,95554.6,70631300.0,72968,156683,17521.8,960406400
9195,2.8834,199802,24723,419502,31170,3,1384,703,545.6,1157928,0.997,53357,98588.2,77515900.0,72602,185036,17972.4,962623947
9205,3.2491,200000,24780,419892,31213,2,1389,701,531.3,1160445,0.9971,53333,94982.9,69964400.0,72544,204343,19672.7,963657356
9225,2.9134,199802,24790,420707,31247,2,1395,700,520.7,1162330,0.997,53546,101426,83549000.0,72457,182969,18020.5,965617652
9235,2.9633,200000,24811,421129,31309,2,1395,707,509.2,1165148,0.997,53384,92443,68601400.0,72440,196018,20306.9,966582142
9255,3.2321,200000,24835,421920,31392,2,1397,710,541.1,1168265,0.9968,53362,90780.1,70748300.0,72353,190974,20611.5,968476117
9265,2.8596,200000,24854,422312,31423,2,1390,722,499.2,1169834,0.9968,53305,96538.2,72613700.0,72276,168343,19467.1,969505227
9275,3.0799,200000,24857,422718,31459,2,1389,724,533.0,1171718,0.9972,53136,104035,75189000.0,72054,205383,19189.7,970851604
9285,2.8004,200000,24881,423131,31504,2,1390,718,496.3,1173593,0.9971,53273,89192.5,68139000.0,72005,187504,17379.2,971812420
9305,3.2274,200000,24891,423987,31569,2,1397,713,495.0,1176088,0.9971,53258,93919.2,68461500.0,72185,203260,18648.6,973852075
9315,2.617,200000,24906,424370,31601,2,1396,715,537.4,1178136,0.9971,53417,94986.5,68901200.0,71869,179666,18059.9,974805849
9325,2.734,200000,24931,424790,31623,2,1400,715,476.7,1179234,0.9972,53313,100610,82637200.0,72066,229885,26706.3,975970782
9335,2.694,200000,24954,425178,31644,2,1403,722,451.0,1180813,0.9972,53522,101729,91055800.0,71972,219617,21499.9,977011253
9345,2.918,200000,24975,425555,31682,2,1403,724,460.4,1182375,0.9971,53452,93890.1,75312900.0,71898,179189,17773.2,977877072
9365,2.8934,200000,25002,426339,31754,2,1405,726,500.5,1185503,0.9971,53520,94315.7,69360500.0,71766,159160,17803.4,979931514
9375,3.2489,200000,25040,426743,31791,2,1402,733,495.7,1187706,0.997,53682,86010.4,62318900.0,71501,187929,17150,980795245
9385,2.84,200000,25049,427132,31814,2,1404,737,447.5,1188643,0.997,53512,97111.6,71948300.0,71644,150642,18111.4,981799495
9405,2.8902,200000,25085,427937,31897,2,1405,740,513.0,1192559,0.9972,53833,95659,73269800.0,71378,156847,17744.8,984025579
9415,3.0568,200000,25104,428302,31921,2,1404,742,492.1,1194134,0.9972,53704,98395.8,71000900.0,71350,165534,20294.5,984984150
9425,2.8895,200000,25106,428719,31943,2,1411,732,459.2,1195712,0.9971,54199,96762.1,77596300.0,71305,201684,19910.5,985956581
9435,3.1206,200000,25105,429106,31973,2,1410,737,499.6,1197442,0.997,53852,94135.7,72869900.0,71059,197939,19071,986792240
9455,2.9101,199964,25132,429914,32044,2,1410,734,523.6,1201210,0.9973,54126,92643.7,70078900.0,71010,194998,20885.1,989089909
9465,3.0305,199968,25137,430319,32075,2,1409,734,507.0,1202779,0.9972,54140,98090.2,73769000.0,71006,185793,17518.2,990029805
9476,2.714,199958,25166,430782,32100,2,1412,730,495.7,1204354,0.9972,54022,91653.4,70166300.0,70999,188204,20157.6,991033698
9486,3.2109,199932,25151,431155,32133,2,1410,733,458.0,1205921,0.9972,54413,100721,77560500.0,70953,207713,21772.9,992045822
9506,2.7257,199934,25175,431947,32204,2,1405,742,494.6,1209050,0.9972,54517,98206.6,73209900.0,70819,184316,17572.6,994046818
9518,2.7093,199889,25180,432395,32235,2,1406,739,468.2,1210619,0.9973,54650,93953.4,67173100.0,70714,251908,21302.7,995112824
9527,2.9112,199905,25195,432755,32268,2,1409,737,460.4,1212186,0.9968,54353,109974,85653800.0,70676,166866,22495,995653758
9547,3.1082,199912,25245,433519,32335,2,1417,732,491.7,1215319,0.9971,54457,103059,82407800.0,70580,157919,18895.6,997974346
9557,2.7127,199871,25263,433913,32368,2,1419,732,494.3,1216886,0.997,54195,94778.1,69602800.0,70517,169688,20462.6,998902744
9568,2.8514,199881,25286,434366,32399,2,1419,739,453.7,1218455,0.9971,54257,92995.4,70636500.0,70524,177953,21916,999918436
9589,3.2618,199858,25335,435158,32458,2,1417,744,486.0,1221596,0.9972,54275,98632.1,74838900.0,70393,175746,21722.4,1002118194
9600,2.8341,199822,25357,435586,32484,2,1420,742,456.3,1223010,0.9973,54350,119571,95353900.0,70335,182547,23075.9,1003139328
9620,3.0984,199809,25374,436338,32541,2,1421,745,488.5,1225993,0.9972,54411,107761,85963200.0,70163,192590,19557.7,1005089645
9630,2.7732,200000,25415,436732,32606,2,1419,746,495.6,1228648,0.9972,54409,97139.4,71449900.0,70065,196860,19621.4,1006143093
9640,3.0253,199778,25445,437160,32609,2,1420,740,443.1,1229125,0.9973,54117,114112,86120500.0,70036,154428,21692.8,1007172375
9649,2.9302,199861,25411,437511,32655,2,1421,744,456.1,1230679,0.9969,53801,92994.7,72882800.0,70002,206639,19780.2,1007740317
9670,2.8031,200000,25476,438381,32724,2,1422,746,499.1,1234130,0.9973,54000,119464,95979900.0,70097,187130,23561.9,1010233055
9680,2.8939,200000,25482,438742,32754,2,1420,747,487.6,1236180,0.9973,54178,98461.3,75009100.0,69821,150545,18595.1,1011201144
9690,2.8736,200000,25484,439144,32789,2,1422,747,483.4,1237904,0.9973,53866,106067,82085300.0,69790,215659,22247.7,1012215833
9710,2.7378,200000,25506,439953,32857,2,1425,749,506.4,1241196,0.997,54312,94028.1,67760900.0,69749,210100,18875.9,1013981450
9720,2.7834,200000,25502,440342,32903,2,1429,744,467.7,1242750,0.997,54364,95033.1,71373800.0,69707,137909,18231.3,1014994680
9730,2.7731,200000,25516,440731,32934,2,1428,746,474.6,1244319,0.997,54326,100068,78671400.0,69637,198978,21702,1016002275
9740,3.0735,199799,25530,441115,32951,2,1429,751,410.6,1245102,0.997,54414,95869.9,75047500.0,69616,193022,20049.1,1016981371
9750,2.945,200000,25543,441501,32988,2,1432,750,465.7,1247145,0.9972,54408,105496,80569500.0,69534,231299,20911.7,1018170658
9770,3.0554,200000,25546,442255,33047,2,1439,742,500.3,1250286,0.9971,54423,105132,83505800.0,69408,193275,20769.7,1020158154
9780,3.06,200000,25543,442651,33089,2,1439,741,496.2,1251844,0.9972,53988,108654,82553500.0,69356,232524,22909.1,1021267058
9790,2.99,200000,25560,443066,33140,2,1432,749,486.3,1253713,0.9972,54190,99907.8,79341100.0,69361,236502,20686.7,1022222552
9800,3.1016,200000,25606,443473,33151,2,1430,759,431.8,1254502,0.9972,54412,102438,82590500.0,69557,192126,21410.7,1023240236
9810,3.0901,200000,25616,443889,33183,2,1434,757,482.9,1256709,0.9971,54498,100779,82754600.0,69333,205479,21306.1,1024138263
9820,2.7602,200000,25626,444310,33224,2,1434,761,448.7,1258428,0.997,54860,99768.8,75274600.0,69340,196905,21362,1025065008
9830,2.9665,200000,25636,444728,33253,2,1436,760,451.1,1259999,0.9971,54562,105128,84681200.0,69309,196659,21900.4,1026096778
9850,2.887,200000,25669,445551,33325,2,1439,762,481.7,1263127,0.9971,54900,105693,83554400.0,69324,185796,20256.5,1028105256
9860,3.1322,200000,25643,445964,33375,2,1436,764,482.7,1264677,0.9971,54704,96446.5,70182900.0,69291,174565,19493,1029116792
9870,2.5871,200000,25680,446345,33413,2,1432,769,476.2,1266239,0.997,54678,100494,77131300.0,69252,164856,19536.1,1030062599
9880,2.9442,200000,25688,446756,33455,2,1432,772,475.5,1267797,0.997,54544,94602.3,72528400.0,69222,213951,21813.3,1031026773
9890,2.8618,200000,25676,447141,33498,2,1434,770,446.8,1269354,0.997,54800,98267,80888400.0,69163,196054,21245,1032073673
9910,3.118,200000,25695,447977,33555,2,1436,772,477.2,1272337,0.9971,54944,104218,83335000.0,69139,171547,18890,1034135720
9920,3.0599,200000,25728,448380,33591,2,1440,775,475.2,1274061,0.9973,54735,92471.9,64062400.0,69104,180846,20378,1035411407
9930,2.9005,200000,25753,448765,33626,2,1437,773,442.4,1275626,0.997,55004,102793,83131800.0,69068,214140,22173.4,1036098024
9940,2.9291,200000,25756,449182,33652,2,1436,774,444.2,1276880,0.9971,54592,108079,85411600.0,69063,194217,21528,1037192904
9950,2.6496,200000,25753,449610,33693,2,1435,776,407.6,1277959,0.9972,54511,111356,83258600.0,69268,215524,21326.2,1038320424
9970,3.0993,200000,25769,450442,33760,2,1435,779,453.5,1281092,0.9973,54701,92971.8,72723200.0,69215,182031,19410,1040364005
9980,2.6942,200000,25762,450851,33799,2,1432,782,427.9,1282652,0.9974,54684,101198,75691400.0,69162,192146,21497.3,1041473397
10000,2.9615,200000,25769,451702,33869,2,1432,784,471.4,1285781,0.9973,54829,104923,77792900.0,69163,191272,17268,1043337924
10010,2.9665,200000,25764,452155,33903,2,1431,789,436.8,1287347,0.9972,54908,96534.8,71423500.0,69202,173067,19828.4,1044322803
10020,3.2189,200000,25761,452595,33945,2,1443,784,482.8,1289065,0.9972,54543,95723.5,73276900.0,69010,211602,19033.4,1045330919
10040,2.903,199971,25787,453419,34034,2,1445,783,503.6,1292336,0.9974,54684,89445.8,69394000.0,69012,209866,18071,1047494451
10050,3.0643,199963,25780,453827,34096,2,1447,787,468.2,1294354,0.9974,54757,92669.3,68803700.0,68997,199597,20810.8,1048502632
10070,3.0776,199961,25821,454630,34163,2,1451,786,498.3,1297487,0.9973,54635,96555.8,72775700.0,68927,209897,16034.8,1050415835
10081,2.7063,199908,25791,455097,34213,2,1456,788,457.4,1299037,0.9974,54577,101793,76780500.0,68895,178538,22479.6,1051504751
10103,2.8952,199871,25801,456017,34287,2,1456,787,505.6,1302163,0.9974,54491,97067.7,74192200.0,68887,209144,20560.3,1053529986
10112,2.7168,199872,25817,456379,34332,2,1457,788,503.4,1303718,0.9974,54413,99284.3,75855000.0,68847,191396,20379.3,1054532887
10123,2.9939,199885,25831,456829,34366,2,1458,788,463.6,1305284,0.9974,54376,97773.2,76487600.0,68834,171930,17791.1,1055530757
10132,2.9525,199914,25890,457191,34396,2,1464,781,464.3,1306854,0.9974,54313,95282.9,72671100.0,68785,187381,20381,1056524882
10154,2.867,199815,25915,458066,34459,2,1465,785,500.7,1309990,0.997,54322,96015.9,75115600.0,68732,183586,19914.7,1058111573
10163,2.9026,199868,25938,458435,34481,2,1464,786,486.1,1310928,0.9972,54161,109406,85277200.0,68685,198299,21148,1059341259
10173,2.9663,199853,25936,458852,34517,2,1467,788,419.5,1312332,0.9972,54159,102852,72153200.0,68913,214935,20806.5,1060306549
10183,2.9641,199882,25942,459252,34549,2,1462,792,427.3,1313900,0.9971,53971,102090,77953700.0,68880,162221,18403.8,1061208261
10205,2.67,199803,25967,460180,34620,2,1462,791,468.1,1317029,0.9971,54252,94789.8,75673700.0,68882,193415,19129.5,1063211905
10214,3.0067,199817,25970,460585,34662,2,1460,791,503.1,1319067,0.9971,53865,105049,79580400.0,68681,213818,24104.3,1064215983
10225,2.9956,200000,26048,461027,34720,2,1466,782,494.1,1321409,0.9974,54041,97173.3,77206200.0,68680,192547,18937.8,1065582869
10235,2.8285,200000,26037,461463,34771,2,1464,787,490.1,1323118,0.9974,53997,92086.6,63594700.0,68692,168437,16992.4,1066553547
10255,3.3213,200000,26051,462236,34840,2,1468,786,525.0,1326089,0.9974,54129,93512.8,70283200.0,68548,177647,17616.4,1068598630
10265,3.0264,200000,26069,462653,34900,2,1468,781,516.4,1327949,0.9972,54028,86037,62858900.0,68539,165106,17047.8,1069431689
10285,2.7154,200000,26093,463417,34989,2,1475,778,444.7,1331060,0.9974,54125,99158.4,75958500.0,68527,175381,18574.9,1071766203
10295,3.1025,200000,26096,463843,35030,2,1477,781,445.0,1332619,0.9975,53712,93244.2,64471000.0,68538,200800,20135.6,1072795887
10305,3.0132,200000,26120,464248,35061,2,1474,781,418.3,1334188,0.9974,53974,105713,85686000.0,68508,221844,20181.3,1073790052
10325,3.0098,200000,26118,465004,35144,2,1479,776,461.7,1337305,0.9971,53862,107035,83613900.0,68402,184906,21047.3,1075471692
10335,2.793,200000,26126,465410,35175,2,1478,779,434.9,1338874,0.9972,54014,107411,78079300.0,68361,184657,21881.4,1076541580
10345,2.8565,200000,26136,465825,35197,2,1483,773,440.8,1340132,0.9972,53817,101749,75065500.0,68349,184222,19143.3,1077562082
10365,2.9895,200000,26177,466609,35265,2,1481,782,463.6,1343264,0.9972,53792,93542,70361800.0,68302,168689,17669.4,1079590937
10375,2.7893,200000,26180,467003,35305,2,1483,785,461.1,1345143,0.9972,53658,96350.5,69133700.0,68282,195979,20833.8,1080497464
10385,3.3894,200000,26174,467403,35346,2,1489,780,431.1,1346702,0.9972,53640,105810,81929400.0,68273,193385,20396.1,1081516467
10395,3.0332,200000,26177,467810,35376,2,1488,788,439.3,1348272,0.9972,53606,98640.9,71165100.0,68247,207079,19262.6,1082513284
10405,2.7593,200000,26181,468214,35421,2,1489,780,443.0,1349826,0.9975,53651,94153.4,69676000.0,68196,198825,17984.6,1083847354
10415,2.9142,200000,26199,468601,35462,2,1493,783,446.4,1351385,0.9971,53612,93255.2,71168100.0,68190,195420,20888.2,1084447481
10435,3.0739,200000,26212,469392,35546,2,1501,776,472.6,1354501,0.9975,53646,107191,87375200.0,68139,185066,21347.2,1086864268
10445,2.8797,200000,26208,469787,35594,2,1502,774,451.2,1356053,0.9972,53766,98781.5,78316800.0,68090,196054,21595.8,1087512166
10455,3.0119,200000,26215,470165,35622,2,1506,771,450.0,1357465,0.9972,53559,100456,74334100.0,68049,179718,19447.7,1088554398
10465,3.1715,200000,26235,470531,35648,2,1509,774,452.8,1358559,0.9972,53506,102078,81300900.0,67966,181334,20712.1,1089613901
10475,2.8899,200000,26240,470935,35696,2,1516,768,460.1,1360270,0.9972,53244,99656.7,77905200.0,67937,152618,21543.8,1090591807
10495,3.0753,200000,26231,471698,35797,2,1515,774,485.1,1363847,0.9975,53566,93229.1,72286200.0,67877,222722,18478.8,1092888581
10505,2.6387,200000,26231,472062,35831,2,1517,778,448.7,1365413,0.9975,53576,102109,76813600.0,67823,199357,21353.7,1093896613
10525,2.8598,200000,26253,472796,35903,2,1521,775,479.1,1368541,0.9974,53830,99701.9,78910200.0,67704,195966,18840.3,1095803303
10535,2.854,200000,26255,473143,35949,2,1521,774,453.3,1370095,0.9974,53913,95931.1,78018000.0,67615,257211,21686.1,1096794089
10545,2.5295,200000,26253,473515,35995,2,1529,773,448.8,1371649,0.9973,53625,98210.3,81685800.0,67590,196665,18647,1097737804
10566,3.0901,199952,26288,474310,36060,2,1532,770,484.4,1374784,0.9973,53939,99931.9,79773800.0,67485,149115,18967.9,1099698610
10586,2.8506,199925,26291,475072,36144,2,1542,763,491.3,1378380,0.9974,53675,94464.3,69469000.0,67250,169381,15947.8,1101867002
10598,2.9874,199889,26284,475492,36201,2,1532,777,458.1,1380243,0.9975,53881,95552,68269900.0,67185,176807,21393.2,1102953891
10607,2.824,199878,26295,475846,36249,2,1537,780,454.1,1381794,0.9975,53726,102276,78098900.0,67175,162559,18971.7,1103931441
10629,2.9935,199850,26290,476703,36345,2,1544,778,487.0,1384738,0.9975,54002,105642,85514100.0,67142,157684,16679.1,1105952405
10637,2.8413,199892,26303,476994,36402,2,1547,777,475.8,1386441,0.9974,53822,95692.9,68866500.0,67101,172973,18541,1106845681
10649,3.252,199819,26307,477458,36447,2,1547,778,444.2,1387996,0.9975,54006,98904.2,75953200.0,67054,206992,21784.5,1107951542
10670,3.0941,199828,26393,478202,36531,2,1549,776,475.0,1390952,0.9975,54118,103090,81110800.0,67021,187954,23808.7,1110008073
10680,2.899,200000,26395,478644,36581,2,1552,771,465.9,1393142,0.9975,54165,103329,79457000.0,67023,167692,20103.6,1110968257
10698,2.9684,199842,26391,479384,36642,2,1556,770,458.5,1395640,0.9974,54128,97411.1,75834800.0,66994,179174,17951.8,1112831434
10709,2.8927,199877,26385,479736,36685,2,1559,768,490.1,1397517,0.9972,53731,88140.7,65274700.0,66811,194246,22189.7,1113631458
10720,2.8951,200000,26412,480157,36753,2,1560,771,458.1,1399689,0.9974,53960,114475,95586500.0,66942,207018,22527.1,1114933435
10730,2.6702,199843,26389,480520,36770,2,1563,769,416.7,1400472,0.9973,53662,93698.4,67429600.0,66922,184563,19329.6,1115816717
10737,2.821,199903,26422,480782,36830,2,1562,771,420.7,1402011,0.9973,53608,92947.4,71304900.0,66865,144718,17108.2,1116777840
10760,3.0176,200000,26460,481673,36936,2,1565,771,509.6,1406704,0.9974,54210,93131.6,66961500.0,66607,196990,17677.6,1118944596
10770,2.983,200000,26468,482044,36989,2,1567,767,495.2,1408250,0.9973,54044,97698.7,75811000.0,66593,196651,20178.9,1119870701
10780,2.6232,200000,26493,482454,37025,2,1565,775,456.2,1409814,0.9973,54138,100490,81943700.0,66603,193152,21946.5,1120842961
10790,2.7852,200000,26528,482850,37071,2,1566,782,427.2,1411368,0.9973,54090,109498,82365200.0,66573,216339,22939.2,1121888933
10800,2.8361,200000,26556,483254,37111,2,1568,785,428.8,1412927,0.9972,54074,104807,77535600.0,66580,239813,21389.8,1122911945
10810,2.6705,200000,26567,483637,37160,2,1571,779,432.8,1414477,0.9973,54014,102588,81203800.0,66576,181336,19947,1123920435
10820,2.9777,200000,26568,484053,37213,2,1570,783,430.9,1416024,0.9976,53955,97464.6,76880700.0,66619,161247,18974.7,1125274811
10840,2.6984,200000,26669,484838,37312,2,1570,783,500.7,1419764,0.9973,54343,87589.8,67476500.0,66345,160237,17211.6,1127025975
10850,2.8049,200000,26687,485236,37369,2,1573,778,492.0,1421467,0.9973,54209,94475.7,69299600.0,66331,205119,19105.1,1127972689
10860,3.1393,200000,26702,485651,37406,2,1581,773,451.3,1423030,0.9972,54437,95337.2,73478700.0,66347,182272,20810.3,1128885305
10870,2.6079,200000,26798,486021,37452,2,1585,769,450.5,1424584,0.9975,54289,95971,72039900.0,66333,216060,18924.2,1130246305
10880,2.9134,200000,26818,486408,37488,2,1583,776,446.2,1426148,0.9975,54249,95259.1,75881000.0,66310,155677,18213.4,1131251541
10900,3.033,200000,26873,487192,37587,2,1585,777,485.7,1429249,0.9975,54496,96414.3,73093400.0,66271,175024,18076.8,1133192358
10910,2.9092,200000,26887,487576,37644,2,1592,769,515.5,1431272,0.9975,54059,94778,72870300.0,66046,217362,20121.4,1134167064
10920,2.9893,200000,26905,487957,37688,2,1589,778,471.5,1432828,0.9974,54454,92941.1,68825900.0,66037,216147,18434,1135111001
10930,2.8013,200000,26895,488364,37749,2,1588,778,464.5,1434687,0.9972,54201,94315.4,66168000.0,66052,188103,19214.4,1135936796
10950,3.0229,200000,26956,489111,37839,2,1591,779,492.7,1437797,0.9976,54457,96906.4,75202500.0,65980,171421,17412.7,1138283308
10960,2.8517,200000,26957,489477,37886,3,1590,782,456.4,1439350,0.9976,54356,95773.1,71611500.0,65919,206709,23315,1139309955
10980,2.63,200000,26980,490239,37982,3,1588,779,490.1,1442453,0.9976,54272,99308.7,74561500.0,65869,191055,18117.5,1141322641
10990,3.07,200000,27015,490594,38022,3,1594,776,454.6,1444013,0.9973,54252,103571,77363700.0,65804,165320,21222,1141991147
11000,2.9163,200000,27112,490980,38049,3,1598,774,438.2,1445426,0.9976,54063,106355,79120600.0,65802,166126,20154,1143348166
11020,2.5984,199986,27147,491734,38139,3,1600,779,477.0,1448694,0.9976,54211,111245,92616300.0,65767,162925,20801.2,1145349355
11030,2.6587,199993,27184,492088,38176,3,1598,784,461.1,1450257,0.9976,53898,94680.2,67631300.0,65749,161222,18964.6,1146328248
11040,2.6606,199955,27242,492471,38220,3,1600,781,461.2,1451811,0.9975,53842,100255,77814600.0,65728,168486,19190,1147273625
11051,2.7002,199956,27262,492900,38255,3,1601,783,424.4,1453376,0.9975,54186,93448.4,71621000.0,65724,198738,19655.7,1148196278
11061,2.8994,199965,27282,493226,38320,3,1599,790,476.7,1455551,0.9973,54046,94307.8,72079200.0,65478,217177,20411.6,1149005599
11081,2.9934,199926,27347,493980,38405,3,1598,792,493.8,1458826,0.9976,54088,100085,74074600.0,65395,211984,22228.2,1151381498
11092,2.7995,199881,27361,494391,38442,3,1607,784,453.0,1460389,0.9976,54073,118439,91041300.0,65396,204853,21849.7,1152346975
11102,2.7792,199916,27368,494760,38488,3,1610,781,443.8,1461943,0.9976,53998,96984.7,70218900.0,65398,156426,18488,1153321907
11123,2.8469,199886,27405,495585,38584,3,1608,787,484.5,1465046,0.9974,54150,95507.5,78001400.0,65363,175463,18230.4,1155168925
11132,2.5114,199926,27421,495930,38644,3,1611,786,530.0,1467386,0.9973,54090,91706.4,67399400.0,65116,190384,20721.6,1156014834
11143,2.5551,199887,27458,496348,38664,3,1616,783,500.1,1468326,0.9974,53822,107609,88618200.0,65117,189839,20681,1157117257
11153,3.0283,199883,27478,496696,38717,3,1612,787,467.0,1470193,0.9973,54007,88506,69482800.0,65025,220493,19813,1158099865
11164,2.9972,199866,27464,497122,38760,3,1616,784,449.6,1471910,0.9976,53882,100686,73980600.0,65077,170463,15370,1159362745
11185,2.7764,200000,27477,497943,38880,3,1620,780,529.3,1476748,0.9975,54149,93081.7,70361700.0,64887,185570,17489,1161386319
11195,2.9977,200000,27538,498312,38902,3,1621,779,477.1,1478006,0.9976,54014,106751,83396200.0,64866,194906,21552.2,1162479840
11205,2.7507,200000,27543,498686,38958,3,1624,776,470.1,1479870,0.9974,53904,94426.4,68774200.0,64860,198934,20399.4,1163261906
11215,2.7543,200000,27550,499057,38997,3,1628,778,466.9,1481431,0.9974,53914,99046.3,76964300.0,64810,183847,19289,1164307543
11225,2.9759,200000,27556,499425,39044,3,1625,790,467.0,1482984,0.9974,53881,94220.7,76844800.0,64771,213584,20381,1165258847
11235,2.903,200000,27588,499788,39079,3,1626,797,447.8,1484548,0.9973,54002,105131,83170300.0,64772,162228,22535.4,1166222753
11245,2.6404,200000,27583,500159,39148,3,1630,797,448.7,1486879,0.9976,54487,94317.8,74548900.0,64573,168921,18252.1,1167478161
11265,2.6614,200000,27635,500930,39230,3,1634,793,469.9,1489995,0.9977,54578,101257,79184000.0,64592,195548,20929.5,1169669880
11275,2.8251,200000,27648,501297,39258,3,1637,794,460.4,1491567,0.9976,54444,99535.7,71411800.0,64565,188059,18784.4,1170585727
11285,2.8383,200000,27737,501639,39283,3,1638,793,452.1,1493142,0.9976,54206,101644,83366700.0,64479,195989,21230,1171600468
11295,2.7559,200000,27730,502028,39330,3,1640,794,425.5,1494695,0.9976,54503,96512.7,78038900.0,64464,187640,22115.9,1172598187
11305,3.0494,200000,27733,502409,39375,3,1646,793,465.5,1496410,0.9975,54307,99764.6,77642400.0,64240,198177,21114,1173528697
11325,2.7838,200000,27746,503185,39467,3,1643,802,487.7,1499998,0.9975,54528,95553,78259600.0,64242,159764,18094.9,1175511510
11335,2.6105,200000,27760,503546,39513,3,1643,805,476.2,1501712,0.9974,54364,95915,67557300.0,64211,215181,19657.2,1176344805
11345,2.9706,200000,27797,503892,39562,3,1648,801,446.8,1503263,0.9974,54505,96612.4,75940900.0,64134,197145,20820.1,1177406986
11355,2.6519,200000,27860,504280,39600,3,1648,804,446.4,1504665,0.9974,54387,104770,76784200.0,64121,196764,20503.2,1178421107
11375,2.783,200000,27974,505000,39676,3,1648,803,443.0,1507149,0.9975,54405,107777,79698600.0,64269,198249,19322.8,1180539795
11385,2.6662,200000,27983,505375,39724,3,1648,807,441.1,1509341,0.9974,54346,102124,75759300.0,64053,203934,21154.5,1181450299
11395,2.6266,200000,28059,505726,39751,3,1650,809,425.7,1510594,0.9975,54042,111450,83945500.0,64034,176008,19826.2,1182541575
11415,2.9297,200000,28079,506451,39871,3,1654,805,461.1,1514153,0.9976,54237,82395.7,60576900.0,64006,174266,16067.9,1184669940
11425,2.7563,200000,28091,506801,39914,3,1651,816,499.8,1515710,0.9976,53947,92651.1,69794600.0,63735,171102,19202.6,1185609484
11435,3.0545,200000,28106,507207,39968,3,1653,816,436.3,1517256,0.9976,54011,110938,89037500.0,63930,230433,20997.6,1186631055
11455,2.9019,200000,28161,507927,40058,3,1651,817,500.0,1520686,0.9975,53997,103126,77869800.0,63617,159661,19695,1188547740
11465,2.5402,200000,28206,508336,40108,3,1654,813,450.5,1521916,0.9975,53781,98970.1,64474100.0,63819,175208,21047.9,1189552238
11475,2.9268,200000,28232,508721,40151,3,1649,819,421.1,1523472,0.9975,54325,103573,80539200.0,63784,167595,17179.3,1190586127
11496,2.7858,199950,28248,509501,40279,3,1651,821,491.9,1527344,0.9977,54191,100869,83548800.0,63487,187978,21678.4,1192793697
11506,3.0168,199959,28281,509858,40318,3,1650,823,448.9,1528745,0.9974,54129,105863,79646000.0,63472,171748,20071,1193436518
11515,2.8407,199974,28297,510165,40368,3,1653,823,453.3,1530455,0.9977,53680,100115,72824400.0,63409,173361,16958.6,1194747526
11536,2.8977,199934,28330,510913,40463,3,1651,826,479.3,1533560,0.9975,54130,83074.3,61196500.0,63329,192019,17626.5,1196522255
11546,2.55,199921,28332,511284,40519,3,1656,827,477.7,1535744,0.9974,54103,97215.4,69657100.0,63026,196814,21051.3,1197421161
11556,2.4939,199948,28335,511621,40556,3,1660,824,465.9,1537147,0.9974,53626,108766,83081900.0,63013,191786,21564.9,1198467710
11579,2.6722,199846,28345,512518,40618,3,1660,823,495.6,1540285,0.9977,53879,100544,80253600.0,62967,207857,20043.6,1200791107
11589,2.448,199833,28322,512928,40668,3,1659,825,487.0,1541515,0.9977,53646,102122,73829800.0,62922,178035,19207.4,1201837118
11598,2.5508,199879,28342,513229,40720,3,1667,820,479.5,1543383,0.9974,53600,100176,81791600.0,62873,205110,22747.6,1202459758
11606,2.8481,199959,28388,513501,40761,3,1669,820,469.8,1544622,0.9974,53447,100667,81510800.0,62816,211629,21137.9,1203523372
11618,2.7843,199891,28399,513930,40811,3,1669,820,411.5,1546012,0.9975,53545,93644.2,79252300.0,62970,228375,20019.6,1204634553
11627,2.9788,199885,28436,514248,40862,3,1668,822,421.7,1547561,0.9975,53546,96386.5,74866200.0,62907,248146,18151.8,1205554611
11637,2.585,199874,28463,514681,40909,3,1669,825,431.6,1549114,0.9974,53528,87355.4,63460200.0,62853,194776,20283.8,1206531290
11660,2.6685,199825,28535,515472,41011,3,1670,822,473.8,1552211,0.9976,53751,93212.7,76535000.0,62702,199761,20862.4,1208769163
11670,2.998,200000,28531,515841,41111,3,1670,824,477.3,1554511,0.9977,53750,99675.6,73627200.0,62632,192526,19194.5,1209816078
11679,2.8044,199844,28562,516142,41126,3,1674,822,426.1,1555296,0.9976,53579,102012,74140000.0,62567,161833,17597.8,1210729746
11689,2.616,199833,28586,516513,41186,3,1677,823,436.6,1556835,0.9974,53347,87881.4,65205000.0,62525,194908,20317.3,1211494667
11710,2.9709,200000,28673,517274,41306,3,1679,821,524.5,1561035,0.9977,53655,100777,78836800.0,62270,206078,19783.8,1213946548
11720,2.744,200000,28720,517610,41357,3,1681,817,473.1,1562264,0.9974,53166,100185,76727700.0,62385,215595,21024.6,1214583609
11730,2.5671,200000,28768,518003,41407,3,1684,814,393.3,1563814,0.9977,53214,94117.5,72402500.0,62323,249066,17961.6,1215994260
11750,2.841,200000,28852,518759,41526,3,1690,810,453.6,1566735,0.9975,53512,101840,79801400.0,62247,193905,19100.7,1217889249
11760,2.96,200000,28857,519105,41579,3,1685,816,454.6,1568441,0.9974,53224,100311,73247300.0,62197,195553,20566.9,1218822742
11770,2.8909,200000,28918,519473,41620,3,1685,819,451.4,1569840,0.9975,53131,99902.8,80250800.0,62158,208023,21905.5,1219882104
11780,2.4805,200000,28932,519815,41694,3,1684,819,420.1,1571526,0.9975,53164,100980,76619600.0,62109,165006,18542.6,1220861146
11800,2.8228,200000,29102,520535,41794,3,1687,823,460.5,1574626,0.9977,53197,95743.3,71384700.0,62017,187847,16958.2,1223192080
11810,2.9011,200000,29136,520913,41836,3,1689,825,428.2,1576184,0.9977,53243,91771.3,66805800.0,61989,181393,19018,1224197745
11830,2.4662,199972,29230,521640,41922,3,1699,815,464.7,1579297,0.9977,53057,109850,81563900.0,61877,151948,19273,1226217302
11841,2.5268,199966,29336,522029,41980,3,1700,814,437.4,1580839,0.9977,53120,94790.3,68497900.0,61815,203017,20361.3,1227222725
11861,2.5639,199956,29401,522747,42095,3,1701,815,481.8,1583923,0.9975,52893,86467.2,64851000.0,61680,208969,18033.5,1228984444
11871,2.9139,199975,29432,523067,42151,3,1703,813,478.8,1585467,0.9976,52584,94145.9,68345000.0,61579,155427,17510.1,1230063377
11882,3.0584,199887,29464,523461,42199,3,1699,816,470.6,1587019,0.9978,52957,91252.4,68196000.0,61331,212998,18342.3,1231262266
11891,2.8905,199954,29535,523804,42249,3,1695,822,464.7,1589049,0.9975,52908,90538.4,64531400.0,61314,184889,19679,1231916056
11901,2.6599,199909,29550,524160,42302,3,1701,822,457.3,1590595,0.9975,52711,97142.1,79276200.0,61264,165618,18974.7,1232999299
11923,2.7001,199890,29621,524966,42400,3,1698,827,488.3,1593697,0.9974,53183,94731.4,74584100.0,61219,218537,23695.1,1234876922
11932,2.8202,199888,29666,525256,42453,3,1701,824,477.7,1595564,0.9977,52913,97131.1,69396600.0,61160,173535,17026.3,1236152949
11943,2.7735,199888,29671,525674,42502,3,1702,829,466.0,1597595,0.9975,53076,90175.8,68663200.0,60944,218728,18029,1236997906
11954,2.9165,199844,29699,526071,42552,3,1705,835,468.2,1599305,0.9978,52837,94425.3,71260800.0,60922,258432,19954,1238299923
11962,2.8289,199936,29793,526349,42590,3,1707,838,457.9,1600547,0.9975,52898,98452.3,76952100.0,60879,186170,18367.2,1239024884
11975,2.5863,200000,29930,526794,42658,3,1709,837,504.7,1603039,0.9978,52918,89842.2,67968800.0,60759,196931,18022.7,1240310079
11985,2.7681,199811,29909,527168,42706,3,1705,841,448.2,1604111,0.9978,53015,86125.3,63302600.0,60755,187983,18611.5,1241323339
12004,2.5911,199825,29930,527789,42812,3,1706,837,482.8,1607205,0.9976,53253,93358.9,75505000.0,60643,213620,18152.4,1243147284
12015,3.0927,199836,29957,528174,42865,3,1707,841,448.6,1608752,0.9976,53183,85681.6,59999400.0,60607,193168,17345.2,1244095382
12035,2.9222,199807,30060,528854,42985,3,1709,837,497.0,1612472,0.9977,53434,86178.2,57764100.0,60255,160379,15070.8,1246196074
12045,2.8369,199835,30032,529186,43036,3,1708,840,490.2,1614180,0.9977,53326,96392.4,72186200.0,60200,208186,20769.4,1247203192
12055,2.7558,199825,30016,529522,43097,3,1704,848,487.1,1615719,0.9976,53203,93917,74980000.0,60130,203042,19384.4,1248133460
12065,2.8529,200000,30096,529878,43170,3,1709,847,478.5,1618045,0.9976,53598,92004.4,72792200.0,60091,198822,19946.9,1249139075
12075,3.0043,199809,30101,530227,43189,3,1707,851,459.0,1619306,0.9978,53125,88989.8,63786500.0,59871,172879,19136.6,1250365152
12095,2.6485,200000,30121,530954,43347,3,1711,847,513.7,1623468,0.9977,53386,89585.3,65795000.0,59823,175015,17190.2,1252283321
12105,2.7291,200000,30153,531288,43414,3,1707,851,472.4,1625001,0.9976,53493,96415.5,70141700.0,59780,178713,17505.2,1253249379
12115,2.7218,200000,30158,531654,43496,3,1707,852,463.6,1627319,0.9977,53602,85777,62814900.0,59592,210007,17648.9,1254373068
12125,2.7834,200000,30195,532009,43555,3,1703,857,453.5,1628860,0.9976,53406,91853.5,64724600.0,59581,184962,17241.6,1255213399
12145,2.6709,200000,30219,532717,43699,3,1704,858,501.9,1632556,0.9976,53576,87875.2,66756600.0,59396,186019,16795.2,1257298610
12155,2.9953,200000,30256,533076,43763,3,1703,861,492.9,1634252,0.9978,53495,94166.8,66049700.0,59373,177947,18759.3,1258550746
12165,2.8244,200000,30269,533435,43819,3,1701,866,476.1,1635796,0.9977,53601,89170.1,66707000.0,59173,179403,16271.5,1259459040
12185,2.7201,200000,30276,534170,43953,3,1704,866,496.2,1639662,0.9976,53766,91042.6,68485600.0,59139,164106,18614.9,1261299206
12195,2.8444,200000,30306,534540,44021,3,1705,859,455.0,1641194,0.9978,53724,94953.1,68822900.0,59159,185979,18680,1262543387
12205,2.7143,200000,30320,534896,44087,3,1709,856,450.2,1642728,0.9976,53560,97610.7,69662400.0,59130,172074,17600.3,1263257473
12225,2.7726,200000,30342,535605,44205,3,1706,866,483.7,1645809,0.9977,53706,93702.2,72584000.0,59048,136312,16457.2,1265390759
12235,2.8497,200000,30368,535983,44291,3,1707,865,509.6,1648123,0.9978,53501,87491.9,62340700.0,58894,176101,20157.6,1266569035
12245,2.8044,200000,30389,536362,44355,3,1710,863,496.3,1649659,0.9978,53400,91087.3,69872700.0,58904,148791,15326.1,1267511203
12255,2.8101,200000,30405,536733,44419,3,1711,867,485.1,1651195,0.9977,53661,89566.4,70732500.0,58703,186917,20134.3,1268490281
12275,2.8214,200000,30429,537470,44539,3,1712,872,508.0,1654754,0.9976,53787,87528.3,64384700.0,58650,159452,16812.9,1270328829
12285,2.3347,200000,30427,537840,44630,3,1713,873,502.6,1656583,0.9976,53641,95005,67386100.0,58614,171500,20131.4,1271317579
12295,2.6659,200000,30472,538206,44668,3,1721,866,485.5,1657505,0.9977,53470,101896,83252600.0,58593,230836,19193.8,1272415004
12305,2.9218,200000,30491,538567,44761,3,1720,869,473.9,1659652,0.9978,53389,77824.7,56575700.0,58603,178589,17492.4,1273620230
12315,2.778,200000,30486,538932,44846,3,1718,871,446.5,1661166,0.9977,53319,95967.4,74391300.0,58569,183728,17775.7,1274486371
12335,2.8598,200000,30532,539653,44991,3,1718,872,495.8,1664701,0.9976,53553,92754.7,69285200.0,58346,169738,16597.5,1276376311
12345,3.0844,200000,30554,540000,45059,3,1715,879,457.0,1666073,0.9978,53452,100468,78711100.0,58327,191114,19858.8,1277621901
12355,2.8714,200000,30563,540356,45155,3,1712,885,453.9,1668057,0.9978,53227,86706.2,61194300.0,58312,192172,16294.4,1278527820
12375,2.6237,200000,30609,541053,45268,3,1718,878,491.6,1671144,0.9978,53380,97284.4,73939800.0,58203,187606,16397.6,1280570245
12385,2.8604,200000,30612,541391,45335,3,1721,883,516.2,1673157,0.9976,53218,85659,62709600.0,57952,170083,18047.3,1281407909
12395,2.3794,199984,30626,541727,45411,3,1723,882,451.8,1674201,0.9977,53145,105326,84062300.0,58090,215434,19830.2,1282479883
12405,2.4908,199962,30652,542059,45487,3,1722,883,455.3,1675725,0.9976,53221,89911.8,69293700.0,58006,164008,17402.8,1283399542
12416,2.898,199924,30671,542449,45595,3,1725,884,500.3,1678016,0.9978,53228,88408.8,62794300.0,57786,197429,17191,1284645135
12426,2.6907,199968,30734,542807,45652,3,1727,884,491.4,1679559,0.9978,53249,88922.3,68212300.0,57751,213009,16943.9,1285622111
12447,2.5986,199908,30708,543564,45808,3,1733,882,544.8,1683243,0.9978,53414,84346.4,64814600.0,57484,166405,16916.6,1287684030
12457,2.9896,199903,30734,543937,45865,3,1740,875,495.6,1684946,0.9978,53689,95677.4,72966300.0,57460,236898,22075.1,1288682355
12466,2.6719,199919,30771,544248,45921,3,1745,869,488.4,1686490,0.9978,53470,97807,72749600.0,57407,137775,15264.8,1289602948
12487,2.6123,199896,30793,544997,46056,3,1741,872,513.4,1689555,0.9976,53563,86898.5,63826500.0,57357,176669,16045.3,1291443490
12498,2.7638,199901,30797,545400,46116,3,1745,867,498.6,1691095,0.9976,53403,88190.9,60406500.0,57344,166106,18034.2,1292440068
12508,3.0619,199885,30786,545726,46182,3,1745,872,485.4,1692628,0.9976,53649,88330.2,68661100.0,57067,206149,17754.8,1293404360
12528,2.7696,199846,30844,546404,46315,3,1751,865,505.1,1696494,0.9978,53509,104921,82476700.0,56987,150812,17510.2,1295628859
12538,2.868,199883,30885,546715,46379,3,1754,863,488.8,1698030,0.9978,53178,90240.4,62238000.0,56955,172827,20176.5,1296674480
12550,2.6623,199809,30913,547143,46450,3,1757,856,450.1,1699558,0.9978,53399,106337,80208300.0,56917,193542,17543.4,1297653583
12570,2.8519,200000,30989,547841,46616,3,1757,858,532.3,1703552,0.9979,53302,93834.4,69655200.0,56696,178195,16880,1299821123
12580,2.9095,200000,31007,548211,46708,3,1766,851,490.5,1705700,0.9978,53340,86990.6,62649600.0,56682,213506,16948.9,1300705205
12590,2.7116,200000,31058,548546,46791,3,1764,857,477.9,1707697,0.9978,53425,83290.2,59744100.0,56458,213773,15724.6,1301790382
12600,2.491,200000,31059,548908,46875,3,1765,861,473.7,1709373,0.9977,53194,85154.8,60313900.0,56437,219716,16004.4,1302770147
12620,2.7276,200000,31100,549603,47039,3,1764,866,522.4,1713368,0.9977,53454,80340,60730100.0,56233,178242,16803.5,1304707262
12630,2.6151,200000,31088,549952,47119,3,1768,866,479.9,1714887,0.9978,53496,86173.6,59173700.0,56209,144000,14957.2,1305923671
12640,2.6779,200000,31112,550299,47193,3,1772,873,505.0,1716893,0.9978,53282,83736.9,60148100.0,55991,155594,16231.1,1306848259
12650,2.6487,200000,31115,550615,47270,3,1777,869,493.4,1718736,0.9977,53330,93609.4,68363300.0,55939,192043,19839.3,1307691118
12670,2.4746,200000,31125,551310,47422,3,1777,870,548.1,1722423,0.9977,53650,83793.7,63325900.0,55663,169970,16465.7,1309775278
12680,2.7338,200000,31159,551633,47495,3,1780,873,495.9,1724110,0.9976,53905,96714.1,68079800.0,55598,192128,19824.4,1310641220
12690,2.9557,200000,31147,551975,47565,3,1779,876,491.2,1725640,0.9978,53697,90996.6,67142100.0,55549,168789,15543.7,1311945961
12710,2.6206,200000,31225,552692,47703,3,1784,876,537.3,1729501,0.9979,53946,87939.3,69408600.0,55351,224605,18406.8,1314031603
12720,2.6174,200000,31237,553046,47781,3,1784,877,525.0,1731023,0.9979,53775,92075.6,68411100.0,55313,210317,18289.2,1315038323
12730,2.3812,200000,31257,553393,47845,3,1790,874,478.2,1732559,0.9979,54106,87863,65914300.0,55267,203823,19033.8,1316033028
12750,2.8105,200000,31255,554113,48012,3,1796,870,539.1,1736392,0.9979,54050,86890.5,62321800.0,55056,180403,17647.5,1318048773
12760,2.6857,200000,31283,554472,48076,3,1796,877,517.3,1737928,0.9979,53952,87927.4,61889200.0,55047,193780,15957.9,1319042165
12770,2.5606,200000,31303,554813,48139,3,1798,883,495.8,1739465,0.9979,53767,94214.3,69822400.0,55025,155028,17773.2,1320024654
12780,2.7151,200000,31320,555168,48230,3,1800,881,460.0,1740974,0.9978,53885,86246.9,68653500.0,55009,172815,17817.1,1320963852
12790,3.0607,200000,31333,555465,48309,3,1805,876,495.9,1742655,0.9978,53541,88459.3,65101200.0,54728,156032,17108.5,1321906401
12810,2.5918,199991,31354,556177,48442,3,1803,882,509.5,1746201,0.9979,53794,92115.8,69082100.0,54707,225464,14874.2,1324046792
12820,2.7136,199967,31367,556500,48516,3,1803,883,501.3,1747887,0.9978,53683,82330.8,59003200.0,54658,202299,18791.8,1324933027
12830,2.711,199966,31377,556823,48593,3,1803,883,462.0,1749410,0.9977,54085,89088.4,69610800.0,54597,179536,16641.9,1325876653
12841,2.8507,199966,31410,557214,48663,3,1808,885,499.2,1751420,0.9979,53789,86472.5,60369800.0,54367,182727,16166.3,1327106607
12862,2.8408,199902,31411,557949,48824,3,1809,889,519.2,1754778,0.9979,54006,76931.9,57968800.0,54335,164505,17693.6,1329122934
12872,2.859,199914,31414,558316,48934,3,1813,885,501.9,1757068,0.9979,54147,92244.6,67614700.0,54157,209369,20239,1330125128
12882,2.903,199935,31427,558645,49024,3,1817,883,495.0,1758578,0.9979,53889,99792.5,73530200.0,54125,185973,18344.4,1331103806
12902,3.0239,199928,31441,559394,49148,3,1818,888,512.9,1761494,0.9978,54066,93124.2,70746600.0,54112,161543,14624.2,1333027202
12912,2.7696,199918,31428,559747,49245,3,1819,890,495.9,1763157,0.9978,53946,78154.6,49528000.0,54113,150938,17268.2,1334018985
12922,2.7303,199926,31401,560097,49327,3,1823,892,460.0,1764675,0.9977,54144,92195.7,65988300.0,54117,175873,16361,1334896860
12932,2.5473,199931,31470,560424,49400,3,1827,886,474.0,1766202,0.9977,53585,86771.8,63287600.0,53904,236163,19569.2,1335851861
12955,2.7388,199830,31518,561234,49560,3,1828,887,512.6,1769242,0.9979,53734,90008.7,72335800.0,53857,216576,18659.8,1338163067
12965,3.3017,199819,31503,561606,49653,3,1829,888,497.7,1771388,0.9979,53490,89916.8,63031800.0,53846,177417,16728.8,1339139553
12974,2.6636,199808,31526,561927,49741,3,1825,893,484.8,1773060,0.9979,53335,94047,68531500.0,53842,169244,16650.7,1340121405
12982,2.5837,199900,31557,562239,49816,3,1829,891,482.0,1774585,0.9978,53199,84076.5,60456200.0,53825,183333,16320.7,1340982910
12992,2.7469,199897,31570,562583,49879,3,1831,886,473.3,1776602,0.9977,53429,87968.6,67133300.0,53605,171375,18659.9,1341909715
13014,2.6647,199831,31584,563363,50024,3,1837,885,495.5,1779336,0.9979,53489,92860.7,70074700.0,53568,183420,20196.4,1344178955
13024,2.7563,199831,31607,563724,50124,3,1837,890,488.9,1781476,0.9978,53240,96716.2,71047200.0,53565,180821,16012.3,1344985249
13035,2.8074,200000,31675,564139,50237,3,1841,890,498.6,1783763,0.9979,53559,89087.3,65208200.0,53438,213658,17988.6,1346202031
13045,2.8639,200000,31705,564485,50354,3,1839,893,489.7,1786046,0.9979,53364,85490.8,61318700.0,53446,168067,15949.2,1347134923
13065,2.6644,200000,31756,565167,50487,3,1841,891,535.9,1789273,0.9979,53586,85494.9,63529500.0,53184,199621,15831,1349244890
13085,2.7113,200000,31869,565866,50620,3,1843,895,463.2,1792660,0.9978,53151,82656.2,62298900.0,53102,227924,16905.8,1351236790
13095,2.9075,200000,31884,566221,50733,3,1845,898,495.9,1794466,0.9979,52993,86852.9,61614100.0,52930,198592,16888.3,1352392539
13105,2.7034,200000,31892,566547,50823,3,1847,900,459.0,1796456,0.9979,53119,86207.4,68123000.0,52888,222712,16529.2,1353264051
13115,2.9815,200000,31906,566901,50933,3,1850,897,456.8,1798266,0.9978,52997,86025,54955000.0,52903,215838,16971.7,1354135321
13135,2.7171,200000,31921,567593,51082,3,1853,896,516.1,1801797,0.9978,53256,78362.1,57918200.0,52670,173946,14486.2,1356180625
13145,2.902,200000,31910,567938,51187,3,1858,893,499.3,1803612,0.9978,53146,93693.1,65223900.0,52641,196405,17635,1357184331
13155,2.7072,200000,31969,568276,51258,3,1859,894,458.8,1805140,0.9979,53202,84252.1,60393000.0,52616,170882,18007.4,1358403415
13175,2.9566,200000,31994,568970,51435,3,1856,898,511.2,1808643,0.9978,53440,84193.3,62470600.0,52421,164549,18175.1,1360239943
13185,2.6358,200000,32015,569309,51504,3,1858,899,467.0,1810173,0.9978,53105,89775.2,64193800.0,52386,178281,17304.9,1361172723
13195,3.0257,200000,32017,569653,51617,3,1857,910,469.3,1811980,0.9979,52843,86945.2,60067500.0,52379,200366,16130,1362397413
13205,2.9795,200000,32036,570003,51699,3,1860,906,457.1,1813498,0.998,52530,93764.3,67073400.0,52393,190439,17082.1,1363416569
13225,2.7697,200000,32051,570680,51878,3,1861,909,491.9,1816519,0.998,52712,87207,63694200.0,52301,189948,16978.6,1365436183
13235,2.783,200000,32063,571020,51956,3,1865,909,517.7,1818361,0.9979,52438,92255.1,67924100.0,52080,173102,18028.3,1366404085
13245,2.7729,200000,32097,571352,52027,3,1867,909,445.9,1819570,0.9979,52638,106872,74457400.0,52247,196433,19258.3,1367305839
13255,2.6299,200000,32088,571717,52139,3,1869,908,488.5,1821858,0.9977,52493,87912.1,64629700.0,52071,219907,18187.1,1368097828
13275,2.8218,200000,32051,572371,52355,3,1874,909,512.5,1824840,0.998,52673,82301.5,62411700.0,52021,185048,16028.1,1370428345
13285,3.2069,200000,32048,572729,52432,3,1872,913,497.3,1826363,0.998,52422,89151.2,63098700.0,52001,195275,17696.3,1371444310
13295,2.8508,200000,32056,573124,52521,3,1873,914,487.6,1828354,0.9978,52518,88368.4,65607400.0,51860,154157,16137.4,1372251998
13305,2.7229,200000,32110,573476,52586,3,1872,917,475.8,1829729,0.9978,52308,97508.1,68907400.0,51836,202695,18699.2,1373221512
13315,2.9786,200000,32058,573837,52727,3,1871,919,480.5,1831665,0.998,52249,81874.6,58391900.0,51842,134676,15909.5,1374455112
13335,2.71,200000,32125,574533,52885,3,1874,917,523.9,1835346,0.998,52413,82960.4,61008100.0,51665,160476,16657.8,1376482237
13345,3.0925,200000,32132,574880,52961,3,1871,924,499.3,1837030,0.998,52121,95202,67222500.0,51670,181109,16720.3,1377471409
13355,2.9247,200000,32106,575259,53091,3,1876,924,490.0,1839298,0.9977,52300,75040.9,53406900.0,51501,172296,15327.7,1378159364
13365,2.7327,200000,32117,575614,53183,3,1881,921,478.8,1840805,0.9979,52036,84291.5,60226800.0,51505,184855,15780.6,1379425453
13375,2.9905,200000,32161,576000,53260,3,1883,922,482.1,1842328,0.998,52114,94543.9,68777100.0,51491,206857,17424.3,1380476219
13395,2.8785,199989,32176,576706,53428,3,1884,923,524.1,1845838,0.998,52340,87068.2,66410900.0,51324,191897,15993.2,1382474579
13405,3.1919,199976,32167,577042,53534,3,1885,928,484.9,1847652,0.9979,52447,86484.6,56762900.0,51298,218041,17703.4,1383382539
13415,2.9519,199976,32180,577348,53623,3,1885,931,510.9,1849480,0.9978,52247,85384.4,62211100.0,51059,197454,17074.5,1384217713
13426,2.7588,199961,32202,577709,53709,3,1887,933,491.1,1850674,0.998,52212,99954.6,71502100.0,51039,147591,17255.7,1385515579
13435,3.4343,199975,32229,577987,53794,3,1891,932,478.2,1852667,0.9978,52201,88665.3,61112800.0,51008,194849,16481.9,1386251097
13457,2.7127,199927,32256,578737,53980,3,1897,929,498.8,1855998,0.9979,52278,82429.8,61217600.0,51018,229673,15603,1388455864
13468,2.7753,199900,32289,579101,54045,3,1899,932,456.9,1857533,0.9978,52330,88149.3,62671300.0,50991,198480,18461,1389269672
13476,2.6144,199926,32244,579360,54160,3,1903,932,481.6,1859813,0.9979,52130,82312.5,59370000.0,50837,172987,13329.1,1390429578
13499,2.5372,199852,32281,580146,54320,3,1901,933,521.1,1863173,0.998,52359,89947,68032800.0,50684,157988,16663.9,1392575183
13508,2.9003,199877,32295,580465,54429,3,1900,935,516.5,1865144,0.9979,52008,84221.2,55434200.0,50648,194169,14922.5,1393432088
13518,3.1034,199888,32308,580804,54502,3,1900,940,490.3,1866991,0.9978,52325,85003,63107600.0,50497,159175,18954.5,1394300601
13527,2.8493,199920,32296,581126,54596,3,1899,947,483.4,1868977,0.9979,52189,86927.2,59962600.0,50452,154848,13731.7,1395446313
13549,2.8902,199857,32317,581861,54794,3,1900,950,529.7,1872779,0.9979,52423,85544.2,63227400.0,50277,184290,15652.2,1397485211
13559,2.6189,199864,32325,582183,54878,3,1906,946,518.8,1874294,0.9979,52101,85008.4,58890600.0,50204,169919,15484.2,1398432113
13569,2.6028,199839,32310,582517,54963,3,1909,945,467.9,1875809,0.9978,52241,82706,56463700.0,50209,195063,17229.7,1399359134
13578,2.9389,199907,32259,582834,55130,3,1913,947,518.6,1878041,0.9979,52265,79896.6,56811400.0,50024,185067,14693.3,1400414128
13600,2.9201,200000,32417,583587,55359,3,1914,947,589.0,1882450,0.998,52246,89298.3,66307800.0,49791,221257,17997.1,1402606726
13610,2.8144,200000,32407,583930,55470,3,1921,943,536.5,1884099,0.9979,52360,78652.3,56330200.0,49760,155752,14692.1,1403545330
13620,3.1317,200000,32475,584272,55545,3,1922,944,520.1,1885623,0.998,52072,86893.1,61851500.0,49732,176869,17050.3,1404692563
13640,3.1589,200000,32457,584941,55747,3,1924,944,557.2,1889420,0.9979,52277,84792.1,63141000.0,49508,190984,13770.5,1406570814
13660,3.0016,200000,32468,585640,55954,4,1925,948,517.3,1893053,0.9979,52399,81315.3,61833600.0,49278,199074,17826.3,1408631937
13670,3.1355,200000,32472,585967,56053,4,1921,956,474.0,1894713,0.9979,52257,93883.3,64229000.0,49234,194907,16744.2,1409612562
13680,2.8294,200000,32475,586306,56119,4,1922,955,463.8,1896087,0.9978,52162,95710.9,66096200.0,49196,169410,17949.7,1410583004
13700,3.1857,200000,32508,586980,56322,4,1924,952,501.3,1899242,0.9979,52480,75797.8,53874700.0,49140,234867,17230,1412742050
13710,3.1979,200000,32492,587305,56412,4,1924,956,526.3,1901071,0.998,52288,95594.7,71701900.0,48918,165881,18331,1413762448
13720,2.9707,200000,32493,587643,56512,4,1927,951,485.0,1902571,0.9979,52289,83846.9,60190200.0,48885,157151,15717.7,1414715940
13730,2.9381,200000,32460,587951,56646,4,1934,946,479.7,1904354,0.9978,52016,83856.3,55574100.0,48844,184488,16594.9,1415577887
13750,2.9385,200000,32492,588631,56830,4,1932,952,536.5,1907529,0.9979,52107,85652.2,65021300.0,48631,197528,16882,1417695996
13760,2.8791,200000,32512,588944,56925,4,1935,950,514.7,1909194,0.9979,51904,97737.3,70983300.0,48588,174989,18775.1,1418682262
13770,3.0522,200000,32504,589275,57041,4,1938,950,506.1,1911318,0.998,51780,88249.4,66276900.0,48556,199951,20130.8,1419885485
13780,2.8832,200000,32519,589605,57124,4,1938,951,487.5,1912835,0.998,51593,88409.3,64430700.0,48552,198484,18733.8,1420880636
13790,2.997,200000,32529,589931,57203,4,1942,951,447.7,1914356,0.998,51796,104536,80714600.0,48540,251003,16726.2,1421800447
13810,2.7973,200000,32524,590593,57411,4,1941,949,494.6,1917987,0.998,51868,88444.9,63624600.0,48348,191056,15564.9,1423906340
13820,3.1106,200000,32522,590943,57526,4,1945,946,456.7,1919632,0.9979,52033,85536.2,57666600.0,48346,187953,17084.5,1424745190
13840,2.7233,200000,32532,591579,57712,4,1946,950,514.5,1923444,0.998,52095,97118.6,76910700.0,48074,199356,16945.2,1426900486
13850,3.0237,200000,32534,591899,57815,4,1950,952,499.4,1925578,0.9978,52207,81428.2,55962300.0,47867,160139,15424.7,1427634837
13860,3.3561,200000,32559,592228,57897,4,1951,954,484.9,1927096,0.998,51874,86138.4,56195700.0,47831,183777,14677.8,1428857069
13870,3.2849,200000,32575,592592,57994,4,1954,955,479.9,1928751,0.998,51607,92119,68496700.0,47839,202809,20044,1429881598
13880,3.1722,200000,32550,592930,58090,4,1956,956,473.5,1930253,0.998,51651,89121.4,70001400.0,47810,215106,16448.7,1430865021
13901,3.0141,199960,32553,593653,58292,4,1964,955,522.5,1934047,0.998,51826,83319,57833800.0,47657,181451,15694.5,1432934617
13911,3.0601,199970,32527,593970,58420,4,1964,957,481.2,1935515,0.998,51932,86059.7,57932300.0,47653,187326,15496,1433828658
13921,3.2987,199936,32516,594314,58538,4,1969,961,501.6,1937637,0.998,51731,81297.6,53775500.0,47508,187452,14279.1,1434939210
13931,2.8839,199965,32548,594662,58625,4,1971,964,490.4,1939309,0.998,51627,86112.7,62402000.0,47484,217327,17353.5,1435889951
13951,3.2007,199936,32506,595344,58823,4,1975,963,517.9,1942297,0.9979,51836,80130,56171900.0,47474,187093,16087.8,1437746500
13961,3.1543,199957,32471,595685,58936,4,1978,963,548.1,1943780,0.9979,51344,90289.1,65934100.0,47259,161811,18080.6,1438758019
13972,2.9002,199923,32451,596056,59046,4,1978,965,488.5,1945270,0.9979,51399,92972.7,66913700.0,47433,165693,17637.5,1439741013
13982,3.0041,199942,32442,596390,59157,4,1977,971,485.2,1947239,0.9979,51505,86869,65474100.0,47234,215305,17594.9,1440696633
13992,3.4248,199923,32480,596715,59237,4,1980,974,467.6,1948599,0.9978,51304,85033.9,60832700.0,47195,191822,17150,1441633461
14014,2.6467,199875,32463,597383,59461,4,1979,977,494.0,1952054,0.998,51276,94202.9,66443000.0,47139,157342,16548.5,1443967745
14023,3.0909,199900,32517,597661,59543,4,1981,974,481.0,1953572,0.9979,50962,90769.2,62931100.0,47101,187569,17983.2,1444758849
14035,3.2389,199841,32563,598055,59643,5,1979,978,462.9,1955230,0.9981,51246,85404.3,65022000.0,46942,169891,15193.5,1446005920
14043,3.0856,199903,32488,598328,59800,5,1981,980,472.5,1957310,0.998,51029,86471.7,59505400.0,46921,153337,15702.2,1446911763
14065,2.6594,200000,32514,599018,60075,5,1981,983,554.8,1961825,0.998,51165,91189.8,65609500.0,46676,183625,17048.3,1449010839
14075,3.4621,200000,32551,599344,60178,5,1984,982,531.0,1963322,0.9979,50904,80685.3,58058400.0,46652,206201,15901.4,1449860924
14085,3.6202,200000,32549,599649,60282,5,1984,985,489.0,1964818,0.998,51050,81360,62649300.0,46603,224833,16201.6,1451156017
14095,3.4435,200000,32571,599934,60381,5,1984,989,473.4,1966799,0.998,51015,82626.4,59106300.0,46371,184435,14274.7,1452145168
14105,3.192,200000,32546,600282,60506,5,1988,986,474.5,1968434,0.9979,50779,83500.4,58021500.0,46337,175696,16278.6,1453007688
14115,2.9844,200000,32568,600611,60636,5,1993,982,475.5,1970063,0.9981,50650,83915.9,59942400.0,46320,197600,15640,1454267015
14135,3.071,200000,32627,601275,60829,6,1993,984,525.0,1973390,0.998,50893,90174.5,73735400.0,46107,206503,16921.2,1456117766
14145,3.3211,200000,32633,601601,60987,6,1995,984,482.0,1975311,0.9981,50788,81942.2,55504800.0,46136,238779,20179,1457286888
14155,3.0814,200000,32673,601909,61052,6,1996,985,473.8,1976685,0.9979,50538,97620.1,78568700.0,46072,191851,18766.1,1458020913
14175,3.266,200000,32706,602583,61276,6,1996,985,512.4,1980300,0.9979,50742,80621,59915400.0,45926,223107,17338.4,1460010280
14185,3.1105,200000,32719,602884,61407,6,2000,983,505.0,1982088,0.9981,50687,91677.7,63783500.0,45878,168200,16962.7,1461293855
14195,3.1494,200000,32734,603225,61498,6,1996,992,465.2,1983597,0.9981,50922,90997.6,68842500.0,45864,182897,20838.9,1462295519
14215,3.1302,200000,32734,603888,61729,6,1999,991,520.6,1986886,0.9979,50758,90195,66449400.0,45652,192876,17511.1,1464100729
14225,2.9575,200000,32693,604225,61858,6,2004,993,512.1,1988837,0.9981,50559,86593.2,57745000.0,45645,182286,17010,1465319658
14235,3.0425,200000,32727,604565,61947,6,2014,990,501.3,1990348,0.9981,50506,86710.1,62922500.0,45609,185053,17045.8,1466320449
14245,3.1194,200000,32736,604913,62052,6,2013,998,497.9,1991842,0.998,50391,86025.2,62862500.0,45591,147671,14074.9,1467212308
14255,2.7827,200000,32722,605226,62177,6,2016,996,485.4,1993955,0.9979,50561,80064.8,60154200.0,45387,185459,17051.8,1468082436
14265,2.921,200000,32708,605578,62267,6,2018,997,478.8,1995304,0.9981,50237,85752.3,60273400.0,45381,179320,16207,1469336215
14275,3.2762,200000,32748,605896,62366,6,2017,997,464.1,1996805,0.9981,50117,88569.5,69431200.0,45352,208432,17578.5,1470331275
14295,3.4847,200000,32741,606564,62599,6,2021,993,502.6,2000090,0.998,50480,78950.1,57452900.0,45330,193919,19138.2,1472192046
14305,3.5469,200000,32709,606918,62728,6,2021,995,490.1,2002200,0.9979,50459,87133.3,64499100.0,45149,175404,16157.5,1473062080
14315,3.2013,200000,32732,607262,62820,6,2024,995,485.7,2003706,0.9979,50264,92411.5,61829100.0,45101,153073,16663,1474035530
14325,3.1968,200000,32732,607595,62936,6,2029,992,481.1,2005349,0.9981,50071,92081.4,65449800.0,45074,129688,15107.2,1475324303
14345,3.4649,200000,32766,608309,63119,6,2032,992,530.8,2008846,0.9981,50254,92461,69225500.0,44916,174316,18379.4,1477354310
14355,3.2144,199966,32756,608627,63231,6,2038,990,488.1,2010491,0.9981,50140,96452.6,69108200.0,44860,177278,18413,1478361939
14375,3.3373,199974,32711,609341,63486,6,2039,995,525.8,2013593,0.998,49895,92813.2,69672600.0,44856,243322,15620.7,1480262446
14386,3.4089,199971,32690,609701,63611,6,2039,999,542.3,2015867,0.9981,49837,76684.7,51591100.0,44678,156076,15678.3,1481327010
14396,3.1993,199976,32741,610034,63702,6,2038,1002,522.2,2017374,0.9981,49782,85007.6,63151700.0,44676,211078,15549.2,1482349288
14406,3.3143,199957,32748,610334,63791,6,2043,997,500.7,2019205,0.998,49997,82784.1,61404000.0,44436,240684,16187.8,1483173060
14417,3.2151,199930,32732,610704,63916,6,2046,995,493.6,2020519,0.9981,49610,89990.7,62000000.0,44413,190276,15848.7,1484337993
14436,3.4237,199923,32775,611330,64151,6,2042,1005,543.4,2024283,0.998,49931,84603.4,65558800.0,44174,205778,18258.1,1486166128
14447,3.4087,199928,32755,611704,64277,6,2043,1005,529.9,2026235,0.9981,49895,83709.5,55340300.0,44205,173379,13768.7,1487339433
14457,3.3851,199882,32745,612033,64407,6,2045,1003,486.2,2027864,0.9981,50166,81607.6,57757200.0,44191,211659,16418.9,1488375135
14466,3.2215,199957,32763,612322,64513,6,2044,1007,512.7,2029356,0.998,49956,80623.3,56958500.0,44016,187382,14769.9,1489245517
14489,3.2924,199853,32758,613024,64706,6,2048,1002,529.2,2032518,0.9981,50167,88635.4,59875300.0,43924,196240,15253.9,1491436087
14499,2.8977,199882,32729,613351,64850,6,2046,1005,517.8,2034612,0.9981,50154,79007.1,50726500.0,43926,145807,14583.8,1492381815
14510,3.3449,199854,32770,613697,64961,6,2038,1017,475.6,2036099,0.9981,50082,93435.6,68805700.0,43898,187894,19754.5,1493434580
14518,2.9499,199892,32814,613956,65046,6,2039,1016,468.3,2037612,0.998,49914,91807.4,63975300.0,43845,178374,15591.9,1494265773
14539,3.1313,199837,32772,614645,65261,7,2037,1022,497.3,2040593,0.998,50135,92467.8,64332300.0,43828,196891,15910.6,1496200934
14550,3.1176,200000,32813,615017,65410,7,2035,1029,505.5,2043000,0.9981,50190,84642,57759600.0,43665,162013,15432,1497460108
14560,2.9263,199853,32817,615319,65473,7,2035,1030,451.4,2044057,0.9981,49823,88390.5,61588700.0,43643,186252,15481.1,1498432754
14580,3.1268,200000,32836,615999,65773,7,2039,1027,542.4,2048713,0.9981,50158,85167.6,61461200.0,43456,157945,14941.5,1500422710
14590,2.9277,200000,32870,616335,65866,7,2041,1025,525.2,2050219,0.9981,50038,90559.8,69253700.0,43399,180652,17697.9,1501509445
14600,3.0931,200000,32858,616640,65987,7,2046,1025,431.1,2051857,0.9979,49937,84147.6,59968100.0,43345,186008,17070.8,1502367037
14620,3.29,200000,32868,617282,66208,7,2047,1029,470.8,2054832,0.9981,49987,91612.1,70144400.0,43274,209071,17736,1504695532
14630,3.4091,200000,32866,617601,66309,7,2049,1030,461.1,2056808,0.9981,50027,84408.3,61495900.0,43068,152565,15843.2,1505604505
14650,3.456,200000,32887,618257,66521,7,2054,1025,470.0,2059314,0.9981,50039,86413,64629900.0,43175,154019,15449.6,1507599422
14660,3.1424,200000,32889,618551,66680,7,2055,1027,510.2,2061555,0.9981,49768,79768.5,57142400.0,42937,208577,17357.3,1508708951
14670,3.2619,200000,32925,618826,66774,7,2054,1031,507.1,2063059,0.9981,49655,93960.2,71162700.0,42826,175182,17754,1509707927
14680,3.4158,200000,32898,619152,66896,7,2051,1040,467.6,2064532,0.9981,49698,81529,58495700.0,42819,198981,17049.9,1510716160
14700,2.8726,200000,32935,619794,67073,8,2054,1040,511.7,2067710,0.9981,49728,84721.1,64698000.0,42616,200189,16833.4,1512599725
14710,3.4425,200000,32864,620116,67257,8,2053,1048,509.1,2069758,0.9981,49419,76512.2,51270700.0,42619,193259,15577.7,1513727108
14720,3.4918,200000,32847,620411,67369,8,2052,1054,471.0,2071235,0.9981,49634,87580.4,64920900.0,42574,185389,15358.3,1514694007
14730,3.197,200000,32804,620741,67487,8,2054,1056,495.9,2073193,0.998,49513,82316.9,55241800.0,42419,183521,15812.6,1515444177
14740,3.38,200000,32831,621084,67614,8,2054,1053,488.2,2074823,0.998,49386,86306.5,66017300.0,42420,189419,16282.9,1516490248
14750,3.2064,200000,32802,621397,67724,8,2056,1056,485.0,2076469,0.9981,49240,84728.9,60288300.0,42396,178967,16741,1517713099
14770,2.8175,200000,32814,621996,67913,8,2059,1061,500.8,2079477,0.998,49367,79824.9,61601700.0,42317,138945,15932.3,1519583776
14780,3.0702,200000,32764,622346,68086,8,2059,1063,535.9,2081700,0.9981,49168,81480.2,58134600.0,42162,202654,15700.8,1520732894
14790,3.3234,200000,32830,622671,68169,8,2059,1061,554.8,2083217,0.9981,49137,81932.5,62901600.0,41947,176915,16467.7,1521662435
14800,3.4561,200000,32873,623001,68240,8,2067,1049,474.0,2084746,0.9981,49359,97238,73584900.0,42124,173367,20054,1522658999
14810,3.2959,200000,32856,623328,68376,8,2061,1057,512.7,2086850,0.9982,49188,89359.8,64403200.0,41929,174064,15356.8,1523776730
14820,3.1546,200000,32892,623609,68512,8,2066,1058,505.8,2088473,0.9982,49055,84707.9,60935400.0,41868,162887,16586.6,1524783733
14840,3.7683,200000,32922,624238,68714,8,2074,1052,539.6,2091948,0.998,49294,89725.7,66183800.0,41694,150584,16732,1526552165
14851,3.1,199970,32881,624596,68882,8,2069,1055,533.2,2093699,0.9981,49104,83091.1,56842400.0,41657,142595,15537.4,1527781949
14860,3.4394,199967,32937,624857,68974,8,2072,1051,488.7,2095207,0.9981,49239,81424.7,57130400.0,41599,146297,14841.9,1528684713
14871,3.2498,199967,32923,625226,69103,8,2074,1054,511.7,2097157,0.9982,48929,81625,55788700.0,41433,155124,15492.7,1529811071
14880,3.5571,200000,32936,625518,69244,8,2077,1054,505.2,2098934,0.9981,48982,80510.4,56701100.0,41421,156432,13506.6,1530683133
14902,3.1614,199925,32910,626274,69478,8,2078,1050,547.7,2102539,0.9982,49164,79783.4,59260700.0,41270,181199,14870.9,1532823905
14911,3.2407,199960,32931,626557,69612,8,2082,1052,530.2,2104163,0.9981,48988,78587.4,54271100.0,41245,187907,16511.2,1533734935
14921,3.4279,199921,32935,626886,69720,8,2081,1061,488.1,2105655,0.998,49209,91195.7,68381300.0,41201,189203,16039,1534658246
14933,3.1389,199905,32906,627251,69857,8,2081,1058,515.5,2107755,0.9982,49012,79057.9,56974800.0,41028,149089,16956.2,1535846866
14942,3.0606,199926,32925,627570,69985,8,2086,1058,507.2,2109219,0.9982,48762,88861.4,67133000.0,41042,164440,15759,1536848187
14964,3.5404,199885,32896,628270,70242,8,2087,1057,552.7,2112467,0.998,48886,86384.1,64636500.0,40850,169349,16619.6,1538527366
14973,3.5913,199900,32836,628547,70423,8,2089,1058,546.3,2114524,0.9982,48735,84221.8,57993400.0,40804,158205,15194.2,1539844786
14983,3.5065,199900,32895,628833,70536,8,2090,1062,523.0,2116010,0.9981,48735,82969.3,59014000.0,40782,171824,15415.5,1540732640
14993,3.3555,199894,32912,629150,70643,8,2098,1062,540.9,2117503,0.998,48456,82776,61678100.0,40581,149764,16028.2,1541670945
15004,2.9608,199881,32867,629468,70778,8,2103,1058,492.2,2119608,0.9982,48867,76157.4,53864000.0,40587,155348,16109.2,1542840040
15012,3.2633,199908,32864,629752,70924,8,2105,1057,495.3,2121219,0.9981,48715,84188.5,58874600.0,40538,186840,15370.1,1543755247
15024,3.0481,199844,32895,630113,71031,8,2106,1056,511.7,2122872,0.9982,48684,87164,64097800.0,40352,165602,15182,1544858215
15035,3.4538,199863,32919,630386,71164,8,2108,1056,499.2,2124978,0.9982,48859,80664.6,56545700.0,40318,194230,16991.1,1545898937
15054,3.4648,199844,32908,630979,71426,8,2113,1051,548.4,2128715,0.9981,48982,77132.1,53662700.0,40060,175174,13850.2,1547706202
15064,3.1709,199868,32958,631293,71537,8,2112,1054,556.8,2130524,0.9982,48951,87553.8,61738100.0,39900,209967,17723,1548898621
15075,3.7219,200000,33001,631660,71733,8,2115,1056,536.9,2133206,0.9981,49069,79808.8,58641200.0,39924,159229,14743.8,1549833139
15095,2.93,200000,33051,632293,71990,8,2118,1059,576.8,2136627,0.9981,49271,82126.4,57691200.0,39701,183384,14276.5,1551904602
15105,3.8142,200000,33090,632603,72115,8,2118,1066,460.4,2138262,0.9981,48981,89283,64541500.0,39673,171019,16822.4,1552918470
15125,3.4987,200000,33128,633202,72363,8,2124,1061,519.8,2141373,0.9981,49081,87101,63054600.0,39431,185604,16080.1,1554999737
15135,3.0395,200000,33148,633522,72497,9,2126,1062,509.2,2143637,0.998,48871,86862.9,58771200.0,39407,199984,17809.3,1555799830
15145,3.3724,200000,33209,633810,72622,9,2132,1059,498.0,2145112,0.9982,48652,88239.9,65940800.0,39358,148964,17257.3,1557118875
15155,3.3728,200000,33211,634129,72721,9,2129,1068,488.0,2146613,0.9982,48566,93131.6,67818000.0,39330,156973,18076.9,1558132707
15165,3.7111,200000,33216,634450,72840,9,2132,1059,485.3,2148091,0.9982,48634,86085.8,64386900.0,39295,163272,15808.1,1559095619
15175,3.0766,200000,33232,634735,72944,9,2130,1064,509.7,2149586,0.9982,48478,91316.8,68907700.0,39082,167937,17543.9,1560123128
15185,3.6472,200000,33213,635008,73115,9,2135,1061,474.9,2151815,0.9981,48729,80853.9,60944900.0,39029,176930,16426.6,1560965416
15195,3.5091,200000,33250,635316,73210,9,2138,1061,471.1,2153158,0.9982,48498,84661.2,58456800.0,38984,210363,16212.9,1562158068
15215,2.8786,200000,33288,635939,73536,9,2137,1069,523.3,2156992,0.9982,48900,75816.6,53785300.0,38838,176890,13987.2,1564139004
15225,3.2625,200000,33291,636244,73685,9,2139,1071,497.9,2159081,0.9981,48773,76445.6,52983400.0,38683,171385,16284.9,1564951095
15245,3.264,200000,33334,636827,73953,9,2140,1068,524.8,2162171,0.9982,48851,93402.9,68806600.0,38596,129628,16251.5,1567181533
15255,3.3679,200000,33364,637135,74066,9,2138,1070,476.9,2163658,0.9982,48680,81972.5,55892900.0,38582,200625,16196.3,1568174326
15265,3.3398,200000,33348,637451,74201,9,2141,1067,505.7,2165601,0.998,48269,84360.5,59781000.0,38433,184610,14913.2,1568931783
15285,3.252,200000,33396,638061,74483,9,2146,1061,550.6,2169158,0.9981,48511,77969.4,53676000.0,38271,168962,13082.9,1571053056
15295,3.3099,200000,33410,638377,74602,9,2145,1063,524.8,2170798,0.9981,48022,89486.2,59572400.0,38263,171215,16830.9,1572064061
15305,3.2718,200000,33343,638692,74786,9,2147,1061,488.1,2172531,0.998,48159,79653.6,53644800.0,38244,172643,15927.5,1572878469
15325,3.2058,200000,33420,639304,75033,9,2149,1065,511.5,2175482,0.9981,48546,86791.6,64190500.0,38215,208496,16361.9,1575091232
15335,3.8472,200000,33388,639617,75224,9,2153,1066,502.2,2177527,0.9982,48291,80264.7,58956400.0,38016,172378,15267.4,1576189073
15345,3.057,200000,33430,639907,75358,9,2153,1073,490.8,2179152,0.9982,48097,91077,61952800.0,37998,127367,16216.7,1577163857
15365,3.4887,199998,33466,640491,75639,9,2158,1070,540.8,2182710,0.9982,48183,75438.3,54002100.0,37758,177890,14052.2,1579223042
15375,3.5176,199986,33467,640808,75792,9,2159,1070,518.0,2184797,0.9981,48313,80056.9,55635500.0,37583,176812,15151.8,1580039471
15396,2.9108,199968,33503,641449,76053,9,2163,1071,537.6,2187734,0.9982,48230,84303.3,61646400.0,37529,181807,13979.3,1582193023
15405,3.1765,199974,33470,641731,76221,9,2166,1065,522.9,2189485,0.9981,48364,74990.6,51175700.0,37328,139815,14416.8,1583075366
15416,3.3848,199962,33471,642083,76358,9,2168,1064,509.4,2191428,0.9982,48003,81725.7,56065500.0,37308,226313,17016.3,1584242918
15426,3.2978,199969,33455,642446,76531,9,2171,1065,509.4,2193173,0.9982,47934,81366.4,57953300.0,37360,198227,14095.6,1585183281
15447,3.1237,199947,33495,643102,76779,10,2170,1072,532.7,2196125,0.9981,48125,90107.5,65225200.0,37318,177519,15437,1587067884
15456,3.2811,199933,33520,643375,76911,10,2171,1072,544.7,2197913,0.998,48043,81058.8,57226800.0,37128,155107,16323.1,1587967671
15468,3.1062,199883,33500,643742,77087,10,2172,1072,505.8,2199816,0.9982,48121,81204.5,58946000.0,37077,190774,16070.4,1589249951
15488,3.7502,199906,33584,644325,77351,10,2175,1075,534.7,2202751,0.9982,48133,79140.9,56393800.0,36973,172847,15554,1591282830
15498,2.9054,199878,33605,644625,77473,10,2174,1079,508.7,2204709,0.998,48057,89754.4,65529700.0,36759,191217,18870.7,1591937128
15507,3.2171,199943,33586,644868,77643,10,2174,1083,513.6,2206459,0.9982,47724,78878.9,55251500.0,36705,204763,14302.1,1593217209
15528,3.7771,199896,33675,645522,77845,10,2178,1087,529.2,2209455,0.9981,47688,84935.4,60974300.0,36629,173289,16324.6,1595084966
15538,3.2293,199906,33631,645843,78016,10,2182,1086,569.1,2211203,0.9981,47561,83966,60033600.0,36408,153936,15897.2,1596074344
15550,3.7641,199840,33658,646236,78148,10,2182,1091,517.2,2212830,0.998,47693,86141,61985400.0,36404,161586,16404.3,1596993874
15558,3.285,199887,33713,646482,78270,10,2179,1099,502.8,2214307,0.9982,47567,80735,56138100.0,36385,161009,14262.5,1598259519
15569,2.9195,199860,33711,646836,78442,10,2178,1105,497.6,2216054,0.9982,47337,84803.4,60660400.0,36394,213354,17135.8,1599218626
15590,3.1482,200000,33801,647493,78794,10,2184,1105,569.3,2220182,0.9982,47720,87613.1,61898000.0,36240,191649,15082.2,1601335067
15600,3.2249,200000,33868,647780,78900,10,2185,1115,461.8,2221675,0.9981,47319,89131.2,67709300.0,36148,186923,17140.7,1602363492
15620,3.7001,200000,33848,648374,79210,10,2186,1114,518.6,2225044,0.9982,47563,86178.9,61526100.0,35937,137327,14766.8,1604466855
15630,3.4725,200000,33830,648673,79395,10,2187,1116,510.4,2227099,0.9981,47344,87516.6,57478400.0,35939,145682,16066.4,1605318282
15640,3.3508,200000,33857,648994,79515,10,2194,1113,497.1,2228578,0.9981,47137,84117.7,63501200.0,35933,230474,17921.2,1606280792
15650,2.9749,200000,33845,649311,79660,10,2194,1121,461.7,2230033,0.9981,47143,86660.2,63890000.0,35923,153618,16354.5,1607301835
15670,3.3095,200000,33894,649854,79901,10,2194,1117,508.3,2232985,0.9982,47354,85801.6,59327200.0,35675,159962,14873.2,1609436152
15680,3.5374,200000,33919,650117,80032,10,2198,1117,496.1,2234933,0.9982,47065,93825.5,65602700.0,35609,176542,17813.3,1610438143
15690,4.0216,200000,33923,650425,80176,10,2206,1112,462.0,2236547,0.9981,47017,81981.5,60311900.0,35587,211781,17144.8,1611344761
15700,3.1261,200000,33905,650710,80305,10,2206,1119,462.9,2238017,0.9982,46756,87579,63732800.0,35538,210883,15930,1612553407
15720,3.5785,200000,33945,651315,80604,10,2209,1116,519.5,2241556,0.9981,46803,79118.6,55568900.0,35316,183357,14749.1,1614380194
15730,2.8378,200000,33964,651629,80783,10,2209,1119,515.9,2243296,0.9982,46519,80070.8,53517000.0,35294,189177,15123.7,1615541642
15740,3.5939,200000,33953,651948,80932,10,2213,1121,475.0,2244747,0.9982,46759,85485.7,61926900.0,35308,181530,14907.9,1616564907
15750,3.0442,200000,33927,652279,81094,10,2219,1113,504.7,2246664,0.9981,46741,75980.6,51602200.0,35166,155417,14484.7,1617359953
15760,3.5044,200000,33930,652577,81287,10,2215,1118,507.7,2248389,0.9982,46642,83455.6,59517000.0,35133,174171,15808.7,1618581958
15770,3.6236,200000,33965,652878,81411,10,2217,1120,495.0,2249862,0.9982,46646,84677.9,58029500.0,35114,166984,16377.8,1619580709
15780,2.9018,200000,33961,653188,81564,10,2222,1123,494.1,2251301,0.9982,46657,86458.2,59786700.0,35096,179329,15392.5,1620551939
15800,3.7024,200000,33864,653806,81944,10,2223,1122,546.0,2254914,0.9983,46864,75078.2,53324700.0,34980,170539,16501.7,1622610925
15810,3.9417,200000,33925,654089,82071,10,2226,1126,526.5,2256379,0.9982,46575,94035.9,65184100.0,34937,168122,15821,1623594162
15820,3.198,200000,33902,654411,82207,10,2223,1131,513.9,2257841,0.9982,46637,86030.4,60313800.0,34931,175216,17150.1,1624579601
15830,4.2126,200000,33891,654728,82352,10,2223,1132,473.9,2259293,0.9982,46789,91042.3,67286700.0,34934,199303,17024.4,1625537432
15850,2.9966,200000,33936,655348,82613,10,2226,1125,525.0,2262711,0.9981,46749,85353.6,59756500.0,34761,197445,15787.4,1627370166
15860,3.4123,200000,33952,655639,82740,10,2228,1129,509.0,2264023,0.9982,46534,90721.2,65886300.0,34711,155007,16163.5,1628503192
15870,3.3335,200000,33968,655920,82892,10,2238,1120,468.7,2265630,0.9983,46452,81092.4,54649400.0,34688,213685,14873.4,1629642755
15880,3.1207,200000,33945,656202,83082,10,2240,1123,477.3,2267358,0.9982,46409,80704.9,53415600.0,34652,120475,13299.1,1630565795
15900,3.783,199979,34056,656786,83359,10,2245,1124,501.5,2270281,0.9981,46533,81875,57319400.0,34612,174263,16354.6,1632461697
15911,3.9564,199979,34010,657098,83581,10,2244,1128,542.2,2272458,0.9982,46357,83393.5,58667600.0,34410,156423,14454.5,1633629962
15921,3.3186,199968,34090,657395,83705,10,2248,1128,496.0,2273934,0.9982,46576,82818.8,56213800.0,34362,191876,14289.3,1634550811
15931,3.6891,199970,34107,657701,83876,10,2249,1134,509.7,2275841,0.9982,46351,81901.2,55122500.0,34215,138248,14809.1,1635649810
15950,3.3297,199982,34128,658279,84204,10,2254,1127,540.4,2279033,0.9981,46572,88709.2,65427000.0,34191,170031,16004.2,1637491383
15961,3.2553,199936,34144,658609,84342,10,2256,1129,514.4,2280655,0.9981,46444,83016,63888500.0,34015,172483,15233.7,1638469105
15972,3.674,199936,34116,658950,84563,10,2258,1128,516.7,2282673,0.9983,46185,76345.4,52678300.0,34031,170764,15634.5,1639681403
15981,3.2448,199953,34136,659226,84713,10,2259,1131,507.0,2284123,0.9982,46423,83565.9,59507300.0,34000,171217,15096.6,1640548685
15991,3.6323,199946,34148,659548,84873,10,2256,1137,533.5,2285563,0.9981,46294,86280.4,62380700.0,33836,203317,16986.8,1641507287
16013,3.5897,199912,34166,660235,85161,10,2257,1136,543.5,2288474,0.9981,46676,84435.4,64767600.0,33936,181154,16582.1,1643490597
16023,2.563,199896,34183,660495,85360,10,2257,1132,560.0,2290514,0.9982,46452,83620.4,57101700.0,33748,144816,12653.3,1644678508
16033,3.6076,199915,34222,660778,85525,10,2261,1131,549.2,2292109,0.9982,46354,75727.1,52273900.0,33679,176362,16048.4,1645550833
16042,3.7828,199902,34235,661098,85685,10,2264,1130,501.1,2293548,0.9982,46645,84148,59528900.0,33680,201693,17192.8,1646553100
16063,3.1145,199869,34305,661669,85989,10,2270,1128,555.7,2297082,0.9982,46572,92195.7,73166000.0,33417,210319,16160.1,1648634331
16074,3.3249,199865,34245,661999,86205,10,2277,1126,529.7,2298946,0.9983,46642,74859.5,48766900.0,33310,190339,15481.6,1649747889
16083,3.2684,199872,34248,662289,86405,10,2273,1130,529.1,2300825,0.9982,46416,81003.4,55887300.0,33289,126026,14025.5,1650631432
16105,3.3623,200000,34297,662996,86822,10,2275,1130,603.7,2304887,0.9983,46675,77197.3,53067100.0,33176,188548,13002.6,1652798691
16115,3.4292,200000,34332,663293,86998,10,2277,1134,574.2,2306630,0.9982,46291,83042.4,58807200.0,33180,167815,16457.3,1653687678
16125,3.3653,200000,34356,663598,87200,10,2276,1133,543.9,2308668,0.9983,46323,77031.4,55717200.0,33071,190824,13566.6,1654826245
16135,4.2147,200000,34363,663911,87370,10,2272,1139,525.3,2310258,0.9981,46078,78503.8,53428000.0,33085,173872,16939.1,1655620021
16145,3.462,200000,34414,664176,87504,10,2277,1133,507.8,2311724,0.9983,46279,79371.2,57123600.0,32842,174786,12875.3,1656870113
16165,3.3575,200000,34397,664771,87848,10,2274,1137,534.7,2315057,0.9982,46325,86672.6,62683700.0,32798,202749,16197.4,1658851860
16175,3.45,200000,34411,665041,88013,10,2274,1136,491.3,2316652,0.9982,46130,87208.5,61188900.0,32748,158411,17017.4,1659789751
16195,3.9014,200000,34368,665627,88400,10,2277,1136,542.2,2320422,0.9983,46273,75227.5,51455400.0,32607,161338,15523.8,1661986837
16205,3.3207,200000,34382,665958,88549,10,2281,1135,521.7,2322353,0.9982,46240,85750.6,61584300.0,32436,177767,14989.8,1662916309
16215,3.3642,200000,34345,666241,88760,10,2280,1141,517.5,2324060,0.9983,46302,84365.6,57360100.0,32431,196375,16600.8,1663991154
16225,3.7079,200000,34399,666548,88900,10,2281,1139,511.1,2325518,0.9983,46392,87150.5,62006000.0,32419,212047,16126.4,1664991126
16245,3.6425,200000,34392,667146,89231,10,2282,1142,549.0,2329023,0.9983,46332,83257.1,59813400.0,32265,156089,15037.2,1666993687
16255,3.9017,200000,34377,667432,89414,10,2281,1144,534.3,2330599,0.9983,46223,76659.2,53147800.0,32263,192217,17163.9,1667950680
16265,3.2767,200000,34365,667708,89594,10,2285,1142,514.0,2332499,0.9982,46476,84113.9,62059900.0,32072,148451,14044.9,1668936337
16275,3.7837,200000,34366,667983,89773,10,2289,1140,505.1,2333919,0.9982,46283,78771.4,53509500.0,32044,195101,15684.2,1669805931
16295,3.8087,200000,34384,668553,90130,10,2291,1137,553.7,2337400,0.9983,46402,79539.4,59851500.0,31865,164483,13321.2,1672024734
16305,3.4645,200000,34381,668870,90340,10,2291,1140,540.3,2339269,0.9983,46097,75851.1,49984800.0,31900,175249,16240.7,1673032278
16315,4.0051,200000,34394,669185,90484,10,2289,1145,496.3,2340724,0.9983,46204,89890.9,65538100.0,31888,227714,16627.1,1673977167
16335,3.5468,200000,34367,669764,90852,10,2291,1147,545.8,2344194,0.9983,46361,74236.9,50670400.0,31703,160425,14196.8,1676046631
16345,3.7239,200000,34400,670040,91021,10,2291,1148,561.6,2346262,0.9983,46051,81538.2,58533100.0,31509,132941,14670.1,1677035104
16355,3.5261,200000,34353,670328,91206,10,2295,1143,519.6,2347357,0.9983,46337,81603.2,59100700.0,31481,191073,15400.5,1678025502
16365,3.4994,200000,34337,670599,91398,10,2295,1149,512.6,2349245,0.9983,45894,72273.4,46103200.0,31445,175855,12914.7,1679051785
16385,3.5033,200000,34370,671133,91755,10,2301,1149,559.2,2352727,0.9982,46086,88682.3,63137800.0,31226,186451,16585.4,1680808506
16395,3.8351,200000,34324,671441,91971,10,2299,1156,515.9,2354429,0.9983,46060,83914.1,58244200.0,31232,163730,14443,1681999524
16405,3.8824,200000,34327,671722,92156,10,2298,1159,506.7,2355840,0.9983,45916,81814,55684900.0,31231,200956,15751.6,1683012382
16425,4.1404,200000,34311,672315,92496,10,2303,1164,555.9,2359178,0.9983,46139,86083.8,61872600.0,31066,163284,14907.7,1685050768
16435,3.587,200000,34374,672597,92645,10,2303,1163,534.4,2360627,0.9981,46047,82713.2,56573200.0,31024,169121,15980,1685783109
16445,3.6988,199999,34357,672896,92867,10,2301,1167,494.4,2362165,0.9983,46274,85273.5,64738000.0,31019,184807,17519.6,1687086019
16465,3.6467,199982,34351,673533,93188,10,2304,1163,540.1,2365041,0.9983,46197,85296.1,66114400.0,30953,113717,14061.6,1689062285
16475,3.9886,199978,34368,673846,93346,10,2303,1165,527.1,2366642,0.9983,45984,88311.7,59506400.0,30962,202558,15488.6,1690085826
16485,3.9782,199972,34361,674134,93502,10,2305,1169,515.7,2368081,0.9983,45833,78608.4,54460900.0,30940,141033,14756.9,1691014687
16496,3.459,199968,34337,674459,93673,10,2303,1170,496.4,2369669,0.9982,45939,85399.7,60364900.0,30786,151577,14622.2,1691934321
16506,3.7753,199967,34335,674768,93867,10,2310,1162,496.8,2371394,0.9983,45753,78240.6,51394300.0,30783,167344,14045.3,1693076559
16516,3.649,199957,34324,675057,94083,10,2313,1160,497.0,2373096,0.9983,45822,81205.1,57940600.0,30800,189026,15967.3,1694106651
16538,3.8088,199902,34296,675707,94423,10,2313,1159,542.8,2376433,0.9983,46130,84571.2,63703700.0,30649,181026,16048.7,1696113186
16548,3.2027,199921,34296,675991,94582,10,2315,1166,526.4,2378034,0.9983,46065,87399.4,62689300.0,30652,152206,16377.7,1697123951
16557,3.552,199940,34347,676280,94710,10,2314,1169,510.4,2379502,0.9981,46003,83574.6,60619500.0,30634,283954,18873.7,1697785749
16567,3.2309,199940,34356,676555,94856,10,2313,1168,503.4,2380796,0.9982,45909,84377.9,71711900.0,30598,175730,16994.3,1698859843
16579,3.5835,199858,34299,676915,95029,10,2311,1175,469.5,2382221,0.9982,46174,89645.2,65084100.0,30537,153972,15934.9,1699856272
16587,4.0302,199939,34258,677169,95241,10,2311,1180,479.6,2383929,0.9983,46009,75315.1,48351300.0,30562,142336,12780.3,1701066567
16597,3.563,199923,34296,677471,95388,10,2316,1174,477.0,2385379,0.9982,45747,80482,57498900.0,30539,157814,14982.5,1701931452
16619,3.7867,199856,34231,678173,95776,10,2317,1175,534.9,2388986,0.9983,45951,74874.3,51424500.0,30415,128987,13997.3,1704088749
16629,3.9573,199868,34262,678433,95928,10,2322,1173,487.7,2390433,0.9983,45925,82513.5,58037900.0,30397,179897,15513,1705089710
16650,3.6082,200000,34281,679059,96335,10,2323,1170,569.7,2394662,0.9983,45989,82612.6,57322400.0,30218,173221,14941.8,1707243232
16660,3.6044,200000,34329,679351,96455,10,2327,1169,449.8,2395982,0.9983,45877,87824.1,65012100.0,30206,151236,16475.4,1708291681
16670,3.4943,200000,34297,679640,96633,10,2327,1170,450.4,2397240,0.9983,45751,94434,73275900.0,30200,225438,19394.1,1709304234
16690,3.6919,200000,34267,680230,96941,10,2329,1167,476.4,2400287,0.9982,45638,101737,71790900.0,30254,186027,14905.5,1711226052
16700,3.6909,200000,34193,680522,97181,10,2331,1167,481.9,2401964,0.9983,45506,77378,49833600.0,30268,171372,14931.7,1712376091
16710,3.9513,200000,34205,680808,97340,10,2331,1166,469.3,2403560,0.9983,45554,84247.8,60923400.0,30098,202072,15000,1713306245
16720,3.6326,200000,34183,681098,97547,10,2326,1166,479.0,2405273,0.9983,45374,84830.8,60784800.0,30091,204552,15558.5,1714298804
16740,3.6396,200000,34217,681750,97903,10,2328,1166,511.0,2408113,0.9982,45525,76856.9,56241600.0,30121,179139,14905,1716245946
16750,4.0312,200000,34229,682025,98116,10,2325,1169,512.0,2409818,0.9981,45380,78696.2,50866700.0,30077,190470,16040.3,1717098808
16760,3.701,200000,34212,682329,98295,10,2328,1170,480.4,2411238,0.9983,45627,87774.7,64999800.0,30050,181594,15119,1718418237
16780,3.9036,200000,34250,682983,98632,10,2326,1173,530.2,2414577,0.9983,45567,79657.3,54477400.0,29946,159134,14797.6,1720285035
16790,3.6627,200000,34214,683290,98861,10,2329,1167,530.8,2416264,0.9982,45258,83189.6,55189200.0,29938,187508,16089.8,1721151569
16800,3.0105,200000,34185,683600,99049,10,2329,1167,523.4,2417673,0.9983,45136,83987,64213300.0,29949,175025,14983.1,1722414751
16810,3.6769,200000,34202,683890,99236,10,2332,1168,504.4,2419566,0.9983,45235,79091.3,56149200.0,29801,112252,15000.4,1723340104
16830,3.8009,200000,34249,684500,99560,11,2333,1169,530.6,2422439,0.9983,45339,87986.9,64262800.0,29772,168925,15704.5,1725455821
16840,3.8965,200000,34201,684834,99776,11,2337,1167,531.0,2424138,0.9983,44962,76821.8,50257100.0,29792,202306,15685.4,1726421587
16850,3.8874,200000,34172,685158,99970,11,2334,1170,526.1,2425541,0.9983,44879,83913.3,59036800.0,29810,159549,14391.4,1727430812
16860,3.655,200000,34132,685466,100132,11,2333,1176,502.3,2426973,0.9983,45186,81886.9,60104900.0,29685,180567,14500.8,1728441710
16870,4.3561,200000,34114,685777,100300,11,2331,1180,491.8,2428723,0.9982,44977,84136.6,53892200.0,29718,143194,14687.7,1729291345
16880,3.7905,200000,34108,686049,100496,11,2330,1182,488.3,2430126,0.9983,44885,85943.2,59883200.0,29710,160731,15868.7,1730374886
16900,4.167,200000,34000,686598,100970,11,2334,1181,529.2,2433324,0.9983,44962,74344.9,49750700.0,29682,161966,13378.8,1732458694
16910,3.829,200000,34036,686918,101141,11,2334,1180,485.0,2434752,0.9983,45118,70616.9,43266700.0,29710,152750,14431,1733365628
16930,3.4937,200000,34024,687486,101534,11,2334,1181,543.3,2438030,0.9984,45021,81795,54472200.0,29498,162659,13927.8,1735493015
16940,3.5806,200000,34022,687794,101732,11,2339,1178,522.0,2440071,0.9983,45129,79844.7,55952100.0,29364,181718,15131.1,1736355760
16960,3.9052,200000,34022,688354,102077,11,2337,1182,543.3,2443080,0.9982,45108,82961,61102200.0,29319,145725,15837.9,1738305062
16970,3.5638,200000,34029,688637,102254,11,2335,1191,502.6,2444499,0.9983,45018,82433.9,56583100.0,29275,153831,14899.4,1739496904
16980,3.7509,200000,33931,688942,102503,11,2334,1192,510.2,2446157,0.9983,44726,83815.3,57511500.0,29274,161379,16044.2,1740469664
17000,3.5375,199985,33883,689540,102856,11,2333,1199,544.5,2448669,0.9984,44721,91690.9,68467300.0,29250,170263,13266.4,1742512117
17010,3.6723,199987,33870,689834,103099,11,2334,1196,540.4,2450343,0.9983,44466,74719.7,48214700.0,29276,164255,15436.3,1743456201
17020,3.7961,199971,33843,690122,103288,11,2342,1186,516.2,2451912,0.9983,44510,86696.3,65839400.0,29122,168967,16425.1,1744399654
17041,3.5078,199958,33877,690731,103648,11,2342,1185,536.6,2455067,0.9984,44562,86985.4,64974000.0,29136,198869,16054.8,1746547464
17052,3.7546,199944,33789,691067,103936,11,2340,1189,510.3,2456689,0.9983,44626,75494.7,49344800.0,29126,165122,15340.7,1747490441
17060,3.5837,199968,33780,691337,104115,11,2339,1191,505.2,2458108,0.9983,44524,81255.7,59920500.0,29112,180895,14416.6,1748493823
17081,3.6949,199944,33711,691959,104483,11,2339,1191,567.4,2460927,0.9982,44691,82159.6,60089400.0,28932,173387,15307.9,1750345497
17092,3.6544,199925,33699,692276,104700,11,2347,1181,553.5,2462628,0.9984,44532,79140.7,55093500.0,28918,200887,16252.3,1751565801
17102,3.5193,199936,33641,692573,104968,11,2347,1185,556.4,2464433,0.9983,44379,77746.6,54308500.0,28923,205903,14543.4,1752494153
17112,4.1253,199907,33649,692884,105168,11,2348,1182,553.3,2465826,0.9983,44316,89238,65023900.0,28904,172117,14964.5,1753522006
17122,3.5394,199921,33662,693180,105338,11,2353,1175,525.0,2467250,0.9983,44749,77382.2,54341200.0,28787,152308,14247.6,1754443769
17132,3.6243,199929,33680,693483,105507,11,2347,1181,509.8,2469000,0.9982,44524,84221.6,56817900.0,28798,161530,16012.5,1755367880
17142,3.6242,199929,33670,693780,105703,11,2347,1181,501.2,2470238,0.9984,44476,87841.1,61083400.0,28799,166373,15481.6,1756590290
17153,3.8531,199923,33635,694061,105955,11,2350,1176,502.6,2472225,0.9984,44563,75124.6,51255100.0,28801,199911,13748.5,1757586164
17173,3.8959,199904,33665,694658,106323,11,2356,1170,538.3,2475056,0.9983,44506,81487.1,61540500.0,28772,166090,16012.3,1759471445
17185,4.4778,199845,33720,695049,106505,11,2353,1170,516.4,2476953,0.9984,44559,79224.6,54533300.0,28653,147641,14150.9,1760584255
17194,3.1486,199871,33643,695323,106681,11,2356,1167,505.0,2478377,0.9984,44317,88733.5,60085000.0,28669,155869,14992.5,1761614669
17213,4.698,199902,33650,695875,107067,11,2359,1163,534.6,2481510,0.9983,44528,95302.4,69237900.0,28651,150240,15053.9,1763472120
17225,4.1245,199868,33659,696214,107271,11,2357,1164,513.0,2483221,0.9984,44659,77819.4,55018000.0,28515,205014,17077.1,1764618944
17234,3.6868,199880,33606,696481,107520,11,2358,1161,515.5,2485051,0.9983,44295,82794,55389500.0,28512,193277,13632.8,1765546278
17255,3.3607,199861,33704,697092,107899,11,2358,1161,559.4,2487870,0.9984,44356,81815,58585600.0,28400,161976,14330.3,1767607644
17265,3.7555,199861,33640,697395,108175,11,2358,1161,564.3,2489993,0.9983,44213,73791.3,51226200.0,28386,169735,14293.2,1768538887
17275,3.7734,199842,33784,697699,108343,11,2355,1167,516.2,2491423,0.9983,44095,86271,59749900.0,28356,161887,14787.9,1769550126
17285,3.3959,199834,33683,697990,108557,11,2352,1163,511.9,2492808,0.9983,43881,76509.3,50094300.0,28355,122782,13423.5,1770563351
17305,3.9864,200000,33650,698554,109126,11,2354,1166,601.4,2497038,0.9983,44130,76628.7,50304000.0,28226,135165,13447.7,1772559100
17315,3.6575,200000,33643,698845,109343,11,2353,1163,564.6,2498901,0.9984,44103,75363.3,52218500.0,28112,172266,13389.7,1773682343
17325,3.935,200000,33664,699144,109607,12,2353,1164,558.6,2500557,0.9983,43803,81872.9,55496300.0,28129,188557,14998.7,1774583424
17335,3.7595,200000,33689,699464,109817,12,2360,1160,532.8,2502426,0.9984,44076,72310.8,50128800.0,28023,156125,12974.7,1775714444
17345,4.0789,200000,33691,699762,110086,13,2363,1155,537.0,2504074,0.9983,43857,81699.9,54187300.0,28040,142493,15168.6,1776619273
17365,3.5925,200000,33739,700309,110477,13,2364,1157,579.7,2507361,0.9983,44136,77628.5,55264900.0,27848,107583,14462.2,1778693576
17375,3.5204,200000,33671,700599,110760,13,2367,1157,577.9,2508995,0.9982,44027,79429.2,52711100.0,27860,184854,15177.6,1779569827
17385,3.7851,200000,33690,700846,110954,13,2362,1163,560.0,2510401,0.9984,44010,78419.1,54113700.0,27796,146459,15282.1,1780777607
17395,3.6606,200000,33710,701134,111116,13,2365,1165,512.4,2511838,0.9983,44151,91943.5,66088500.0,27768,171437,15897.6,1781615049
17405,3.5071,200000,33706,701409,111305,13,2365,1170,513.6,2513249,0.9984,43982,85680.1,57664400.0,27723,182957,13681.5,1782771676
17425,4.5046,200000,33783,701988,111633,13,2366,1173,554.7,2516441,0.9983,44299,84584.9,57206800.0,27561,171913,13876.9,1784734076
17435,3.8086,200000,33759,702241,111847,13,2366,1180,543.7,2517986,0.9983,44096,83450,57098500.0,27506,178166,15622.4,1785679643
17445,4.5817,200000,33729,702527,112109,13,2366,1180,538.8,2519643,0.9984,44072,79076,58587300.0,27492,207607,17084.8,1786853226
17455,3.3786,200000,33741,702819,112296,13,2365,1184,500.4,2521051,0.9984,44114,87552.5,64808600.0,27507,232773,17682,1787852826
17465,4.2336,200000,33754,703113,112467,13,2368,1181,491.5,2522320,0.9983,43959,82811.6,56547200.0,27504,155687,14343.8,1788615572
17485,3.5955,200000,33763,703725,112833,13,2372,1182,521.6,2525308,0.9984,44234,80678.4,55279500.0,27505,194877,15058.8,1790837224
17495,4.7223,200000,33790,704013,112995,13,2374,1180,496.0,2527223,0.9983,44083,82683.2,57469000.0,27376,182136,15273.7,1791735544
17505,3.3868,200000,33748,704289,113249,13,2371,1184,511.8,2528887,0.9984,44110,81123.3,53157200.0,27339,190335,14306,1792869468
17515,3.9991,200000,33795,704574,113450,13,2367,1187,510.1,2530286,0.9984,44349,80434.2,57563800.0,27317,174706,14226.1,1793848026
17535,3.2934,200000,33778,705117,113957,13,2368,1186,579.2,2533777,0.9984,44335,65391.6,43517000.0,27070,166647,13388.8,1795834221
17545,3.6425,200000,33810,705388,114123,13,2376,1184,525.4,2535211,0.9984,44525,86377.1,60838600.0,27058,160009,15229.9,1796861464
17555,3.6174,200000,33771,705696,114345,13,2378,1187,540.4,2537067,0.9984,44285,72701.6,49581400.0,26939,140736,12610.6,1797887554
17575,4.0213,200000,33835,706283,114731,13,2378,1188,568.7,2540197,0.9983,44543,86375,62906700.0,26932,140774,12455.3,1799782495
17585,4.3528,200000,33740,706557,115002,13,2373,1196,589.9,2542324,0.9984,44425,71103.2,47852100.0,26778,179746,14924.7,1800890161
17595,3.9018,200000,33776,706830,115173,13,2373,1195,569.1,2543753,0.9984,44369,83883.2,60333400.0,26744,187478,14756,1801896985
17605,3.777,200000,33735,707105,115360,13,2374,1200,522.9,2545161,0.9984,44629,79934.4,54478700.0,26725,164190,14406.4,1802875521
17615,3.6993,200000,33802,707405,115537,13,2377,1198,535.3,2546583,0.9984,44634,81926.9,59000300.0,26597,170862,15470.1,1803851401
17625,3.6971,200000,33807,707696,115717,13,2378,1198,521.3,2548002,0.9983,44852,79458.5,55125800.0,26598,156975,14259.8,1804743928
17645,3.5607,200000,33787,708258,116131,13,2381,1193,557.4,2550785,0.9983,44924,84029.1,64190900.0,26508,185871,18168.6,1806764745
17655,3.9165,200000,33737,708538,116373,13,2384,1191,517.9,2552620,0.9983,44946,88441.6,60746500.0,26513,183405,15452.7,1807713209
17675,3.8934,199985,33793,709109,116776,13,2379,1199,546.7,2555410,0.9984,44870,80890,59264200.0,26462,173765,14903.3,1809925167
17685,3.2626,199970,33722,709441,117029,13,2382,1194,517.3,2557074,0.9984,44760,78920.6,52566700.0,26458,207882,14311.9,1810848164
17695,3.9737,199980,33713,709745,117226,14,2381,1194,514.1,2558477,0.9983,44838,79321.2,53901700.0,26455,115292,12845.8,1811826264
17716,3.9384,199952,33743,710329,117640,14,2379,1197,568.6,2561578,0.9984,44848,75918.6,54297500.0,26251,148041,12825.4,1813950614
17726,4.5712,199966,33699,710618,117898,14,2382,1198,570.5,2563236,0.9984,44432,77124.7,49923400.0,26229,153810,13867.8,1814929319
17737,3.7676,199932,33672,710918,118119,14,2386,1197,524.6,2564770,0.9984,44535,77216.3,51884300.0,26202,182748,18046.6,1815935894
17746,4.2165,199971,33694,711169,118305,14,2387,1194,525.3,2566184,0.9984,44356,83848.8,57821900.0,26152,172561,12837.7,1816927563
17756,3.9473,199951,33777,711440,118467,14,2384,1200,517.4,2567621,0.9984,44286,74757.1,56772600.0,26099,171195,14952.6,1817884353
17778,4.0373,199913,33761,712053,118895,14,2386,1200,570.6,2571028,0.9984,44560,73600.6,52155800.0,25917,158157,13136.1,1819988513
17787,3.8769,199927,33773,712330,119138,14,2388,1200,559.8,2572543,0.9984,44385,81533.5,52494500.0,25938,141883,13921.6,1820915985
17798,4.2537,199908,33759,712672,119355,14,2386,1203,546.1,2573922,0.9984,44317,76716.5,52000300.0,25982,154397,14273.3,1821932273
17809,4.033,199878,33758,712976,119577,14,2385,1205,531.8,2575780,0.9984,44554,75675.7,53328900.0,25803,214221,15119.2,1823017961
17818,4.0455,199892,33747,713229,119827,14,2388,1204,529.8,2577289,0.9984,44345,78445.2,52888000.0,25790,148074,12541.7,1823952264
17850,3.8352,199865,33784,714134,120462,14,2388,1200,552.6,2582093,0.9984,44498,83974.7,54709600.0,25645,150678,12945.6,1827033597
17858,4.3376,199895,33822,714362,120723,14,2388,1202,554.0,2583751,0.9983,44399,77277.4,52849100.0,25647,185411,15316.7,1827895255
17869,4.0153,199898,33857,714656,120907,14,2388,1205,532.1,2585327,0.9983,44663,82119.2,60263100.0,25460,201925,17014.2,1828789177
17880,3.6412,199843,33861,714991,121124,14,2388,1210,526.4,2587184,0.9984,44473,78464.2,52173400.0,25426,169106,13289,1829973640
17890,3.6778,199838,33785,715291,121409,15,2387,1211,538.4,2588496,0.9984,44570,74572.3,53641700.0,25432,188946,15437.3,1830988630
17910,3.6385,200000,33789,715877,122015,15,2385,1206,623.4,2592680,0.9984,44723,79965.8,57622400.0,25329,214858,14105.8,1833091851
17920,3.612,200000,33836,716150,122218,15,2388,1208,598.1,2594072,0.9984,44551,81952.9,59089800.0,25300,189669,15649.2,1834089533
17930,3.9935,200000,33842,716445,122373,15,2386,1214,544.6,2595197,0.9984,44704,93572,69662600.0,25289,197520,17897.1,1835159212
17940,3.6617,200000,33743,716744,122647,15,2389,1217,548.9,2597001,0.9984,44475,76583.5,52520700.0,25272,145168,13855.6,1836114093
17950,3.6881,200000,33805,717005,122814,15,2394,1216,501.2,2598274,0.9984,44720,82182.8,62190700.0,25228,196230,16670.6,1837122299
17960,3.842,200000,33774,717300,123046,15,2392,1220,507.3,2599802,0.9984,44522,78990.7,53415500.0,25230,176417,15394.9,1838258859
17970,3.8503,200000,33841,717584,123241,16,2392,1224,506.5,2601203,0.9984,44305,84008.8,59481100.0,25210,187815,15435.7,1839264105
17980,3.4615,200000,33846,717859,123472,16,2392,1220,510.7,2602569,0.9984,44275,80014.5,57141600.0,25190,188284,13404.2,1840255253
18000,3.5661,200000,33861,718387,123869,16,2398,1216,564.9,2605850,0.9984,44440,81130.6,57788000.0,24966,161036,14626.7,1842124033
18010,3.9457,200000,33834,718681,124123,16,2393,1223,556.7,2607511,0.9984,44385,73918.1,47392300.0,24972,141853,13716,1843263516
18020,4.0127,200000,33820,718960,124392,16,2399,1221,539.7,2609002,0.9984,44494,78247.7,55964700.0,24827,181180,14040.5,1844278370
18030,4.1982,200000,33801,719235,124613,16,2405,1217,535.6,2610698,0.9984,44467,75826.4,47292700.0,24810,127933,12363.8,1845149889
18040,3.7198,200000,33897,719520,124807,16,2408,1214,526.7,2612104,0.9984,44472,81718.7,59035400.0,24789,187751,15724.5,1846126477
18060,3.9042,200000,33864,720084,125300,16,2413,1209,592.9,2615288,0.9984,44698,76345.2,54030700.0,24586,160012,12800,1848185880
18070,3.9469,200000,33845,720368,125577,16,2411,1209,587.6,2617249,0.9984,44534,78350.1,54230400.0,24571,160819,15463.3,1849301705
18080,4.421,200000,33883,720653,125789,16,2412,1217,553.8,2618953,0.9984,44916,73722.9,49794000.0,24439,128104,12544.4,1850204963
18100,3.9193,200000,33919,721248,126240,16,2412,1221,582.7,2621699,0.9984,44822,86839.7,63755600.0,24445,177482,14111.4,1852158607
18110,3.8761,200000,33848,721535,126544,16,2414,1223,584.7,2623474,0.9983,44731,79501.9,52738400.0,24443,180980,15591.2,1853072548
18120,3.7556,200000,33865,721847,126751,16,2415,1225,568.5,2624864,0.9984,44582,76039.6,52797900.0,24452,223932,15191.4,1854306623
18130,4.2805,200000,33861,722150,126975,16,2415,1221,541.0,2626236,0.9984,44755,79111,58449300.0,24326,184712,13703.7,1855325530
18150,4.2047,200000,33927,722737,127427,16,2420,1221,576.5,2629463,0.9984,44840,74741.8,53021300.0,24326,165326,14010.5,1857324556
18160,3.8998,200000,33889,723031,127732,16,2423,1221,580.3,2631078,0.9984,44400,74758.1,48789200.0,24330,206663,14280.6,1858308618
18170,3.7544,200000,33877,723301,127978,16,2426,1217,569.7,2632430,0.9984,44597,70135.1,47234200.0,24309,181718,12962.9,1859305052
18180,4.6304,200000,33885,723590,128213,16,2429,1219,528.9,2633794,0.9984,44719,73918.6,51588700.0,24301,174233,14176.2,1860278207
18200,3.7033,200000,33890,724167,128748,16,2434,1216,592.1,2637089,0.9984,44728,73678.6,51481900.0,24123,143195,12233.2,1862325024
18210,3.5936,200000,33895,724450,129010,16,2435,1217,562.3,2638745,0.9984,44620,76515.5,54534700.0,23997,204411,17111.8,1863260483
18230,3.327,200000,33851,725014,129546,16,2437,1217,596.1,2642044,0.9985,44713,69606.4,49163100.0,24015,164578,12976,1865363893
18240,3.705,200000,33901,725303,129752,16,2442,1219,541.0,2643437,0.9984,44571,79546.3,52464400.0,24024,178358,16653,1866299644
18260,3.9266,200000,33892,725891,130164,16,2443,1218,591.0,2646541,0.9984,44583,81332,58628900.0,23903,193841,14485.5,1868254373
18270,3.673,199999,33852,726192,130463,16,2438,1223,578.1,2648318,0.9985,44233,74228.9,45642500.0,23951,161041,12303.1,1869377906
18280,3.7244,199992,33871,726480,130707,16,2442,1226,553.6,2649993,0.9984,44392,74710.7,52121000.0,23808,135770,13542,1870287864
18290,3.7215,199974,33875,726800,130912,16,2443,1223,546.0,2651547,0.9985,44203,70843.7,45857000.0,23826,177920,12954.7,1871369231
18310,4.1295,199978,33968,727353,131340,16,2443,1227,574.0,2654319,0.9985,44246,78025.2,52516900.0,23772,152913,12557.9,1873369891
18321,3.4283,199979,33924,727655,131619,16,2449,1227,575.1,2655957,0.9984,44177,70742.5,45484000.0,23749,125427,13711.8,1874317563
18331,3.734,199980,33885,727927,131870,16,2451,1224,544.5,2657785,0.9984,44279,78518.4,55877700.0,23618,151439,14850,1875205171
18352,3.8412,199950,33930,728518,132326,16,2453,1227,577.2,2660365,0.9985,44421,82829.8,56417800.0,23627,211956,14872.3,1877402657
18361,3.505,199943,33846,728797,132698,16,2456,1229,583.3,2662072,0.9984,44212,66535.6,42946800.0,23646,137313,12675.2,1878311151
18372,3.7949,199931,33868,729124,132905,17,2455,1231,534.4,2663461,0.9984,44390,82331.9,60530500.0,23667,199605,14806.4,1879292195
18381,3.8752,199925,33878,729427,133122,17,2460,1229,556.9,2664839,0.9984,44072,74811,51790600.0,23520,175979,12903.7,1880257066
18403,3.8487,199894,33931,730029,133573,17,2461,1229,587.4,2668068,0.9985,44247,85856.4,60859000.0,23513,123597,13738.8,1882418455
18413,3.8171,199934,33856,730300,133899,17,2462,1233,588.5,2669659,0.9984,43924,71377.9,44474300.0,23540,183802,13436.1,1883395838
18422,4.2043,199909,33912,730560,134078,17,2457,1236,560.9,2671079,0.9984,43798,85891,59525100.0,23530,144885,13889.5,1884315501
18433,4.1505,199898,33891,730898,134315,17,2461,1235,582.7,2672438,0.9984,43800,78966.8,56638300.0,23391,178961,15172.2,1885358186
18443,4.0084,199912,33912,731183,134528,17,2465,1234,513.3,2673825,0.9984,44081,80593.6,54134200.0,23551,182669,14829.8,1886356067
18454,3.6458,199873,33835,731481,134840,17,2469,1234,555.8,2675751,0.9985,44030,69924.8,46964000.0,23401,142215,11996.8,1887461363
18475,3.7596,199866,33936,732110,135313,17,2466,1234,588.9,2678632,0.9985,44026,76737.2,52968500.0,23438,146148,11248.7,1889468151
18485,3.7275,199847,33864,732402,135594,17,2469,1232,609.7,2680430,0.9985,43896,65865.9,43015000.0,23287,141821,12020.1,1890449291
18494,3.6065,199870,33812,732656,135910,17,2475,1231,607.1,2682030,0.9985,43655,69559.6,48060900.0,23285,186337,15247.1,1891436977
18505,3.5616,199832,33833,732996,136137,17,2475,1233,602.1,2683401,0.9985,43577,79600.8,58591000.0,23228,147568,14532.5,1892448072
18514,4.6768,199869,33867,733234,136345,17,2476,1235,582.4,2684791,0.9984,43499,82565.7,59581500.0,23234,142837,14514.6,1893426320
18524,3.7717,199904,33842,733517,136609,17,2476,1235,573.3,2686123,0.9984,43552,71868.8,49816500.0,23264,146754,13683.3,1894291907
18534,3.6227,199852,33836,733808,136837,17,2478,1236,558.4,2687493,0.9984,43545,74250.7,52628700.0,23245,205971,14985.3,1895353445
18544,3.9639,199864,33845,734091,137052,17,2482,1231,575.7,2689195,0.9984,43557,80734.8,59915600.0,23123,187426,15629.1,1896340254
18554,3.9156,199871,33888,734365,137265,17,2484,1230,530.8,2690261,0.9984,43557,78561,53331500.0,23262,154115,13541.1,1897343127
18565,3.9658,200000,33853,734685,137641,17,2485,1227,549.5,2692761,0.9985,43695,74660,51799100.0,23128,182158,13243.7,1898491931
18585,3.8059,200000,33726,735268,138219,17,2484,1230,593.6,2695697,0.9984,43581,77453.8,52479400.0,23158,151280,12670.1,1900477193
18595,3.9678,200000,33853,735544,138398,17,2485,1235,541.1,2696956,0.9984,43700,79810.7,56930000.0,23116,186948,14854.1,1901494369
18605,3.5516,199843,33765,735843,138566,17,2492,1227,497.0,2697748,0.9984,43434,73538.8,46699000.0,23106,159150,14468.5,1902377683
18615,3.5023,200000,33830,736099,138941,17,2498,1229,510.4,2699771,0.9984,43548,77857.2,54751800.0,23095,178384,14891.5,1903332327
18625,3.5197,200000,33850,736365,139183,17,2498,1235,529.2,2701127,0.9985,43229,78216.7,52379600.0,22951,154401,12295.9,1904601364
18645,3.3762,200000,33852,736919,139693,17,2497,1237,570.6,2704446,0.9985,43124,73246,49667900.0,22920,168531,12781.8,1906685496
18655,3.8104,200000,33881,737181,139974,17,2491,1244,572.6,2705921,0.9985,43089,73294.1,47622900.0,22897,163878,14585.2,1907670177
18665,3.7993,200000,33865,737500,140193,17,2494,1245,543.4,2707622,0.9985,43253,81160.6,55942900.0,22812,186213,12713.2,1908668133
18675,3.7446,200000,33817,737778,140451,17,2499,1243,545.5,2708632,0.9985,42918,76648.8,50861500.0,22787,183474,12992.9,1909639451
18695,4.0483,200000,33794,738334,140970,17,2505,1237,567.5,2711298,0.9985,43050,84671.7,61745400.0,22884,199087,15082.6,1911688518
18705,3.7145,200000,33759,738616,141229,17,2504,1243,548.9,2712956,0.9985,43224,74212.1,50964900.0,22739,128817,12756.8,1912656284
18725,4.1767,200000,33797,739241,141660,17,2503,1248,569.4,2715879,0.9984,43138,83505,57221700.0,22796,163331,13849.6,1914609017
18735,3.5969,200000,33725,739505,141981,17,2504,1249,538.0,2717477,0.9984,43195,69755.5,47641800.0,22761,191949,14766.3,1915509784
18745,3.978,200000,33780,739766,142165,17,2503,1249,520.4,2718889,0.9985,43030,85774.4,57763600.0,22761,172655,15331.3,1916715940
18765,3.9497,200000,33815,740352,142621,17,2499,1256,557.6,2721628,0.9985,43147,79959.7,57503900.0,22768,158696,13048.2,1918707310
18775,3.5241,200000,33809,740633,142893,16,2502,1257,538.1,2723435,0.9985,43018,70613.3,48044100.0,22634,192448,13495.4,1919656312
18785,3.9141,200000,33764,740953,143148,16,2499,1255,532.1,2724938,0.9985,42752,80217.7,51566600.0,22690,141825,14416.3,1920717968
18805,3.9592,200000,33752,741466,143688,16,2499,1251,577.2,2727744,0.9984,42975,68549.4,47147800.0,22643,195405,13144.2,1922640128
18815,4.1536,200000,33758,741724,143934,16,2503,1247,589.2,2729098,0.9985,42901,83848.9,56687100.0,22489,134083,14376.1,1923699454
18825,3.8099,200000,33735,741993,144221,16,2503,1246,546.8,2730731,0.9985,43115,78430.5,53581900.0,22473,150857,14179.6,1924668357
18845,3.4002,200000,33731,742584,144720,16,2512,1243,579.7,2733589,0.9985,43136,85350.5,63471800.0,22500,200186,14575.6,1926743458
18855,4.1463,200000,33714,742861,144992,16,2514,1240,576.1,2734912,0.9984,43012,74572.1,47791100.0,22493,182506,13238.3,1927637665
18865,3.9135,200000,33616,743167,145333,16,2519,1234,587.4,2736489,0.9985,42882,73024.6,49376600.0,22514,183412,13938.3,1928762394
18875,4.1113,200000,33592,743450,145610,16,2519,1229,548.5,2737809,0.9985,42964,71672.8,50691600.0,22492,119652,13093.5,1929754683
18885,3.901,200000,33678,743740,145820,16,2517,1229,566.0,2739358,0.9985,42777,75064.7,50728600.0,22364,110672,12217.9,1930680415
18905,4.1105,200000,33684,744271,146314,16,2517,1232,601.0,2742059,0.9984,42850,78188.3,55048900.0,22273,161361,13908.5,1932644106
18915,4.0115,200000,33546,744521,146667,16,2520,1235,609.8,2743940,0.9985,42688,63922.5,41698100.0,22219,146613,11562.3,1933769088
18925,3.9211,200000,33569,744808,146929,16,2519,1238,622.1,2745277,0.9985,42860,79914.7,54897500.0,22071,178352,14023.9,1934751714
18935,4.0052,200000,33576,745084,147191,16,2523,1235,557.8,2746605,0.9985,43010,65163.1,45539700.0,22197,168865,14123.8,1935725581
18955,4.2073,199971,33533,745669,147723,16,2519,1240,605.6,2749589,0.9985,43084,73494.1,49325800.0,22079,168819,11641.3,1937787680
18967,3.9219,199919,33441,746019,148105,16,2523,1241,618.5,2751283,0.9985,43051,70049,45993800.0,22071,158734,15074.4,1938833646
18978,4.0068,199897,33482,746337,148356,16,2524,1240,569.2,2752630,0.9984,43386,70802.2,52359400.0,22067,146367,11728.3,1939671936
18998,4.2908,199911,33466,746903,148906,16,2517,1250,620.0,2755752,0.9985,43421,69064.1,46778200.0,21937,161674,13277.5,1941839204
19007,4.4303,199922,33384,747158,149259,16,2517,1251,618.2,2757318,0.9984,43289,79609.9,52631800.0,21962,191773,13167.9,1942766952
19017,3.6498,199920,33423,747438,149481,16,2522,1250,588.1,2758853,0.9984,43342,71857.1,48829700.0,21790,174907,14155,1943644648
19028,4.1077,199924,33389,747746,149747,16,2522,1256,582.1,2760342,0.9985,43117,75233.1,50171700.0,21779,149269,13055.9,1944868396
19048,3.9467,199923,33336,748295,150325,16,2518,1252,621.9,2763114,0.9985,43303,75388.4,50925100.0,21746,177002,18125.2,1946901288
19058,3.6903,199896,33372,748574,150544,16,2515,1255,606.8,2764333,0.9984,43113,95686.8,67471100.0,21693,183334,15860.2,1947663117
19068,4.0809,199882,33351,748862,150784,16,2516,1256,553.9,2765848,0.9985,43287,75490.6,52662800.0,21703,172636,15191.3,1948909427
19079,4.1824,199889,33348,749170,151004,16,2518,1256,545.6,2766904,0.9985,43283,86568.7,60680700.0,21706,169036,14462.9,1949914185
19100,4.3325,199873,33393,749737,151511,16,2516,1258,573.1,2769911,0.9985,43241,70998,47081700.0,21703,135375,12593.7,1951865461
19110,3.8438,199861,33402,750002,151759,16,2515,1259,568.3,2771420,0.9985,43239,84624,56773900.0,21677,180859,12720.9,1952900272
19119,4.1065,199889,33360,750258,152040,16,2522,1251,588.4,2772897,0.9985,43072,72981.5,48984600.0,21552,157984,13371.9,1953794910
19129,4.5438,199859,33310,750537,152351,16,2520,1252,535.3,2774183,0.9985,43297,73137.9,51400500.0,21666,205756,15260.6,1954874550
19150,4.0086,199875,33340,751120,152834,16,2527,1247,573.2,2776890,0.9985,43417,78652.8,56353900.0,21643,181410,12395.8,1956902170
19160,4.2643,200000,33310,751399,153230,16,2525,1251,592.0,2779367,0.9985,43417,79070.8,56654800.0,21455,183538,16935.9,1957901170
19179,3.485,199874,33227,751903,153678,16,2527,1250,585.1,2781634,0.9984,43231,71067.4,46362600.0,21463,163987,13613.4,1959790390
19190,3.491,199858,33251,752200,153917,16,2529,1248,543.2,2782988,0.9985,43187,82435,57697400.0,21411,151835,14795.9,1960838308
19210,4.252,200000,33163,752720,154585,17,2525,1252,635.6,2786791,0.9985,43091,75352.2,50529300.0,21205,163884,12013.1,1963017270
19220,3.4877,200000,33224,753004,154854,17,2525,1252,589.9,2788280,0.9985,43090,69224.5,49931600.0,21168,170320,13678.8,1963953581
19230,4.5678,200000,33199,753296,155151,17,2525,1257,580.9,2789737,0.9985,42802,70384.2,45553000.0,21186,153654,13440.2,1965020603
19240,4.3358,200000,33160,753572,155444,17,2523,1258,566.0,2791202,0.9985,42951,75105.4,56356800.0,21026,190295,14108.5,1966018782
19260,3.8295,200000,33179,754123,155959,17,2523,1261,604.7,2794203,0.9985,42894,73250.1,49514600.0,20995,142366,12657.6,1968045894
19270,3.6197,200000,33155,754383,156217,17,2526,1265,593.0,2795542,0.9985,42786,77243,53517300.0,20962,158636,15452.7,1969094306
19280,3.3622,200000,33123,754662,156482,17,2527,1265,542.3,2796870,0.9985,43019,74879.1,51513300.0,20976,126126,13455.6,1970064916
19290,4.0762,200000,33044,754940,156794,17,2529,1258,558.4,2798472,0.9984,42980,74053.3,47798900.0,20967,142449,14129.6,1970887361
19310,3.9809,200000,33046,755528,157286,17,2533,1254,588.0,2801166,0.9985,43320,77675.1,51907100.0,20985,130143,12091.1,1973123487
19320,4.1982,200000,33016,755836,157536,17,2535,1250,614.0,2802513,0.9985,42851,75387,51509800.0,20847,177666,14540.3,1974119878
19330,4.05,200000,33052,756107,157750,17,2531,1257,539.2,2803893,0.9984,42898,79912.8,51686700.0,20973,190492,14758.7,1974916970
19340,4.4601,200000,33047,756368,157961,17,2531,1259,530.1,2805121,0.9984,42806,81486.8,53295900.0,20959,141105,13550,1975971794
19360,3.7878,200000,32964,756918,158519,17,2536,1256,581.1,2807913,0.9985,42887,75667.4,50517600.0,20939,139364,11336.8,1978155012
19370,4.3316,200000,32880,757220,158836,17,2540,1256,603.0,2809666,0.9985,42733,72949.6,48939300.0,20855,165534,13800.1,1979075667
19380,4.2147,200000,32857,757465,159134,17,2543,1256,559.7,2811122,0.9985,42769,73746.7,53262200.0,20808,184528,14169.4,1980061818
19390,3.8583,200000,32818,757743,159453,17,2545,1253,566.3,2812396,0.9985,42625,70660,46169700.0,20824,194069,12835.4,1981181051
19410,4.3742,200000,32850,758320,159967,18,2545,1254,605.6,2815230,0.9985,42776,78308.8,55905400.0,20820,157220,13790.8,1983158555
19420,3.5143,200000,32794,758603,160265,18,2543,1257,623.8,2817002,0.9985,42761,72411.5,47712200.0,20688,125325,11679.6,1984031397
19430,3.5484,200000,32775,758872,160516,18,2537,1267,569.9,2818343,0.9985,42765,72878.3,51510900.0,20695,170534,13491,1985149441
19440,3.6361,200000,32782,759157,160766,18,2535,1271,562.8,2819532,0.9985,42602,76738,53009100.0,20671,176147,14118.9,1986038598
19460,4.0469,200000,32737,759742,161343,17,2540,1268,612.9,2822460,0.9985,42711,77649.2,55956900.0,20660,151113,12901.9,1988204907
19470,3.6011,200000,32688,760009,161649,17,2542,1269,610.4,2823900,0.9985,42477,77486.9,51023700.0,20636,158084,14147.3,1989193225
19480,4.3453,200000,32686,760271,161916,17,2542,1270,597.0,2825230,0.9985,42327,69452.3,48709700.0,20630,167484,13335.8,1990163024
19490,3.4567,200000,32696,760538,162181,17,2547,1265,564.9,2827044,0.9985,42548,76649.7,58380900.0,20508,155723,14447.6,1991071411
19510,4.2206,200000,32704,761080,162763,17,2548,1265,612.0,2829968,0.9985,42642,70409.1,48812600.0,20447,135518,11775.4,1993181303
19520,4.1708,200000,32680,761354,163013,17,2549,1271,583.3,2831315,0.9985,42699,77598.9,51527400.0,20266,166396,12246,1994128990
19540,3.7681,200000,32640,761918,163649,17,2548,1271,620.1,2834671,0.9985,42600,70082,49243200.0,20327,161231,13197.1,1996149484
19550,5.0414,200000,32723,762198,163821,17,2550,1267,557.4,2835778,0.9985,42556,87282,58885300.0,20325,184478,14225.8,1997193274
19560,3.827,199989,32640,762454,164162,17,2553,1262,563.2,2837354,0.9985,42495,70467.3,45481700.0,20308,148270,12147.4,1998218362
19581,3.9027,199958,32605,763059,164755,17,2556,1257,636.0,2840596,0.9985,42484,65763.8,46473400.0,20161,204990,13642.8,2000254553
19591,4.3606,199953,32595,763331,165030,17,2564,1250,583.1,2841917,0.9985,42238,74149.8,50947500.0,20141,155357,12801.6,2001252488
19601,3.8101,199963,32557,763582,165356,17,2566,1249,586.3,2843348,0.9985,42228,71804.2,45497800.0,20110,174373,12089.6,2002201865
19622,4.7604,199936,32602,764174,165892,17,2565,1254,642.2,2846486,0.9985,42369,72028.9,50576800.0,19970,165278,12779.9,2004264053
19631,4.3076,199969,32556,764402,166222,17,2568,1249,628.4,2848073,0.9985,42365,73335.7,48081600.0,19992,211206,12827.7,2005217735
19641,3.6037,199933,32572,764690,166504,17,2567,1250,610.2,2849389,0.9985,42284,74029.9,53149600.0,20015,179058,14489.9,2006262902
19651,4.7232,199942,32595,764967,166760,17,2567,1249,560.8,2850731,0.9985,42486,69095.2,49956300.0,20001,166037,13013.9,2007149209
19662,4.1425,199934,32475,765275,167154,17,2568,1246,612.5,2852737,0.9985,42472,68554.1,44636300.0,19836,206568,11533.3,2008219896
19683,3.9907,199909,32558,765866,167727,17,2570,1252,673.8,2855680,0.9985,42783,68766.8,46815200.0,19671,166380,11883.7,2010284356
19693,3.5453,199905,32510,766108,168124,17,2575,1252,670.1,2857363,0.9985,42675,68605.6,45677000.0,19629,151831,12574.7,2011290156
19703,3.9668,199892,32655,766364,168273,17,2575,1252,626.9,2858493,0.9985,42670,83328.8,57381000.0,19597,189151,14114.7,2012260377
19712,3.5217,199903,32514,766614,168681,17,2579,1246,632.6,2860001,0.9985,42740,67437.2,44801000.0,19600,165361,11831.9,2013239569
19723,4.1329,199921,32553,766921,168948,17,2580,1246,644.9,2861492,0.9985,42724,77009,54627000.0,19457,213091,15655.3,2014230213
19733,3.4003,199923,32556,767180,169205,17,2581,1243,589.4,2862834,0.9985,42971,71792.7,51055900.0,19440,202668,13429.5,2015222165
19755,3.8404,199867,32600,767775,169724,17,2580,1243,596.5,2865350,0.9985,43073,72956.7,49265800.0,19570,132271,10892.7,2017322591
19765,3.7743,200000,32687,768037,170127,17,2582,1244,603.1,2867821,0.9985,43023,69340.6,47489500.0,19402,150821,14973.5,2018261571
19773,3.6794,199905,32526,768232,170366,17,2584,1247,556.9,2868700,0.9985,42805,75255.1,48096500.0,19388,161711,13060.8,2019285375
19794,4.3229,199856,32573,768834,170882,17,2581,1256,593.0,2871371,0.9985,43025,79762.5,56070800.0,19378,149321,12247.1,2021292353
19804,4.0334,199856,32544,769096,171200,17,2576,1263,555.5,2872641,0.9985,42927,74104.5,49365800.0,19374,173291,14197.4,2022224613
19825,4.0906,200000,32530,769656,171929,17,2576,1262,649.9,2876387,0.9985,42836,74328.9,49347700.0,19227,159071,11740.2,2024408796
19835,3.6301,200000,32531,769943,172277,17,2581,1256,648.9,2877955,0.9985,42662,71072.5,48005900.0,19226,137167,13605.5,2025303245
19855,3.8062,200000,32525,770501,172843,17,2579,1260,558.3,2880580,0.9985,42604,79477.6,54511600.0,19245,176247,14651.2,2027489915
19865,4.1364,200000,32492,770741,173130,16,2586,1258,528.7,2881891,0.9986,42436,71737.3,47823400.0,19188,165432,12642.5,2028507204
19875,4.1608,200000,32515,771028,173384,16,2589,1260,545.5,2883714,0.9985,42367,75151.2,47526700.0,19092,104529,11865.3,2029426692
19885,4.0943,200000,32453,771272,173736,16,2591,1263,564.8,2885277,0.9984,42303,68087.9,46062500.0,19072,191318,14702.2,2030304711
19905,3.9405,200000,32515,771779,174278,15,2595,1259,615.2,2888252,0.9986,42513,70461.3,48315800.0,18909,166783,11444.4,2032530501
19915,3.5333,200000,32590,772034,174532,15,2596,1257,598.3,2889594,0.9986,42349,81145.2,56251800.0,18876,166488,15299.3,2033550878
19925,3.5905,200000,32481,772294,174869,15,2595,1259,559.7,2891017,0.9986,42455,69279.4,47694000.0,18865,145606,12566.5,2034530050
19935,3.7423,200000,32489,772565,175187,16,2591,1265,569.5,2892456,0.9985,42277,71548.8,46012100.0,18854,187283,13443.6,2035367093
19945,3.5537,200000,32489,772819,175487,15,2592,1270,568.5,2893913,0.9986,42357,77068.1,52561300.0,18842,136109,13399.7,2036564587
19965,4.0235,200000,32482,773371,176013,15,2599,1263,601.5,2896581,0.9986,42713,70898.2,48663600.0,18840,138069,13390.8,2038555353
19995,4.144,200000,32468,774201,176899,15,2592,1269,605.6,2901283,0.9986,42610,76386,49143200.0,18673,140384,11552.1,2041571504
20005,4.043,200000,32496,774439,177168,15,2593,1270,580.3,2902608,0.9986,42549,74179.6,48611700.0,18467,130784,12376.8,2042574736
20025,3.8317,200000,32517,774974,177673,15,2599,1264,589.5,2905291,0.9986,42561,82612.1,57609500.0,18606,136290,14000.8,2044568755
20035,4.0044,200000,32458,775244,178041,15,2597,1267,625.9,2907160,0.9985,42288,71305,49897000.0,18454,170658,13822,2045445211
20045,4.6327,200000,32491,775544,178310,15,2598,1266,574.0,2908488,0.9985,42330,72699.4,53244500.0,18477,219958,14321.5,2046371563
20065,4.4291,200000,32459,776122,178927,15,2601,1267,632.0,2911220,0.9986,42396,76657.2,53533600.0,18379,160797,12651.1,2048598025
20075,3.624,200000,32423,776370,179251,15,2598,1272,599.2,2912494,0.9986,42359,70980.8,45931600.0,18478,199178,14213.9,2049573982
20085,4.1947,200000,32412,776654,179548,15,2601,1273,578.6,2914272,0.9985,42634,77539.9,57593100.0,18334,163215,14196.2,2050558401
20095,4.0868,200000,32384,776937,179864,15,2602,1279,586.8,2915711,0.9986,42496,69695.6,48009200.0,18334,201671,13385.6,2051618663
20115,4.0579,200000,32494,777471,180392,15,2601,1281,627.6,2918533,0.9985,42621,76618.7,53828700.0,18182,183417,12662.9,2053530843
20125,3.8063,200000,32415,777733,180722,15,2606,1277,588.5,2920277,0.9985,42509,76567.9,50401000.0,18158,147159,13595.6,2054488052
20135,3.5869,200000,32429,778014,180968,15,2605,1280,578.0,2921467,0.9985,42273,74923.8,49239500.0,18139,162248,13261.7,2055548381
20155,3.9302,200000,32449,778564,181494,15,2606,1273,600.5,2924134,0.9986,42314,71028.9,45814500.0,18166,188295,12765.7,2057660238
20165,4.4726,200000,32404,778806,181891,15,2605,1276,611.5,2925814,0.9986,42092,68989.3,44353600.0,18145,167606,12658.4,2058663785
20175,3.4781,200000,32389,779056,182227,15,2614,1268,574.2,2927072,0.9986,42423,70127.9,50227800.0,18107,167794,13209.7,2059672764
20195,4.1534,199971,32485,779571,182759,15,2612,1269,625.5,2930056,0.9985,42435,73085.3,52146800.0,17910,155473,13796.5,2061470350
20206,4.5898,199972,32282,779868,183223,15,2615,1268,649.4,2931669,0.9986,42267,67150.7,45708600.0,17922,217626,13251.4,2062637943
20215,4.2838,199971,32418,780146,183442,15,2608,1278,617.5,2932890,0.9986,42269,75428.4,52941000.0,17918,109876,12395.2,2063665998
20226,4.0626,199973,32355,780404,183784,15,2607,1285,613.7,2934302,0.9986,42070,70140.3,48224700.0,17923,163415,12784,2064656648
20236,3.9986,199975,32386,780665,184059,15,2608,1282,600.1,2935625,0.9986,42184,75261.7,52567400.0,17911,190120,13935.2,2065692484
20246,4.0495,199942,32347,781004,184376,15,2612,1281,565.6,2936901,0.9986,42242,71210.5,48787400.0,17924,156157,13205.7,2066698791
20256,4.3269,199963,32426,781263,184597,15,2613,1280,551.4,2938118,0.9986,42104,77567.3,51440700.0,17929,173698,13104.6,2067678301
20278,4.3265,199924,32383,781812,185298,15,2609,1282,621.2,2941252,0.9986,42275,72359.6,48508600.0,17784,152678,13001.9,2069732492
20286,4.5755,199946,32295,782055,185717,15,2609,1286,639.9,2942749,0.9986,42027,70861.6,47229000.0,17742,171123,12848.5,2070702366
20298,4.242,199923,32326,782320,186005,15,2613,1285,586.2,2944056,0.9986,42012,68628.2,47106400.0,17739,119538,11150.3,2071708568
20307,4.1192,199943,32315,782571,186299,15,2619,1284,586.4,2945359,0.9986,41959,70820.9,45247700.0,17706,157335,12790.4,2072701943
20327,3.6881,199919,32404,783122,186867,15,2621,1281,615.9,2947824,0.9985,42126,74945.5,54039500.0,17696,184958,12001.8,2074658865
20336,3.8054,199962,32282,783362,187269,15,2623,1279,656.2,2949496,0.9985,41966,65070.3,42170700.0,17556,185433,12968.8,2075594393
20349,4.2532,199884,32223,783704,187688,15,2626,1275,616.6,2950995,0.9986,41970,67592.6,47631700.0,17570,178457,12637.4,2076747983
20359,3.7603,199886,32282,783955,187984,15,2626,1273,604.5,2952456,0.9986,41901,72728.1,45771200.0,17555,117644,12434,2077692309
20379,4.0911,199872,32250,784452,188605,15,2627,1268,654.9,2955507,0.9986,41991,67629.7,45395300.0,17381,150871,10955.2,2079753642
20388,3.5913,199911,32237,784697,188986,15,2629,1266,652.5,2957034,0.9986,41932,70324.3,48029300.0,17382,214153,14178,2080743420
20398,3.5819,199892,32227,784969,189291,15,2631,1269,604.8,2958323,0.9985,42015,69668.1,47123200.0,17382,156968,13325.1,2081628482
20409,4.2068,199895,32180,785265,189641,15,2635,1266,630.8,2959891,0.9985,41842,69501.1,47521500.0,17254,129816,13229.3,2082562698
20419,4.0922,199877,32243,785502,189898,15,2634,1264,604.8,2961391,0.9986,41863,80500.9,51769100.0,17241,140088,11235.8,2083773517
20439,3.8338,199867,32162,786050,190605,15,2636,1264,652.7,2964194,0.9986,42001,76982.4,52191700.0,17231,100566,12104.6,2085728005
20450,4.2286,199865,32116,786323,190948,15,2638,1269,606.5,2965435,0.9985,42023,65579,43165200.0,17204,125729,13445.3,2086673752
20470,4.6067,200000,32076,786836,191737,15,2639,1265,679.9,2968632,0.9985,41877,74035.9,47967800.0,17180,160661,12410,2088746338
20490,3.7548,200000,32188,787364,192348,15,2644,1263,614.1,2971694,0.9986,41868,71183.3,48362400.0,17010,132031,12537.6,2090935875
20500,4.5264,200000,32208,787617,192642,15,2645,1265,602.0,2972997,0.9986,41481,78161,50986800.0,16996,118996,13478.9,2091888018
20510,4.3071,200000,32221,787876,192979,15,2650,1258,603.1,2974413,0.9985,41403,69329.8,46406500.0,16990,159434,12395.7,2092856460
20520,4.096,200000,32210,788129,193275,15,2651,1257,557.9,2975712,0.9985,41470,71858.1,48876400.0,16980,200587,13998.2,2093863099
20530,4.138,200000,32234,788376,193594,15,2650,1261,560.9,2977145,0.9986,41311,74125,47574900.0,16981,152779,12291.7,2094987627
20550,3.7819,200000,32171,788910,194255,15,2651,1271,625.1,2979672,0.9986,41480,66925.4,44395000.0,16876,129109,11028.4,2096996297
20560,4.0653,200000,32217,789189,194555,15,2652,1271,574.1,2981450,0.9986,41487,66500.9,41551900.0,16895,170329,11135.1,2097926128
20570,4.4041,200000,32271,789436,194843,15,2651,1279,573.0,2982758,0.9985,41332,73860.4,45786200.0,16871,142271,12357.3,2098854811
20580,4.0629,200000,32279,789682,195201,15,2655,1275,569.6,2984155,0.9985,41372,67715.4,46515000.0,16863,180138,12393.4,2099836517
20600,4.3375,200000,32256,790184,195816,15,2654,1281,623.3,2986891,0.9986,41256,68035,49423100.0,16813,142586,11106.1,2102029405
20610,3.9571,200000,32240,790459,196121,15,2652,1284,596.1,2988339,0.9986,41457,68197.2,45787600.0,16672,139287,12710.7,2103060206
20630,4.2631,200000,32303,790998,196736,15,2653,1282,634.8,2991074,0.9986,41293,73671.1,49013800.0,16672,165912,12892.8,2104962160
20640,3.9382,200000,32247,791241,197057,15,2653,1282,580.1,2992508,0.9985,41360,78414.4,52296300.0,16673,158118,13971.2,2105952987
20650,3.8306,200000,32175,791504,197427,15,2650,1287,595.1,2994055,0.9986,41287,68853.1,43612800.0,16665,168418,13515.3,2107085566
20670,4.3861,200000,32207,792025,198028,15,2655,1285,630.7,2996489,0.9986,41222,73912.6,51734500.0,16648,160823,12792.9,2109061283
20680,3.9147,200000,32183,792299,198399,15,2656,1284,594.0,2997874,0.9986,41108,66434.3,44187500.0,16604,171610,13940.5,2110055540
20700,3.5537,200000,32180,792798,199008,15,2655,1287,637.8,3000457,0.9986,41112,74029.3,49649300.0,16564,112795,11223.1,2112032582
20710,4.8737,200000,32140,793077,199371,15,2653,1292,663.3,3002169,0.9986,41009,70719.3,47263200.0,16423,171214,13214,2113010207
20720,4.4832,200000,32136,793324,199671,15,2654,1294,608.7,3003297,0.9986,41056,75809.4,54176300.0,16387,180315,13260.1,2114031958
20730,4.4257,200000,32008,793564,200118,15,2655,1294,632.4,3004920,0.9986,40884,64333.9,39224700.0,16371,149613,11161.1,2115112074
20750,4.5777,199986,32077,794047,200720,15,2663,1290,660.3,3007505,0.9986,41090,77061,52374400.0,16314,149653,11525.6,2117021387
20760,4.8014,199980,32117,794285,201004,15,2667,1292,627.3,3009137,0.9986,41145,71942.6,46643200.0,16118,121677,12936.7,2118034836
20770,4.3348,199981,32115,794552,201288,14,2669,1296,609.9,3010284,0.9986,41054,72010.7,46269100.0,16134,127944,12476,2119012741
20781,3.8399,199974,32029,794848,201663,14,2666,1299,610.6,3011817,0.9985,40999,68106.9,47887900.0,16150,164470,13032.7,2119964252
20801,4.447,199946,31985,795392,202384,14,2666,1296,652.8,3014449,0.9986,41067,68781.4,46574300.0,16188,166242,11921.3,2122114374
20812,3.8567,199912,31963,795691,202705,14,2669,1292,597.1,3015725,0.9986,41274,74524.7,49601100.0,16212,149469,14970.5,2123120568
20832,4.0045,199930,32078,796222,203281,14,2671,1294,636.5,3018021,0.9986,41196,79813.2,56715000.0,16177,136250,14259.7,2125171195
20842,4.8812,199951,31917,796464,203721,14,2671,1295,645.6,3019659,0.9986,41100,69430.4,45978900.0,16168,133426,13277.1,2126102814
20852,3.3761,199934,31973,796736,203983,14,2671,1295,625.1,3020833,0.9986,40901,72030.8,50232400.0,16150,144157,12213.2,2127118353
20862,4.617,199916,31972,797030,204330,14,2670,1294,581.7,3022244,0.9986,41038,68925.8,47545800.0,16185,194102,15313.5,2128051401
20872,3.8489,199948,32027,797299,204558,14,2672,1292,575.3,3023452,0.9986,40878,81225.1,57042600.0,16141,192835,12367.6,2129089328
20882,4.2507,199944,31954,797608,204928,14,2671,1301,588.0,3024836,0.9986,40806,68159,44835800.0,16186,155088,13028.9,2130188686
20904,4.6279,199890,31996,798162,205605,14,2668,1306,650.5,3027510,0.9986,40937,72211.6,50515800.0,16051,209273,13254.2,2132187587
20914,3.8892,199915,31932,798429,205976,14,2671,1306,601.6,3029057,0.9986,41053,72343.7,48731200.0,16101,200855,13257.8,2133185796
20924,3.5909,199898,31979,798685,206297,14,2671,1311,597.6,3030331,0.9986,40901,65847.4,44034000.0,16073,158253,11929.2,2134204003
20933,4.5,199902,31906,798930,206697,14,2673,1310,613.8,3031848,0.9986,40734,67502,44692900.0,16053,180828,11362.2,2135135011
20954,3.9829,199887,31890,799489,207372,14,2676,1310,659.8,3034362,0.9986,40915,60072.5,40846200.0,16035,124535,11209.7,2137198116
20963,4.3084,199890,31887,799749,207759,14,2680,1307,679.7,3035730,0.9986,40667,66985.2,44095600.0,15933,147007,12429.9,2138095217
20973,3.8792,199919,31953,799973,208066,14,2679,1309,659.8,3036858,0.9986,40364,76404.6,52511200.0,15921,170222,13448.1,2139076671
20983,4.4045,199910,31879,800223,208419,14,2678,1307,647.1,3038101,0.9986,40326,70881,47868900.0,15924,160256,12353.3,2140073127
20993,4.3943,199901,31850,800492,208789,14,2679,1311,601.1,3039489,0.9986,40601,67969.1,45372500.0,15938,144173,11941.3,2141076342
21004,4.9481,199892,31878,800770,209087,14,2681,1314,596.1,3040785,0.9986,40473,71763.6,45093500.0,15933,153521,13285.6,2142237004
21025,4.0777,200000,31914,801282,209935,14,2677,1318,676.9,3044244,0.9986,40508,67128.5,43303400.0,15883,141702,10554.4,2144262846
21035,3.6949,200000,31811,801542,210409,14,2679,1318,687.5,3045678,0.9986,40354,61936,41062300.0,15871,115675,11683.7,2145344435
21045,4.1286,200000,31862,801801,210662,14,2677,1321,621.2,3047019,0.9986,40417,71882.4,47620700.0,15857,154394,12515.2,2146343737
21055,4.6378,200000,31776,802041,211042,14,2678,1322,651.9,3048549,0.9986,40192,73615,49332400.0,15718,162011,12436.2,2147329284
21065,4.1903,200000,31768,802298,211371,14,2680,1322,601.1,3049972,0.9986,40190,65512.6,43833600.0,15732,183584,11319.5,2148332967
21085,4.0392,200000,31744,802800,212105,14,2677,1324,645.3,3052583,0.9986,40241,72189.5,48227900.0,15700,127192,12805.5,2150302973
21095,4.4112,200000,31735,803064,212435,14,2679,1321,596.6,3053844,0.9986,40158,72275.7,48604000.0,15700,151449,13179.2,2151299771
21115,4.185,200000,31727,803573,213090,14,2682,1320,640.2,3056372,0.9986,40065,75521.4,54277200.0,15697,176299,12527.6,2153453975
21125,3.9055,200000,31629,803837,213456,14,2679,1324,596.5,3057755,0.9986,39905,68253.8,43693700.0,15708,128658,11511.9,2154400769
21135,4.1481,200000,31639,804103,213789,14,2682,1330,616.8,3059179,0.9986,39709,72510.1,47081800.0,15597,138717,12288.2,2155372366
21145,4.2067,200000,31645,804335,214082,14,2678,1336,578.1,3060319,0.9986,39526,74531,50570900.0,15698,184261,14213,2156422031
21165,4.0833,200000,31636,804817,214725,14,2679,1331,626.0,3062703,0.9986,39656,73424.1,52844200.0,15628,173091,13717,2158472620
21175,4.1877,200000,31588,805082,215114,14,2681,1327,633.1,3064058,0.9986,39401,71434.4,46805700.0,15646,125021,11655.2,2159473907
21185,3.947,200000,31562,805318,215461,14,2681,1327,587.9,3065305,0.9986,39613,67054.5,42855900.0,15636,121226,10914.6,2160467881
21195,4.4959,200000,31566,805544,215807,14,2680,1331,607.0,3066719,0.9986,39388,70013.7,46610500.0,15505,153623,11343.1,2161411413
21205,4.4659,200000,31651,805782,216120,14,2681,1332,608.0,3068162,0.9986,39365,72472.4,47739500.0,15447,176891,13552.1,2162456632
21225,5.1456,200000,31561,806347,216807,14,2684,1335,649.2,3070657,0.9986,39336,65173.4,42406700.0,15495,130254,11343.2,2164440292
21235,4.1924,200000,31596,806591,217075,14,2688,1330,629.8,3071983,0.9986,39145,83704.9,56877700.0,15466,177090,15538.8,2165407364
21245,4.74,200000,31630,806819,217384,14,2692,1328,587.9,3072946,0.9986,39095,73188.9,49337800.0,15578,125953,13752.6,2166487068
21255,3.945,200000,31650,807029,217673,14,2694,1325,545.6,3074083,0.9986,39047,72529.9,51284300.0,15525,149278,13637.1,2167499130
21275,4.8559,200000,31703,807480,218356,14,2697,1326,620.0,3076913,0.9986,39287,72439.7,51124800.0,15322,149260,12454.6,2169444266
21285,3.8277,200000,31673,807739,218775,14,2700,1323,627.9,3078570,0.9986,39031,72090.4,46696000.0,15322,135399,13337.2,2170313149
21295,3.6441,200000,31718,807979,219132,14,2695,1325,584.0,3079966,0.9985,38980,72502.3,50493200.0,15301,160855,15275.3,2171270683
21315,3.8029,200000,31784,808481,219780,14,2694,1321,634.9,3082505,0.9986,39147,60615.4,41178400.0,15275,109471,10649,2173468974
21325,3.8529,200000,31620,808736,220301,14,2694,1322,677.2,3084377,0.9986,38974,66168.2,43454000.0,15172,123898,12204.7,2174521521
21335,4.556,200000,31707,808985,220622,14,2694,1323,660.2,3085652,0.9986,38916,67717.2,45062500.0,15168,140758,11167.2,2175466618
21345,4.1156,200000,31717,809242,220968,14,2697,1323,605.5,3086901,0.9986,39049,72848.9,45766800.0,15195,119599,12176.6,2176469055
21355,4.8625,200000,31727,809493,221317,14,2696,1321,629.3,3088787,0.9986,39044,69954.1,45342400.0,15065,177012,12149.3,2177535709
21377,4.069,199958,31721,810019,222060,14,2697,1323,675.2,3091395,0.9986,39218,65438.3,45188500.0,15012,165767,12862.9,2179444529
21386,4.677,199962,31670,810251,222458,14,2699,1321,700.6,3093073,0.9986,39034,74683.5,51903500.0,14849,198986,13903,2180459517
21397,3.6752,199941,31730,810519,222751,14,2702,1320,673.0,3094057,0.9986,38937,75935.1,50668200.0,14836,157299,12156.9,2181569887
21407,4.431,199960,31752,810744,223045,14,2704,1321,601.9,3095197,0.9986,39178,74596.7,47979400.0,14920,179040,12917.3,2182528524
21417,4.0251,199928,31705,810964,223471,14,2703,1322,636.2,3096682,0.9986,38859,67241.2,44356300.0,14744,165950,12468.8,2183609864
21439,4.0119,199911,31710,811510,224136,14,2703,1325,670.6,3099369,0.9987,39239,71051.4,47905600.0,14748,137739,11648.5,2185642017
21447,4.3415,199936,31791,811676,224444,14,2705,1327,652.0,3100179,0.9986,39126,69371,45861600.0,14662,132777,12085.1,2186459574
21458,4.2518,199920,31731,811931,224810,14,2708,1329,610.6,3101890,0.9987,39312,73754.5,50606800.0,14604,171841,14551.4,2187655701
21468,4.8322,199896,31783,812199,225103,14,2708,1331,601.8,3103035,0.9986,39002,71694.7,47331200.0,14558,149247,10191.9,2188620729
21487,4.4701,199929,31715,812697,225939,13,2710,1332,659.5,3105872,0.9986,39318,69075,47232600.0,14587,140715,11858.1,2190477064
21497,4.814,199938,31707,812918,226286,13,2709,1337,670.5,3107123,0.9986,39194,69459.8,46064600.0,14418,144288,13072.8,2191477355
21509,4.3123,199886,31725,813211,226629,13,2711,1336,603.9,3108374,0.9986,39243,70247.9,48672500.0,14510,166012,11780.6,2192494336
21529,4.406,199879,31750,813696,227361,13,2716,1332,667.1,3111310,0.9987,39239,62865.9,41437800.0,14338,100760,10342.8,2194678727
21540,4.2643,199883,31813,813952,227870,13,2721,1329,638.3,3112708,0.9986,38996,64329.2,42418800.0,14322,146111,12495.5,2195591353
21548,4.5412,199888,31666,814173,228233,13,2717,1338,641.2,3113940,0.9986,38968,65540.1,42649000.0,14288,96735,11270.7,2196592166
21570,4.5949,199899,31781,814681,228900,13,2724,1332,667.2,3116465,0.9986,39072,70256.7,48880800.0,14300,151796,12071.3,2198592424
21580,4.8458,200000,31746,814940,229501,13,2726,1334,686.2,3118739,0.9986,39156,63338.1,42545100.0,14147,156160,10963.8,2199607666
21590,4.8327,199899,31773,815161,229660,13,2724,1339,603.6,3119378,0.9986,38784,80516.4,51350900.0,14149,155394,12102.6,2200640759
21599,4.1756,199862,31617,815424,230174,13,2728,1338,636.1,3120781,0.9986,38928,63072.8,43835500.0,14157,159470,13538.3,2201611505
21620,3.973,200000,31661,815961,231029,13,2725,1340,706.8,3123917,0.9986,39081,68796.7,44849900.0,14160,138158,12366.9,2203695956
21630,4.0479,200000,31699,816188,231347,13,2728,1340,562.5,3125035,0.9986,38734,75598.3,51989500.0,14147,195820,13434.9,2204764843
21640,4.3528,200000,31737,816431,231678,13,2725,1344,566.8,3126300,0.9986,38680,71879.8,51677100.0,14133,203515,13760.8,2205734399
21650,4.228,200000,31662,816686,232075,13,2729,1342,587.6,3127659,0.9986,38654,65126.3,41948700.0,14132,177810,12536.1,2206660423
21660,4.4895,200000,31720,816931,232449,13,2732,1339,595.9,3128885,0.9987,38546,71134.3,49726000.0,14131,149188,12030.9,2207877101
21680,4.3711,200000,31773,817419,233168,13,2738,1335,661.6,3131510,0.9987,38665,68249,45756700.0,13968,116501,11005,2209866266
21690,3.9587,200000,31647,817680,233667,13,2737,1338,629.4,3133240,0.9986,38744,64748.8,42154700.0,13971,181116,12448.8,2210720048
21710,5.6,200000,31753,818155,234351,13,2741,1333,662.5,3135747,0.9986,38759,69336.7,46637100.0,13944,155545,13422.7,2212827044
21720,4.3614,200000,31666,818401,234778,13,2742,1337,638.1,3137394,0.9986,38594,71990.9,47401700.0,13822,117922,11586.8,2213786795
21730,4.5795,200000,31582,818637,235229,13,2745,1337,652.6,3138853,0.9987,38353,68335.8,44266500.0,13820,188992,12993.2,2214916515
21740,4.6662,200000,31623,818883,235567,13,2749,1340,639.2,3140106,0.9987,38465,68702.1,48198000.0,13801,156764,11491.1,2215922012
21760,4.9585,200000,31658,819334,236313,13,2748,1339,696.1,3142715,0.9986,38509,64910.5,42802000.0,13683,148246,10304.9,2217830959
21770,4.7822,200000,31722,819569,236661,13,2748,1333,638.8,3144125,0.9987,38614,69326.3,44039900.0,13648,122369,12791.9,2218895978
21780,5.0465,200000,31586,819806,237065,13,2749,1331,652.8,3145469,0.9986,38472,67692.8,41803800.0,13599,146188,11034.6,2219795587
21790,4.2311,200000,31640,820019,237394,13,2752,1334,636.9,3146733,0.9986,38541,68297.7,47871600.0,13552,176707,13027.7,2220775093
21800,3.9108,200000,31600,820261,237800,13,2753,1338,642.5,3148082,0.9987,38557,68037.1,44797300.0,13546,139057,12441,2221944455
21820,4.4973,200000,31460,820735,238594,13,2758,1333,678.4,3150616,0.9986,38445,74932.2,50318600.0,13607,111859,12413.7,2223864197
21830,4.8726,200000,31395,821005,238995,13,2757,1341,644.0,3151969,0.9987,38321,70208.5,46639900.0,13525,159065,11669.9,2224955010
21850,4.6666,200000,31369,821462,239740,13,2756,1343,662.5,3154246,0.9987,38278,71856.5,47820300.0,13611,193432,14524.7,2226913837
21860,4.2165,200000,31397,821696,240070,13,2754,1349,613.7,3155503,0.9987,38451,72241.4,47922500.0,13590,136341,12020.7,2227962497
21870,4.4578,200000,31332,821957,240508,14,2754,1352,646.9,3157139,0.9986,38295,63729.6,41523000.0,13476,112601,10836.2,2228836835
21890,4.3326,200000,31291,822424,241381,14,2756,1353,699.8,3159775,0.9987,38385,68824.3,47559600.0,13439,173414,12634.6,2230941600
21900,4.6486,200000,31348,822673,241749,14,2755,1355,690.9,3160998,0.9987,38220,75242,50969800.0,13431,129271,13183.4,2231954928
21910,4.9742,200000,31364,822910,242101,14,2758,1354,634.4,3162241,0.9987,38489,60538.2,41627000.0,13417,125926,9855.88,2232928213
21920,4.7958,200000,31288,823142,242579,14,2760,1352,674.9,3163996,0.9987,38399,63208.9,39869400.0,13295,151569,11000.7,2233937864
21930,4.2541,200000,31282,823393,242989,14,2759,1355,697.9,3165496,0.9986,38120,65066.3,43111100.0,13180,99838,11579.6,2234918041
21950,4.3634,200000,31290,823913,243695,14,2765,1349,703.9,3167820,0.9986,38279,70855.8,46368000.0,13320,133627,10626.9,2236926601
21960,5.0097,199991,31114,824167,244266,14,2767,1348,682.9,3169640,0.9987,38243,59082.5,36699700.0,13252,147050,11291.4,2238008154
21980,4.4625,199979,31249,824665,244967,14,2768,1344,726.7,3172445,0.9986,38449,68110,44911600.0,13128,136160,12143.1,2239924610
21991,4.4628,199982,31124,824931,245407,14,2772,1339,711.1,3173915,0.9987,38242,64970.3,42450800.0,13160,122864,11578.2,2240981502
22001,4.7632,199979,31270,825149,245678,15,2772,1339,636.6,3175082,0.9987,38371,71349.2,49466200.0,13152,144885,12290.3,2242025877
22021,4.9112,199958,31206,825668,246464,15,2774,1339,688.8,3177323,0.9987,38282,72976.1,48117800.0,13128,141634,11405.9,2244018429
22031,5.149,199956,31103,825907,246975,15,2775,1339,695.9,3178883,0.9987,37932,66100.5,42327300.0,13106,131005,11169,2245019658
22041,4.3916,199975,31153,826131,247352,15,2778,1339,644.0,3180102,0.9987,38153,66166.4,43076700.0,13108,174336,12784.1,2246039494
22051,4.8228,199975,31196,826344,247713,15,2781,1340,650.8,3181331,0.9987,37919,71562.4,48336000.0,12985,141356,11238.1,2246973246
22072,3.8657,199960,31135,826821,248573,15,2782,1339,701.6,3184139,0.9987,38016,60437.7,40674900.0,12946,127314,11282.2,2249034626
22083,4.7286,199933,31175,827058,248955,15,2781,1345,644.3,3185355,0.9987,37873,70033.2,46582200.0,12908,178017,12896.3,2250050652
22103,4.9,199942,31149,827520,249805,15,2786,1342,713.8,3188008,0.9987,37903,69193.2,48110000.0,12781,137032,11074.6,2252069531
22113,4.3299,199918,31073,827772,250260,15,2790,1338,713.3,3189469,0.9987,37893,65548.6,42843900.0,12750,160279,13133.1,2253074022
22122,4.9265,199918,30924,828005,250804,15,2789,1337,726.0,3190994,0.9987,37854,61790.4,41844700.0,12785,138070,11092.5,2254029886
22133,5.2297,199915,31047,828280,251107,15,2788,1336,662.9,3192128,0.9987,38024,73141.4,49811700.0,12743,143708,12950.1,2255008515
22142,5.12,199923,31085,828496,251434,15,2788,1337,645.7,3193234,0.9987,37873,74124.5,48979900.0,12743,133953,12811.5,2256035957
22153,4.9816,199929,31115,828733,251781,15,2788,1341,633.9,3194484,0.9986,37781,73366.2,48037400.0,12703,144130,11823.4,2256965589
22173,5.0283,199885,31108,829191,252535,15,2785,1344,670.9,3196916,0.9987,37995,76484.9,52378900.0,12674,165064,12285.7,2259094305
22184,4.1934,199901,31014,829447,253007,15,2788,1342,633.4,3198356,0.9987,38024,68520.2,46304900.0,12662,132717,12470,2260093743
22203,4.439,199911,31014,829873,253716,15,2782,1351,669.4,3200676,0.9987,38077,68988.5,48941300.0,12605,138150,11774.9,2262075122
22214,4.6776,199917,31013,830140,254089,15,2780,1351,620.0,3201894,0.9987,38010,71023.1,46691000.0,12644,154235,11531.9,2263058846
22223,4.9205,199894,30900,830370,254557,15,2784,1346,645.8,3203173,0.9987,37964,66168.6,42060400.0,12605,135360,13268.3,2264031248
22234,4.811,199908,31038,830642,254785,15,2789,1344,609.3,3204223,0.9987,37911,78626.2,55151500.0,12623,158438,12497.2,2265054336
22244,4.3663,199878,30925,830888,255268,15,2786,1352,632.5,3205651,0.9987,37846,65008,42411600.0,12611,137643,12097.1,2266054108
22264,4.6529,199890,30905,831390,256040,15,2787,1350,673.6,3208065,0.9986,38092,71682.1,47386900.0,12650,151136,12243.4,2267924406
22275,5.2017,199892,30975,831658,256435,15,2789,1347,641.7,3209428,0.9987,38163,71242.3,47297000.0,12556,144327,11688.5,2269138896
22285,3.9483,199896,30915,831876,256842,15,2792,1347,636.7,3210775,0.9987,38042,66655.1,42229000.0,12554,163424,12009.8,2270117064
22305,4.7253,199866,31074,832361,257537,15,2793,1346,667.5,3213263,0.9987,38030,75593.9,54596100.0,12543,152692,11316.9,2272158773
22315,4.6081,200000,30790,832620,258318,15,2790,1347,686.8,3215328,0.9987,37875,64914.2,42722400.0,12601,166584,12694.7,2273117587
22335,4.3864,200000,30852,833123,258995,15,2791,1347,704.4,3217684,0.9987,37643,81386.4,51099000.0,12618,153310,13029.6,2275178322
22345,4.5597,200000,30802,833363,259450,15,2794,1342,700.4,3218981,0.9987,37355,64684.4,44390000.0,12628,167287,12994.5,2276245019
22355,4.8426,200000,30787,833611,259847,15,2795,1343,670.8,3220175,0.9987,37427,67329.1,46969000.0,12481,144893,11281.7,2277226404
22365,4.9269,200000,30801,833844,260238,15,2800,1338,618.4,3221698,0.9987,37422,74627,47621500.0,12493,147815,12308.1,2278245512
22375,4.114,200000,30834,834084,260638,15,2801,1336,621.4,3222891,0.9987,37199,68158.4,42069800.0,12505,97741,11071.2,2279247019
22385,4.68,200000,30795,834310,261047,15,2805,1335,631.1,3224226,0.9987,37113,66107.4,42061000.0,12481,124100,11354.7,2280266039
22405,4.3612,200000,30788,834782,261886,16,2805,1336,678.4,3226570,0.9987,37273,59463.5,37753100.0,12492,120697,10179.4,2282222879
22415,4.7586,200000,30765,835014,262357,16,2805,1334,691.3,3227853,0.9986,37153,64452.4,41557300.0,12470,151819,12412.8,2283179977
22425,4.9087,200000,30749,835232,262780,16,2806,1337,690.0,3229179,0.9987,37008,70094.1,45531200.0,12436,132277,11595.6,2284276608
22435,5.1303,200000,30668,835488,263209,16,2803,1344,655.6,3230667,0.9987,37265,67354.2,45195200.0,12346,149634,11194.5,2285274617
22455,5.024,200000,30711,835987,264050,16,2803,1345,712.4,3233330,0.9987,37256,62952,41955900.0,12313,118019,11657.7,2287195818
22465,4.8762,200000,30776,836220,264408,16,2804,1347,689.1,3234564,0.9987,37103,72644.7,46369800.0,12307,121500,12335.7,2288223069
22475,5.4512,200000,30694,836430,264913,16,2806,1344,653.7,3235809,0.9986,37181,62352.4,41703800.0,12263,167466,11968.5,2289144180
22485,4.2704,200000,30707,836665,265291,16,2810,1342,654.4,3237029,0.9987,37109,69045.5,44016600.0,12223,164424,11258.5,2290298653
22495,4.3993,200000,30748,836906,265699,16,2809,1348,650.3,3238214,0.9987,37211,66046.5,45854200.0,12241,128862,12109.1,2291314287
22515,4.9825,200000,30690,837414,266493,16,2811,1343,708.6,3240922,0.9987,37321,64319.5,42334000.0,12175,136417,10472.3,2293257004
22525,4.8232,200000,30516,837655,267050,16,2812,1345,729.0,3242442,0.9986,37279,61364.9,39964500.0,12150,176884,12181.8,2294152774
22535,4.3382,200000,30562,837886,267450,16,2810,1347,715.8,3243637,0.9987,37308,65440.3,44352100.0,12126,114627,11421.9,2295325920
22545,5.1081,200000,30640,838145,267816,16,2806,1356,651.9,3244710,0.9986,37181,70179,48045700.0,12154,143768,13234.7,2296199523
22565,5.3879,200000,30634,838613,268664,16,2806,1363,715.2,3247207,0.9987,37298,67950.8,45837900.0,12053,114000,11366,2298286408
22575,7.7796,200000,30551,838874,269196,16,2808,1361,718.7,3248743,0.9987,37040,61325,37742100.0,12093,110737,11046,2299317420
22585,4.5661,200000,30533,839124,269684,16,2804,1367,669.1,3250001,0.9986,37161,66858.5,46934600.0,12133,129696,13057.8,2300213668
22605,5.5671,200000,30582,839576,270445,16,2808,1367,702.9,3252427,0.9987,37109,72172.1,47929000.0,12114,175662,11200.5,2302335807
22615,5.1429,200000,30512,839807,270947,16,2806,1364,660.5,3253679,0.9987,37089,59938.7,40839400.0,12117,177515,11811.3,2303334165
22635,5.451,200000,30535,840295,271844,16,2806,1364,742.1,3256450,0.9987,37035,67146.4,44697500.0,11961,128593,12230.6,2305259624
22645,4.5185,200000,30531,840513,272205,16,2804,1372,714.3,3257683,0.9987,36872,71760.7,46271000.0,11937,117208,12335.2,2306312633
22655,4.7581,200000,30549,840766,272604,16,2808,1370,695.4,3258877,0.9987,36799,72861.3,48048400.0,11984,135985,11377,2307291515
22665,4.9998,200000,30571,840997,273005,16,2810,1369,635.4,3260069,0.9987,36662,60415.9,38221600.0,12015,118823,11616.2,2308308859
22675,5.1774,200000,30598,841216,273373,16,2814,1365,636.0,3261298,0.9987,36655,68582.9,42654200.0,11969,127137,10733.3,2309396651
22695,5.0252,200000,30481,841682,274343,16,2809,1371,702.9,3263831,0.9987,36700,65400.4,46376500.0,12000,115877,11113,2311370578
22705,4.3698,200000,30442,841929,274773,16,2812,1372,722.5,3265314,0.9987,36636,63654.3,40259300.0,11866,121828,11326.2,2312385752
22715,5.2631,200000,30466,842165,275159,16,2809,1380,662.1,3266518,0.9987,36826,69264.5,47181200.0,11880,140878,12408,2313394209
22735,4.2476,200000,30425,842631,276004,16,2814,1374,704.8,3269013,0.9987,36796,64436.2,40554700.0,11865,124899,11421.8,2315415526
22745,5.1442,200000,30390,842866,276480,16,2815,1374,662.5,3270293,0.9987,36720,62429.8,40460600.0,11824,111659,12083.1,2316421073
22765,5.1408,200000,30392,843311,277331,16,2816,1376,719.7,3272787,0.9987,36775,67320,45283300.0,11761,130158,11329.5,2318425492
22775,5.3611,200000,30356,843541,277765,16,2814,1379,726.3,3274103,0.9987,36559,66348.5,43776200.0,11665,138645,11330.1,2319418135
22785,4.4753,199994,30332,843773,278196,16,2817,1379,718.9,3275424,0.9987,36608,64349.9,43149800.0,11656,147902,11855.1,2320427621
22795,4.8662,199976,30399,844041,278538,16,2822,1373,653.3,3276354,0.9987,36565,72622.7,52879000.0,11656,179971,13239.2,2321375317
22816,5.3163,199980,30360,844517,279395,16,2823,1373,691.3,3278687,0.9987,36696,66782.4,44177400.0,11748,116103,11148.3,2323372836
22826,4.6833,199971,30341,844761,279789,16,2819,1376,637.6,3279879,0.9987,36676,73638.4,47291900.0,11744,150625,13604.2,2324373426
22835,4.4363,199983,30299,844969,280207,16,2818,1377,648.2,3281049,0.9987,36456,66165,40929100.0,11723,128534,10814.6,2325434389
22846,4.8808,199979,30297,845216,280590,16,2818,1375,643.9,3282258,0.9987,36448,70742.8,49616200.0,11707,131939,13047,2326383794
22866,5.5828,199964,30290,845675,281446,16,2818,1374,701.0,3284582,0.9987,36681,66679,44293300.0,11674,118086,10841.5,2328411881
22876,5.1572,199964,30230,845901,281912,16,2822,1373,721.9,3286184,0.9987,36612,65370.2,42198400.0,11566,144329,11887.3,2329321317
22887,5.241,199967,30292,846159,282260,16,2817,1378,659.2,3287106,0.9987,36935,70588.5,48098500.0,11561,136448,12108.9,2330447809
22907,4.167,199960,30232,846628,283171,16,2817,1373,708.8,3289542,0.9987,37008,65875.5,45656700.0,11574,167800,10742.8,2332420538
22917,4.5334,199913,30185,846853,283674,16,2819,1370,664.4,3290953,0.9987,36926,64349.2,41084900.0,11561,141230,13067,2333454509
22927,4.1228,199941,30124,847084,284103,16,2819,1370,668.5,3292121,0.9987,36834,72916.8,48543400.0,11552,146812,13100.8,2334494407
22948,4.6544,199907,30133,847560,284962,16,2818,1372,724.0,3294451,0.9987,36845,72489.1,48903200.0,11505,130960,12255.3,2336499276
22958,4.9268,199916,30162,847776,285281,16,2825,1362,650.9,3295568,0.9987,36762,72110.6,45455900.0,11489,129138,12011.3,2337487853
22978,4.5527,199926,30036,848269,286278,16,2828,1362,719.0,3298071,0.9987,36521,69240.5,46848100.0,11536,186739,12067.2,2339455880
22988,5.0342,199918,30132,848521,286677,16,2827,1363,703.0,3299267,0.9987,36425,69952.6,45042800.0,11538,125341,13352.3,2340515582
22999,4.6712,199907,30114,848789,287082,17,2823,1368,651.8,3300453,0.9987,36686,66686.7,46399100.0,11536,169186,11029,2341426445
23008,4.6978,199924,30140,849008,287489,17,2827,1368,679.4,3301638,0.9987,36557,65163.4,42686300.0,11384,126967,10541.6,2342459001
23018,5.3708,199932,30112,849216,287955,17,2827,1367,681.0,3302767,0.9987,36458,64640.5,43183300.0,11384,153234,11686.8,2343434784
23039,5.0817,199883,30132,849688,288812,17,2826,1367,733.3,3305254,0.9987,36767,68050.9,45090300.0,11328,134856,11499.3,2345533705
23050,6.2473,199881,30102,849934,289279,17,2827,1368,724.6,3306541,0.9987,36523,67395,43494400.0,11323,144125,10851.7,2346526464
23059,4.8576,199883,30147,850147,289700,17,2831,1365,709.8,3307719,0.9987,36692,65674.2,43202600.0,11304,130311,13061.7,2347548768
23070,4.5774,199884,30279,850431,290201,17,2831,1366,669.8,3308971,0.9986,36831,64497.8,45286100.0,11315,160405,12141.4,2348334827
23090,4.9886,199875,30128,850906,291022,17,2832,1368,710.7,3311178,0.9987,36870,61552.1,43078500.0,11317,158901,10528.8,2350514439
23100,4.2426,200000,30223,851133,291780,18,2835,1363,713.7,3313134,0.9987,36763,60963.2,39577400.0,11326,174561,10956.9,2351533487
23120,4.8235,200000,30002,851617,292751,18,2837,1361,785.7,3315835,0.9987,36836,65654.5,44006100.0,11215,213695,10938.9,2353561824
23130,5.8064,200000,30037,851867,293127,18,2837,1360,710.6,3316891,0.9987,36838,70738.1,45658300.0,11237,100176,12647.3,2354566846
23140,4.84,200000,30005,852114,293556,18,2837,1364,705.0,3318053,0.9987,36521,67025.8,42050000.0,11235,140019,11061.1,2355629746
23150,4.28,200000,30032,852361,293934,18,2834,1372,632.1,3319110,0.9987,36540,72046.1,46395100.0,11364,150468,13085.8,2356489968
23160,4.8504,200000,30025,852596,294348,18,2831,1375,652.0,3320448,0.9987,36507,66148.4,42072600.0,11271,120018,10200.2,2357651890
23180,5.5371,200000,29980,853064,295219,18,2826,1376,678.1,3322604,0.9987,36520,66978.8,44790800.0,11382,173467,14107.6,2359714913
23190,5.33,200000,29926,853275,295657,18,2830,1377,641.2,3323762,0.9987,36504,68918.3,51840000.0,11346,154834,12575.9,2360727686
23200,5.1408,200000,30043,853510,295984,18,2824,1382,620.8,3324871,0.9987,36444,70237.3,45299100.0,11345,120664,11560.7,2361725199
23220,5.3521,200000,30016,854010,296808,18,2828,1380,673.5,3327234,0.9987,36435,65918.2,44499000.0,11379,151521,11639.7,2363752211
23230,5.4244,200000,29966,854249,297238,18,2830,1380,670.6,3328397,0.9987,36274,68644.1,43108800.0,11383,105913,11231.8,2364602690
23240,4.0766,200000,29998,854492,297651,18,2832,1380,626.4,3329575,0.9987,36332,69529.3,45347800.0,11377,126594,12547.7,2365611970
23260,4.1599,200000,30090,854988,298378,18,2834,1383,657.0,3331877,0.9987,36213,73206.3,49360700.0,11447,133873,11533.8,2367648261
23270,4.8565,200000,29991,855223,298881,18,2831,1391,624.9,3333129,0.9987,36132,59698.3,37339300.0,11450,137333,11250.6,2368638697
23290,4.8886,200000,30051,855697,299621,18,2833,1394,666.0,3335239,0.9987,36152,70427.4,49582900.0,11435,178820,12209,2370706966
23300,5.0708,200000,29917,855972,300192,18,2838,1392,642.7,3336740,0.9987,36015,60903.6,39469900.0,11475,113977,11289.6,2371732524
23310,4.3653,200000,29965,856202,300593,18,2838,1393,641.9,3337933,0.9987,35854,75709.8,47465200.0,11466,170826,12720.2,2372782513
23320,4.2498,200000,30009,856407,300919,18,2839,1389,626.1,3339029,0.9987,35689,75546.2,50225200.0,11438,115131,12792.7,2373795048
23330,5.1406,200000,30054,856648,301291,18,2840,1384,624.5,3340246,0.9987,35697,69674.4,46513500.0,11453,130264,12112.9,2374793502
23350,5.4954,200000,29908,857102,302244,18,2843,1383,704.6,3342628,0.9987,35885,64612.1,43499000.0,11340,173261,10602.2,2376784653
23360,5.423,200000,29868,857338,302770,18,2841,1382,667.6,3344330,0.9987,35904,62856.7,40137500.0,11348,153391,11862.6,2377633056
23370,4.5228,200000,29882,857575,303184,18,2839,1385,664.7,3345667,0.9987,35754,68505.4,46158200.0,11345,142730,12140.4,2378803376
23380,4.3551,200000,29911,857807,303601,18,2836,1389,665.0,3346685,0.9987,35886,71011.3,49851200.0,11331,152941,13691.1,2379811575
23400,5.274,200000,29860,858280,304449,18,2836,1390,708.7,3349030,0.9987,35934,64611.8,41282500.0,11353,150736,10884.1,2381813370
23410,4.9918,200000,29891,858500,304876,18,2836,1389,655.1,3350197,0.9987,35936,69209,45946300.0,11343,114261,12824.8,2382696555
23430,4.9943,200000,29898,858978,305699,18,2834,1389,694.0,3352562,0.9987,35798,67630.2,44574200.0,11371,145635,10893.3,2384801404
23440,5.1739,200000,29892,859204,306129,18,2833,1387,683.5,3353726,0.9988,35631,67764.6,41999900.0,11392,152628,12320.5,2385835129
23450,5.2541,200000,29962,859410,306500,18,2837,1385,671.5,3354633,0.9987,35641,73249.1,49277300.0,11340,141087,11882.8,2386803056
23470,5.7265,200000,29942,859888,307421,18,2844,1377,652.9,3357050,0.9987,35730,63109.3,40819100.0,11321,119661,10575.6,2388827710
23490,4.7437,200000,29791,860354,308406,18,2842,1380,719.5,3359571,0.9987,35991,61478.4,40312600.0,11312,119043,9684.1,2390798645
23500,4.4726,200000,29787,860581,308851,18,2846,1376,678.4,3360721,0.9987,36091,68528.2,44184700.0,11217,147150,11554.9,2391784002
23520,5.6819,200000,29741,861011,309771,18,2848,1376,724.8,3363309,0.9988,36064,66635.8,45004600.0,11196,128787,11110.8,2393856112
23530,5.1194,199998,29682,861256,310308,18,2847,1374,682.3,3364685,0.9988,35899,59319,35620800.0,11215,171840,10360,2394871790
23550,5.9385,199985,29780,861745,311109,18,2843,1380,729.4,3366752,0.9988,35789,77734.8,49985300.0,11189,143056,11873.1,2396875181
23561,5.2676,199976,29696,861977,311648,18,2845,1379,735.0,3368125,0.9987,35819,62898.8,39042900.0,11172,133688,11396.3,2397851230
23570,4.7522,199982,29719,862182,312015,18,2848,1376,707.5,3369031,0.9987,35793,71853.2,48269700.0,11155,113052,11785.1,2398762672
23581,4.6839,199976,29723,862442,312504,18,2848,1375,662.2,3370294,0.9988,35964,63272.7,42773100.0,11165,138645,10529.2,2399889868
23601,5.4282,199964,29753,862918,313369,18,2848,1380,715.6,3372609,0.9987,36006,82896.9,56171500.0,11148,132526,10982.1,2401836563
23611,5.2524,199953,29612,863141,313916,18,2846,1379,727.0,3373973,0.9988,35979,60142.7,37373700.0,11126,121803,11556.9,2402896366
23622,5.2472,199934,29636,863415,314311,18,2848,1383,671.3,3375170,0.9987,36017,66884.5,46429500.0,11118,143238,12954.7,2403889250
23642,4.99,199943,29609,863911,315153,18,2847,1388,730.0,3377838,0.9987,36164,65884.8,43484800.0,11032,164339,11159.9,2405742056
23653,5.4133,199928,29613,864159,315588,18,2850,1385,719.1,3378835,0.9987,35928,69303.1,45834500.0,11023,176364,12927,2406838761
23662,6.1773,199967,29642,864353,315957,19,2850,1382,669.1,3379902,0.9987,36012,68703.2,43491800.0,11141,148010,11201.1,2407783054
23672,4.7994,199942,29624,864597,316416,19,2856,1371,692.4,3381352,0.9987,36129,66460.5,44850900.0,11029,153941,11910.2,2408852426
23683,5.1658,199930,29608,864837,316824,19,2857,1372,631.2,3382216,0.9988,36315,67435.2,46316300.0,11129,173820,12609.6,2409926984
23692,3.8291,199929,29590,865040,317259,19,2857,1372,663.2,3383691,0.9987,36076,63299.8,41296100.0,10981,141392,11356.2,2410748005
23701,5.7306,199954,29668,865238,317659,19,2856,1373,661.4,3384882,0.9987,36235,69627.3,45464000.0,10971,147807,11963.4,2411791014
23712,5.7527,199959,29681,865508,318076,19,2860,1372,663.5,3386055,0.9987,36034,70024.3,46171700.0,10975,153095,11656.2,2412835480
23734,5.3976,199909,29635,866024,318869,19,2860,1373,686.0,3388121,0.9988,36269,63153.8,42093200.0,11078,118633,10293,2414960374
23745,5.9249,199876,29619,866281,319333,19,2858,1378,660.0,3389570,0.9988,36356,64594.9,42180700.0,10934,140717,11352.1,2415963162
23765,6.2122,199893,29547,866754,320269,19,2860,1373,718.9,3392284,0.9987,36329,67628.2,44158900.0,10950,113129,10284.6,2417892414
23774,4.2017,199910,29452,866977,320773,18,2860,1378,726.3,3393372,0.9987,36287,62657.4,39747900.0,10915,133406,12065.5,2418900781
23784,4.3347,199877,29651,867223,321038,18,2861,1379,646.8,3394385,0.9988,36270,78433.1,53400900.0,10922,150160,12396.4,2419954341
23805,5.4169,199895,29607,867696,321941,18,2859,1381,709.5,3396819,0.9987,36327,64902.9,45921400.0,10943,149305,12673.8,2421901763
23815,5.1812,199892,29714,867923,322291,18,2857,1383,683.0,3397902,0.9988,36222,72535,47055600.0,10944,135533,12818,2422969307
23825,5.3238,199882,29698,868133,322717,18,2854,1388,677.2,3399068,0.9988,36286,69852.5,45686100.0,10913,133885,11115.8,2423995223
23835,5.5437,200000,29513,868349,323421,18,2851,1391,687.5,3400749,0.9988,36487,66620.7,43216000.0,10874,120263,11620.5,2424982662
23844,4.9111,199872,29418,868587,323732,18,2855,1380,632.6,3401550,0.9987,36382,58284.2,35919300.0,10900,116330,10952.4,2425934748
23865,5.7082,200000,29489,869077,324748,18,2856,1380,720.4,3404354,0.9988,36378,80021,52803000.0,10913,189889,12785.4,2428075361
23875,4.6256,200000,29411,869318,325277,18,2853,1385,622.2,3405580,0.9988,36305,59341.2,39397200.0,10916,124641,10529.9,2429196454
23895,5.4951,200000,29429,869830,326135,18,2849,1385,695.3,3407912,0.9987,36345,65245.6,42444500.0,10852,121690,11014.7,2431130831
23905,4.0914,200000,29383,870067,326613,18,2851,1382,649.7,3409507,0.9987,36305,63907.1,39053500.0,10863,132477,10709.7,2432141821
23925,4.0696,200000,29330,870519,327548,18,2845,1388,706.3,3411913,0.9987,36272,57341.7,38395000.0,10869,109309,10684,2434095320
23935,6.0164,200000,29377,870749,327993,18,2848,1386,696.9,3413062,0.9987,36090,70770.5,46740400.0,10861,142671,12330.4,2435090026
23945,5.3825,200000,29378,870999,328418,18,2848,1384,647.1,3414227,0.9987,36222,67291.2,47308000.0,10889,147589,12101.3,2436131579
23965,5.2463,200000,29449,871482,329243,18,2853,1382,693.0,3416426,0.9987,36140,74728.2,52473300.0,10901,163700,11835.8,2438085705
23975,5.3925,200000,29289,871712,329817,18,2857,1375,662.8,3417760,0.9988,36254,60852.3,40059400.0,10903,125202,10971.8,2439221699
23985,5.8907,200000,29364,871951,330246,18,2854,1379,681.6,3419084,0.9987,36072,65332.3,41164200.0,10805,108537,10369.8,2440143574
24005,5.4918,200000,29324,872389,331242,18,2856,1374,749.2,3421593,0.9987,36247,62258.2,41110600.0,10783,103980,9444.74,2442188040
24015,5.1368,200000,29252,872609,331789,18,2854,1378,752.3,3422799,0.9987,36166,61141.3,38647500.0,10765,145567,11744.9,2443078967
24025,6.0053,200000,29235,872843,332309,18,2854,1381,772.5,3424352,0.9987,36086,63175.1,41723500.0,10661,123237,10260.6,2444166038
24035,6.028,200000,29219,873067,332748,18,2858,1378,693.5,3425189,0.9988,36473,66723.6,45082300.0,10769,146990,11722.6,2445250343
24045,5.7092,200000,29240,873286,333225,18,2857,1379,718.4,3426625,0.9988,36063,65005.7,42210800.0,10643,132676,10615.3,2446227006
24065,5.7021,200000,29294,873756,334009,18,2860,1374,724.7,3428548,0.9988,36372,69280.6,45383100.0,10758,113687,10923.7,2448265987
24075,5.5958,200000,29213,873987,334507,18,2859,1375,680.8,3429806,0.9988,36273,63583.3,40630600.0,10749,139303,10961.8,2449224671
24095,5.615,200000,29253,874431,335351,18,2859,1376,729.3,3432149,0.9988,36375,64929.4,44719700.0,10677,175849,10880.9,2451231511
24105,5.4213,200000,29263,874667,335801,18,2855,1381,689.3,3433291,0.9988,36522,71299.8,47620400.0,10580,159937,12414.1,2452242741
24125,4.8617,200000,29308,875136,336659,18,2853,1383,731.4,3435621,0.9988,36345,62272.7,41844700.0,10597,99796,10553.7,2454278844
24135,5.3974,200000,29291,875360,337071,18,2851,1383,710.8,3436799,0.9988,36356,68911.1,44105600.0,10588,171479,11485.2,2455221321
24145,5.2666,200000,29284,875578,337537,18,2854,1383,661.3,3438084,0.9988,36336,57784.2,36151500.0,10587,116503,9816.97,2456238858
24155,5.7143,200000,29167,875822,338074,18,2852,1381,682.6,3439612,0.9988,36227,60472.7,35478800.0,10602,162390,10344.3,2457262787
24175,5.8593,200000,29136,876349,339012,18,2854,1382,737.8,3442021,0.9988,36312,62311,41391700.0,10653,133195,10667.2,2459284956
24185,6.4195,200000,29106,876566,339462,18,2851,1381,684.1,3443160,0.9988,36484,60281.1,37403800.0,10624,154330,10730.7,2460311288
24205,5.3955,199984,29047,877030,340417,18,2847,1385,759.9,3445876,0.9988,36496,61850.3,41237000.0,10481,141203,11156.2,2462290568
24215,5.4046,199981,29023,877258,340902,19,2845,1386,744.7,3447140,0.9988,36426,68988.9,44862100.0,10504,157879,12462,2463328305
24225,6.1336,199981,29050,877475,341264,19,2846,1387,678.7,3448210,0.9987,36463,69524.3,44627700.0,10478,129670,11798.8,2464202893
24235,5.2154,200000,29051,877717,341664,19,2844,1388,676.0,3449403,0.9987,36246,73358.9,45801100.0,10466,108669,11652.3,2465197260
24256,4.9577,199967,28971,878202,342599,19,2846,1386,729.0,3451811,0.9988,36329,63775,43332800.0,10477,157467,11214.9,2467322529
24266,5.5593,199970,28973,878446,342980,19,2854,1376,664.9,3453016,0.9988,36325,66314.6,43549900.0,10499,150706,12983.5,2468340644
24285,5.9942,199984,29020,878887,343872,19,2856,1374,704.0,3455303,0.9988,36231,62088.9,40159000.0,10538,126307,10442,2470304229
24296,4.973,199954,28924,879164,344424,19,2853,1383,675.6,3456504,0.9988,36468,65749.4,43514900.0,10528,149767,11878.1,2471312532
24317,6.3345,199939,28838,879659,345429,19,2857,1377,757.8,3459319,0.9988,36443,58304.4,37703900.0,10410,131326,10356.4,2473337681
24328,4.9175,199928,29007,879923,345757,19,2853,1378,683.9,3460103,0.9988,36473,68521.1,43654000.0,10416,116711,10619.9,2474351277
24347,5.5389,199956,28931,880370,346619,20,2851,1378,729.6,3462264,0.9987,36425,72639.9,49405400.0,10398,125098,11106.5,2476184014
24357,5.2298,199947,28906,880632,347089,20,2851,1377,706.4,3463381,0.9988,36362,64185,37849900.0,10512,130117,10579.9,2477296816
24367,5.66,199959,28914,880880,347527,20,2853,1372,668.8,3464854,0.9987,36581,66634.8,42115100.0,10434,139627,11239.3,2478255829
24387,5.8107,199940,28936,881332,348450,20,2855,1368,716.2,3467276,0.9988,36745,59339.8,39356900.0,10409,116699,9992.24,2480372086
24398,5.5278,199928,28881,881575,348953,20,2859,1370,680.8,3468516,0.9988,36689,58622.7,39708700.0,10388,109202,11000.6,2481382123
24407,5.7339,199948,28847,881770,349420,20,2861,1367,684.5,3469638,0.9988,36534,67764.8,43863900.0,10367,147978,11950.9,2482310829
24428,5.1536,199905,28871,882251,350339,20,2859,1371,735.8,3471911,0.9988,36625,69799.8,46789400.0,10358,160500,10915.6,2484372003
24438,5.7882,199905,28816,882500,350838,20,2860,1371,686.0,3473165,0.9988,36603,68296.8,43296000.0,10368,140929,12058.3,2485303376
24448,5.2323,199930,28781,882730,351324,20,2861,1373,690.1,3474269,0.9987,36500,56664.1,36107100.0,10387,116935,9855.98,2486281541
24469,5.1914,199898,28716,883239,352374,20,2859,1377,775.8,3476722,0.9988,36690,61954.3,40825900.0,10319,136678,10394.4,2488392943
24479,5.8917,199874,28779,883502,352822,20,2861,1374,752.8,3478029,0.9988,36584,69669.8,46047200.0,10309,160480,11677.1,2489416336
24490,4.9209,199866,28807,883752,353303,20,2864,1372,698.6,3479143,0.9988,36515,63436.9,42191700.0,10332,149087,11712,2490415830
24500,5.203,199866,28742,884006,353802,21,2861,1375,707.6,3480235,0.9988,36280,60003.1,38928300.0,10342,124708,10509.8,2491381764
24509,5.5991,199902,28827,884190,354174,21,2861,1380,686.9,3481456,0.9988,36246,71816.4,46916600.0,10355,146105,12274,2492369244
24530,5.8716,200000,28771,884674,355368,21,2866,1376,784.8,3484402,0.9988,36485,66902,43260800.0,10348,154881,11237.8,2494466003
24540,5.2488,200000,28698,884915,355905,21,2869,1376,775.9,3485618,0.9988,36318,61276.1,39703600.0,10361,127855,11367.6,2495437672
24560,5.5127,200000,28702,885391,356771,21,2868,1382,679.8,3487777,0.9988,36302,67246.5,47506000.0,10363,154887,11819.8,2497607754
24570,5.9208,200000,28676,885613,357256,21,2869,1381,706.5,3489205,0.9988,36218,64913.2,43778100.0,10253,156376,11563.9,2498596995
24580,5.6828,200000,28659,885843,357697,21,2865,1385,654.2,3490190,0.9988,36309,68624,46682700.0,10265,118305,12442.2,2499610667
24590,4.8347,200000,28620,886070,358174,21,2867,1385,672.6,3491465,0.9988,36114,63482.9,40451700.0,10248,110448,10815.3,2500572431
24600,5.3172,200000,28631,886289,358633,21,2867,1385,663.0,3492441,0.9988,36092,65750.1,46272500.0,10313,190418,12427.6,2501619099
24620,4.3616,200000,28590,886761,359509,21,2865,1382,719.9,3494745,0.9988,36275,63413.5,42475500.0,10195,164671,10020.8,2503576155
24630,6.2889,200000,28527,886989,360052,21,2870,1377,685.1,3496275,0.9988,36310,62912.6,42753400.0,10197,138744,11473,2504636293
24640,5.592,200000,28539,887234,360542,21,2869,1375,692.0,3497377,0.9988,36430,63612.8,41438000.0,10204,113543,10909.7,2505611968
24650,5.6465,200000,28490,887450,361115,21,2873,1371,711.6,3498713,0.9988,36323,59868.5,39526000.0,10192,153957,10948.9,2506648218
24670,6.2664,200000,28534,887911,361982,21,2875,1371,750.5,3501028,0.9988,36455,71768.1,48597900.0,10194,158748,12551.2,2508632037
24680,5.3477,200000,28520,888138,362443,21,2873,1376,707.6,3502476,0.9988,36361,68800.1,44469100.0,10082,147554,11950.5,2509549226
24700,4.9675,200000,28568,888611,363336,21,2873,1376,736.9,3504440,0.9988,36275,66305.7,45532200.0,10189,143787,12314.5,2511624590
24710,5.6194,200000,28585,888826,363742,21,2872,1374,677.9,3505463,0.9988,36276,69824.1,44929800.0,10163,134836,13285.3,2512688456
24730,5.4808,200000,28593,889285,364753,21,2872,1377,742.7,3507796,0.9988,36358,65299.3,44187300.0,10150,125208,10927.8,2514667772
24740,5.8394,200000,28641,889499,365187,21,2873,1376,684.5,3508954,0.9988,36168,61978.2,39986200.0,10134,111488,10542.7,2515689839
24750,5.5948,200000,28599,889706,365686,21,2873,1377,692.8,3510048,0.9988,36205,61602.7,38942300.0,10108,175837,9769.26,2516676913
24770,5.0164,200000,28629,890191,366601,21,2878,1376,756.9,3512802,0.9987,36234,66058.6,46200200.0,9985,182836,11538.7,2518556818
24780,5.0296,200000,28675,890404,367058,21,2878,1382,702.4,3513779,0.9988,36177,65957.3,42836600.0,9958,158301,11168.7,2519628298
24800,4.8598,200000,28667,890862,367979,21,2884,1377,751.7,3516203,0.9987,36034,65732.6,44907100.0,9919,137291,11678.1,2521548903
24810,5.2832,200000,28620,891081,368475,21,2879,1378,698.9,3517301,0.9987,36125,61861.4,39969700.0,9909,143478,10918.6,2522566616
24820,5.2971,200000,28670,891332,368923,21,2881,1377,692.1,3518447,0.9988,36078,71069,44059600.0,9938,181365,11289.6,2523701405
24830,4.6245,200000,28639,891577,369434,21,2881,1383,702.4,3519683,0.9988,36027,63507.8,41975300.0,9953,160117,11018.5,2524722969
24850,5.4874,200000,28544,892027,370470,21,2883,1380,764.8,3522001,0.9988,36308,64481.2,43434800.0,9954,134959,11614.1,2526694641
24860,5.2433,200000,28576,892234,370922,21,2882,1380,746.5,3523144,0.9988,36040,68298.5,45925600.0,9928,153131,12560.4,2527663129
24870,5.5726,200000,28605,892462,371368,21,2879,1386,692.9,3524285,0.9988,36334,64823.1,42398800.0,9920,170391,10107.2,2528701658
24880,5.4718,200000,28558,892719,371948,21,2881,1385,742.0,3525619,0.9988,36214,57963.7,36718500.0,9805,148823,10088,2529647736
24900,4.6034,199979,28628,893191,372918,21,2877,1388,783.4,3527837,0.9988,36319,65325.7,45070600.0,9815,161159,11366.8,2531597744
24910,5.6597,199981,28518,893438,373521,21,2874,1387,795.1,3529145,0.9988,36257,57623.1,36049500.0,9820,175407,10539.3,2532735152
24920,5.3346,199973,28617,893690,373937,21,2872,1391,726.2,3530165,0.9988,36383,67921.5,46188100.0,9818,106059,11124,2533759876
24941,5.507,199977,28468,894162,374970,21,2872,1389,784.5,3532630,0.9988,36445,62041.7,40237800.0,9811,149697,10482,2535673515
24951,5.3077,199984,28480,894387,375452,21,2875,1384,790.1,3533740,0.9988,36243,68923.2,44943400.0,9697,121838,11616,2536747879
24961,5.0153,199976,28465,894599,375931,21,2872,1385,731.8,3535015,0.9988,36389,65456.5,44458000.0,9660,155585,11905.8,2537744428
24971,5.7326,199976,28448,894804,376411,21,2870,1384,703.4,3535970,0.9988,36299,63802,39958000.0,9737,134104,11361.9,2538788453
24981,5.9905,199973,28459,895042,376865,21,2873,1380,700.2,3537112,0.9988,36381,70024.7,47143700.0,9739,139957,12291.2,2539760464
25004,5.5811,199930,28516,895539,377794,21,2871,1382,749.3,3539373,0.9988,36448,63520.9,43500800.0,9745,110486,11469,2541774704
25014,4.9709,199884,28527,895778,378274,21,2874,1379,710.5,3540483,0.9988,36426,67238.8,43044400.0,9612,112892,11674.8,2542851546
25034,5.1398,199897,28486,896265,379281,21,2872,1377,766.1,3542977,0.9987,36564,62362.7,41393200.0,9649,157279,11625.6,2544703934
25045,6.2571,200000,28483,896524,380023,21,2870,1376,762.3,3544785,0.9988,36491,61266.6,39205600.0,9656,140619,9536.76,2545879398
25065,5.522,200000,28456,896957,380986,21,2876,1372,799.5,3547009,0.9988,36354,63824.1,39934700.0,9623,117218,9765.9,2547953540
25075,5.0908,200000,28485,897187,381522,21,2875,1376,788.9,3548220,0.9988,36193,62658.4,41769000.0,9624,124324,10917.2,2548954342
25085,5.4176,200000,28543,897386,381902,21,2878,1371,713.6,3549271,0.9988,36259,68018,46113500.0,9594,132726,12584.3,2549921304
25095,5.4452,199880,28457,897618,382269,21,2881,1370,638.1,3550010,0.9988,36220,63806.7,41794000.0,9587,135846,10747.4,2550913605
25105,5.1676,200000,28478,897834,382886,21,2881,1375,706.3,3551623,0.9988,36194,64377.9,41452200.0,9578,141353,11986.7,2551913383
25125,6.3067,200000,28471,898244,383774,21,2884,1371,745.6,3553759,0.9988,36346,62467.4,39836300.0,9532,128994,10713.5,2553993081
25135,5.5891,200000,28415,898455,384342,21,2885,1367,761.1,3554931,0.9988,36288,63867.4,41498400.0,9514,158893,11620,2555038920
25145,5.4672,200000,28442,898701,384759,21,2886,1369,696.7,3555946,0.9988,36456,71429.8,48980600.0,9519,161754,11905.3,2556017514
25165,7.3419,200000,28437,899151,385733,21,2887,1370,748.1,3557999,0.9988,36190,60862.6,41009900.0,9546,144040,10448.4,2558067615
25175,5.5582,200000,28221,899362,386419,21,2893,1363,775.5,3559379,0.9988,36072,56299.6,36176500.0,9549,107044,10777.5,2558925411
25185,5.358,200000,28415,899574,386769,22,2893,1364,745.0,3560458,0.9988,36130,67908.6,46545700.0,9508,160296,11141.5,2559970534
25195,6.1068,200000,28260,899816,387339,22,2896,1360,706.4,3561639,0.9988,36102,58691.9,38922500.0,9518,112226,10656.6,2561091052
25205,5.4234,200000,28310,900056,387742,22,2896,1363,686.1,3562830,0.9988,36068,65443.9,40652400.0,9551,101928,10509.7,2562124470
25215,5.5792,200000,28283,900301,388252,22,2896,1367,699.2,3563911,0.9988,36042,63853.3,40971300.0,9554,146776,10045,2563060860
25235,5.9471,200000,28290,900770,389140,22,2893,1371,738.2,3566046,0.9988,36151,71540.1,47253300.0,9565,157860,12470.2,2565133198
25245,5.6145,200000,28149,901020,389683,22,2901,1365,752.0,3567256,0.9988,36109,65451.4,43771100.0,9560,125134,11392.7,2566097573
25255,5.1893,200000,28137,901251,390169,22,2902,1361,702.1,3568362,0.9988,36186,66072.1,44400400.0,9554,122428,11626.4,2567120926
25275,5.0433,200000,28139,901671,391101,22,2897,1370,753.0,3570617,0.9988,36163,69357.7,44682600.0,9437,157808,11417.6,2569055060
25285,6.261,200000,28088,901926,391602,22,2902,1366,686.8,3571707,0.9988,36370,61801.9,38457500.0,9581,147355,10496.7,2570128291
25295,6.2361,200000,27927,902181,392220,22,2906,1362,748.0,3573161,0.9988,36266,59982.4,38660800.0,9462,172764,10379.9,2570992609
25315,5.6648,200000,28013,902645,393304,22,2906,1362,807.6,3575419,0.9988,36318,64274.8,43237900.0,9454,132777,12088.8,2573139656
25325,5.4985,200000,27881,902874,393923,22,2906,1357,814.8,3576553,0.9988,36297,60663.9,37935400.0,9436,130144,10671.1,2574150871
25335,5.4713,200000,27937,903116,394339,22,2909,1354,740.8,3577724,0.9988,36246,70794.5,48100100.0,9426,161279,12964.2,2575143416
25355,5.2299,200000,27935,903609,395214,22,2904,1359,775.2,3579877,0.9988,36287,67370,51980900.0,9463,147454,12802.4,2577142538
25365,6.2878,200000,27922,903873,395665,22,2903,1364,714.9,3581017,0.9988,36173,71849.9,47712500.0,9502,159079,11987.1,2578164345
25375,4.996,200000,27802,904105,396205,22,2905,1362,722.9,3582222,0.9988,36181,60196.2,37095000.0,9530,134606,9662.51,2579141258
25385,5.6104,200000,27855,904315,396689,22,2907,1360,728.4,3583493,0.9988,36112,58312.8,41456800.0,9424,158207,11559.5,2580135194
25405,5.4992,200000,27797,904772,397592,21,2906,1365,762.2,3585612,0.9988,36234,59850.4,44145400.0,9524,138591,12192.9,2582153153
25415,6.0085,199994,27852,904998,397978,21,2905,1367,730.8,3586661,0.9988,36082,71444.4,44542900.0,9529,130561,11552.2,2583211476
25425,4.343,199983,27678,905275,398576,21,2908,1366,698.1,3587806,0.9988,36179,60760.1,39372800.0,9593,170341,11742.5,2584217814
25435,5.771,199983,27786,905522,398908,21,2905,1369,672.1,3588748,0.9988,36164,72479.4,49046500.0,9602,181701,12485.1,2585013999
25456,4.2847,199976,27793,906019,399761,21,2904,1371,723.5,3590912,0.9988,36217,67840,43117700.0,9588,115603,11363.4,2587023147
25466,4.8735,199975,27637,906243,400390,21,2899,1374,745.8,3592200,0.9988,36000,63337.7,41655000.0,9576,140532,12186.7,2588051022
25475,5.47,199972,27628,906464,400818,21,2899,1375,714.5,3593353,0.9988,35921,61338.4,43845300.0,9614,122546,11629.2,2589235374
25485,5.7124,199977,27683,906689,401249,21,2902,1373,666.1,3594360,0.9988,36022,63202.5,46605200.0,9623,117405,11697.1,2590083049
25496,6.4101,199982,27614,906954,401789,21,2903,1376,681.1,3595569,0.9988,35877,65522.9,41524400.0,9650,158342,10667.3,2591193906
25506,5.8181,199974,27624,907178,402229,21,2904,1373,679.2,3596712,0.9988,35767,64862.4,45837600.0,9654,159957,12466.6,2592186711
25516,5.1974,199957,27526,907426,402754,22,2906,1373,693.2,3597936,0.9988,35613,65626.4,44947600.0,9673,139938,12196.7,2593231506
25537,6.215,199924,27427,907912,403675,22,2906,1374,734.4,3600179,0.9988,35730,61815.9,42546400.0,9720,116622,11338.8,2595219634
25547,5.3833,199959,27342,908128,404178,22,2902,1380,758.3,3601256,0.9988,35599,66357.6,43765200.0,9632,169906,11770.3,2596214030
25558,5.963,199899,27301,908387,404676,22,2902,1374,693.2,3602333,0.9988,35819,63998.2,46905700.0,9738,123878,12468.8,2597173047
25579,4.9162,199906,27309,908880,405617,22,2906,1368,749.6,3604570,0.9988,35977,64940.6,44656400.0,9738,140710,11445.6,2599284552
25588,5.9196,199912,27255,909113,406109,22,2905,1370,758.0,3605833,0.9988,35872,65340.1,41539000.0,9686,121537,10600.5,2600305853
25599,5.4181,199908,27246,909388,406609,22,2902,1373,690.5,3606766,0.9988,36162,58952.9,38811000.0,9823,152876,11582.3,2601217606
25608,5.5412,199925,27210,909625,407057,22,2902,1378,717.3,3608384,0.9988,35978,61098.3,39654400.0,9734,183803,9863.61,2602283081
25618,5.6437,199905,27196,909862,407586,22,2901,1381,724.8,3609603,0.9988,35882,62331.1,40874900.0,9728,165490,11093.7,2603313900
25629,5.3836,199913,27174,910094,408065,21,2904,1376,727.0,3610712,0.9988,35814,63112.5,40312600.0,9706,109708,10309.5,2604330374
25650,6.0264,199898,27229,910580,408958,21,2905,1380,760.7,3613000,0.9988,36141,67459.1,46058200.0,9708,153133,12241.7,2606226619
25660,5.8161,199884,27178,910814,409435,21,2910,1380,763.2,3614111,0.9988,36166,69109.1,46305200.0,9678,117052,11717.5,2607342477
25670,5.3342,199888,27346,911045,409994,21,2907,1383,718.1,3615303,0.9988,36227,61413.4,39299000.0,9711,143322,11840.2,2608270016
25678,5.5746,199911,27070,911230,410436,21,2911,1378,701.5,3616455,0.9988,36126,64349.3,41352300.0,9695,131031,11001.6,2609211145
25700,5.7724,200000,27075,911730,411660,21,2905,1383,822.4,3619371,0.9988,36413,62664.1,41198000.0,9549,126602,9382.65,2611431931
25730,6.5349,200000,27064,912482,413229,21,2905,1381,678.3,3622411,0.9988,36373,66967.5,41088300.0,9608,102259,10145.2,2614504463
25740,6.1391,200000,27004,912704,413847,21,2901,1384,718.4,3624020,0.9988,36389,58952.4,36070200.0,9588,93978,10333.6,2615399588
25760,6.3409,200000,27020,913175,414807,21,2904,1382,772.8,3626397,0.9988,36587,65497.8,42998000.0,9566,115036,12430.7,2617541939
25770,5.9213,200000,26924,913412,415277,21,2903,1382,732.5,3627836,0.9988,36529,70546.3,47447600.0,9421,134316,12033.1,2618456598
25780,6.1986,200000,26948,913646,415754,21,2902,1382,724.8,3628791,0.9988,36351,63280,42584500.0,9437,157918,10979.8,2619474180
25800,6.0047,200000,27025,914137,416620,21,2902,1376,744.7,3630945,0.9988,36512,69021.9,49252500.0,9595,146830,12424.8,2621474430
25810,6.1441,200000,27033,914385,417096,21,2895,1380,738.1,3632057,0.9988,36399,56631.3,36617500.0,9613,162380,10737.3,2622447045
25820,5.5528,200000,27083,914636,417527,21,2895,1378,679.6,3633218,0.9988,36627,67365.5,46411700.0,9638,153961,10898,2623514822
25840,5.4961,200000,27062,915118,418486,21,2897,1374,758.1,3635598,0.9988,36731,59434.9,39369000.0,9482,121280,9827.22,2625491607
25850,5.0333,200000,27044,915337,419002,21,2892,1384,705.5,3636997,0.9988,36727,66002.1,42534000.0,9476,129032,11565,2626480898
25860,6.3579,200000,26947,915568,419541,21,2893,1381,720.9,3638205,0.9988,36590,62710.1,40074800.0,9474,116931,11010.9,2627419998
25870,4.761,200000,27014,915793,420058,21,2890,1382,730.1,3639445,0.9988,36688,60792.2,40880900.0,9444,114936,11459.1,2628564965
25880,6.1105,200000,27031,916050,420462,21,2893,1378,710.2,3640471,0.9989,36708,71103.3,47856100.0,9469,135284,12402.7,2629580899
25890,5.4944,200000,26943,916300,421009,21,2893,1378,722.1,3641669,0.9988,36531,62425.1,42682900.0,9492,151968,11500.8,2630570637
25910,5.9188,200000,27042,916747,421819,21,2892,1378,761.8,3643876,0.9988,36820,70344.6,51108700.0,9472,112369,10913.6,2632572198
25920,5.4943,200000,27034,916989,422274,21,2896,1381,748.9,3645013,0.9988,36764,66931.8,43160900.0,9480,141955,13523,2633386676
25930,5.5625,200000,27025,917244,422698,21,2896,1378,728.1,3646178,0.9988,36779,69321.4,46660300.0,9503,116473,10791.3,2634562764
25940,6.1193,200000,27083,917501,423114,21,2898,1380,670.0,3647349,0.9988,36889,62948.8,42117000.0,9530,150605,10978,2635557648
25950,5.7382,200000,27076,917756,423589,21,2901,1376,682.6,3648447,0.9988,36906,63163.6,41242700.0,9545,125671,10856.3,2636591525
25970,4.983,200000,27139,918205,424481,21,2900,1376,739.8,3650566,0.9989,37201,65967,46428500.0,9519,120950,10110.7,2638602465
25980,6.1283,200000,26974,918465,425102,21,2903,1376,753.9,3651848,0.9988,37037,57821.3,36504000.0,9559,131030,11600,2639595644
25990,6.3249,200000,27076,918699,425512,21,2904,1373,696.3,3652870,0.9989,37084,65496.2,45206900.0,9532,140276,11166.8,2640613828
26010,5.8188,200000,27184,919192,426377,21,2903,1372,743.6,3655031,0.9989,37032,68403.7,44745900.0,9525,124444,10006.6,2642627862
26020,5.6686,200000,26958,919455,427046,21,2903,1372,774.1,3656272,0.9988,36787,57384.4,35447600.0,9555,122717,10469.4,2643565332
26030,6.6607,200000,27025,919715,427520,21,2901,1379,761.0,3657389,0.9989,36812,62370.5,40895500.0,9597,113770,10379.4,2644627579
26040,5.2627,200000,26911,919955,428092,21,2897,1386,735.3,3658884,0.9988,36913,61538.7,40366700.0,9477,119562,10915.2,2645567104
26050,6.7093,200000,26995,920194,428535,21,2894,1388,718.4,3660033,0.9988,36910,59893.6,38300300.0,9496,106593,11100.9,2646556942
26070,5.9507,200000,27059,920684,429429,21,2889,1392,752.2,3661998,0.9989,36960,65552.9,42647600.0,9526,96986,11726.6,2648631134
26080,5.2654,199994,27104,920928,429908,21,2885,1396,684.2,3662953,0.9989,37015,58794.4,38336600.0,9655,173125,10509.8,2649654660
26100,5.3815,199968,27115,921421,430910,21,2883,1402,758.4,3665292,0.9988,37062,61860.3,38810700.0,9584,130704,8983.68,2651632334
26111,4.8593,199982,26973,921680,431634,21,2881,1410,740.3,3666642,0.9989,37069,55999.4,36237100.0,9566,144351,10878.6,2652661050
26120,5.7967,199968,26978,921909,432102,21,2880,1410,736.0,3667769,0.9989,36867,60567.4,38022500.0,9559,100697,9891.76,2653658866
26131,5.1356,199963,27051,922207,432575,21,2883,1408,735.1,3668730,0.9989,36831,60958.3,41962400.0,9566,189106,11652.3,2654674036
26151,6.6502,199980,26976,922705,433638,21,2879,1408,798.6,3671001,0.9988,36755,60896.1,41964400.0,9630,158074,11203.9,2656635288
26162,6.1168,199930,27116,922997,433966,21,2878,1407,715.2,3672107,0.9989,36729,73377.2,47636400.0,9629,178272,13543.8,2657688770
26171,6.1987,199953,27031,923236,434443,21,2878,1412,704.7,3673224,0.9989,36703,69020.9,43240400.0,9689,151113,9999.84,2658671969
26192,5.293,199950,26965,923764,435472,21,2877,1415,776.9,3675537,0.9989,36941,66219.8,44430100.0,9700,144669,9918.26,2660685718
26202,5.6162,199947,26848,924017,436044,21,2879,1413,789.3,3676707,0.9989,36910,60083.5,38370200.0,9691,91614,10711.1,2661692016
26212,5.676,199947,26850,924280,436500,21,2883,1406,723.0,3677847,0.9988,37102,65022,42562300.0,9718,148339,10976.5,2662624385
26233,5.8751,199924,26980,924797,437417,21,2886,1401,787.0,3680106,0.9989,37263,66930,45766800.0,9603,206108,12050.4,2664709248
26243,5.7386,199924,26837,925047,437996,21,2878,1409,736.4,3681599,0.9989,37410,60058.5,38368800.0,9634,145769,11680.7,2665720656
26263,5.1804,199922,26838,925540,439051,21,2879,1406,795.0,3683887,0.9989,37344,57761.1,35658200.0,9669,129652,10035.9,2667694946
26273,5.2048,199933,26788,925783,439548,21,2883,1404,787.4,3684978,0.9989,37119,65614.3,41165600.0,9670,146799,11027.2,2668706996
26303,5.3218,199913,26719,926531,441050,21,2884,1406,787.7,3688735,0.9988,37218,67674.8,43925000.0,9577,146809,11124.8,2671643343
26314,6.1988,199903,26750,926813,441467,21,2886,1401,699.1,3689584,0.9989,37416,66667.2,39353000.0,9727,142748,10474.9,2672746495
26335,6.3834,199872,26751,927322,442492,21,2886,1402,794.6,3692221,0.9989,37423,66821.6,42993400.0,9576,157896,10367.4,2674724735
26343,5.8035,199926,26760,927496,442904,21,2885,1400,768.9,3693236,0.9988,37121,71602.9,48358800.0,9563,183836,14392.9,2675614339
26354,6.9425,199865,26639,927799,443431,21,2885,1397,718.4,3694462,0.9989,37440,61208.9,40932900.0,9574,102353,9979.34,2676755807
26375,7.331,200000,26658,928293,444696,21,2888,1392,826.9,3697155,0.9988,37470,62351.9,39961100.0,9594,105413,9843.78,2678763330
26385,5.7085,200000,26647,928550,445238,21,2892,1393,812.8,3698358,0.9988,37290,62076.4,42003100.0,9619,115640,11313.5,2679773614
26395,5.6978,200000,26702,928790,445601,21,2893,1399,645.5,3698947,0.9989,37066,67219.2,47060200.0,9598,113638,12152.9,2680940271
26415,5.1637,200000,26642,929199,446614,21,2897,1390,703.7,3701119,0.9989,37302,65936.8,43916800.0,9606,149946,12030.3,2682945090
26425,6.4137,200000,26638,929455,447079,21,2897,1391,661.3,3702243,0.9989,37237,61987.4,39145200.0,9613,137737,10405.6,2683932891
26435,4.4222,200000,26551,929716,447650,21,2898,1395,716.8,3703582,0.9988,37058,59341.2,37262200.0,9522,109498,9031.84,2684850452
26455,5.6277,200000,26466,930221,448589,21,2899,1393,746.3,3705502,0.9989,37268,60684.7,38571300.0,9661,107644,10598.9,2686933465
26465,6.1098,200000,26429,930476,449092,21,2902,1392,774.3,3706913,0.9989,37068,66804.8,44865800.0,9548,161083,11788.4,2687942370
26475,6.1385,200000,26550,930723,449472,21,2906,1389,688.4,3707644,0.9988,37070,66356.5,44715900.0,9668,110527,11869.1,2688894645
26485,5.2519,200000,26482,931000,449974,21,2904,1385,701.3,3708732,0.9988,37084,63966.7,39531800.0,9700,136921,10907.2,2689803802
26505,6.2767,200000,26468,931493,451072,21,2908,1385,772.6,3710968,0.9989,37179,57604.4,38216400.0,9713,148106,11021.4,2691975399
26515,5.7691,200000,26386,931761,451585,21,2904,1384,775.2,3712044,0.9989,37131,62943.8,42010300.0,9717,100337,10496.7,2692987801
26525,6.6176,200000,26547,932010,451996,21,2901,1384,757.7,3713063,0.9988,37019,60590.5,40912900.0,9695,133622,10995.5,2693853516
26535,5.699,200000,26492,932243,452556,21,2897,1386,720.4,3714256,0.9989,37121,60385.5,39433300.0,9670,124840,10091.4,2694977637
26555,6.9219,200000,26686,932772,453264,21,2899,1385,739.0,3716412,0.9988,37128,68070.7,46869300.0,9693,145824,11342.3,2696878916
26565,5.8194,200000,26601,933016,453768,21,2896,1388,746.3,3717495,0.9989,37012,61626.8,38660100.0,9678,114810,9878.63,2697956923
26575,5.9347,200000,26636,933239,454237,21,2900,1381,696.6,3718616,0.9989,37080,66936,43160300.0,9653,144972,10988.1,2698985758
26585,6.3689,200000,26641,933468,454654,21,2901,1379,687.0,3719631,0.9989,37005,65211,38871900.0,9638,128548,10455.4,2700008087
26595,6.6697,200000,26644,933696,455125,21,2900,1380,699.3,3720593,0.9989,36813,65149.1,43442300.0,9597,170113,11210.5,2701029997
26605,5.5458,200000,26636,933932,455586,21,2902,1385,676.6,3721564,0.9989,36752,63686.6,41651300.0,9705,144168,12265.6,2701987604
26625,5.1678,200000,26709,934475,456468,20,2901,1386,725.6,3723707,0.9989,36931,67755,47847100.0,9754,138604,10224.5,2704028421
26635,6.0901,200000,26571,934771,457082,20,2900,1388,785.4,3725157,0.9989,36839,56774.5,36325400.0,9662,134922,10883.9,2705029682
26645,4.8279,200000,26438,935017,457664,20,2899,1389,737.4,3726330,0.9989,36961,54510,39059600.0,9695,119492,10238.3,2705977959
26655,5.7498,200000,26503,935255,458141,20,2901,1385,736.0,3727443,0.9988,36944,66487.6,42156400.0,9668,183352,10805.4,2706922344
26675,6.3148,200000,26500,935757,459080,20,2899,1384,778.0,3729687,0.9989,37132,60901.8,40580500.0,9685,118867,11076.8,2709060695
26685,6.0251,200000,26384,935985,459701,20,2896,1387,794.8,3730966,0.9989,37041,59561.4,37867800.0,9667,126469,10194.7,2710018906
26695,6.4412,200000,26409,936257,460177,20,2898,1383,738.2,3732084,0.9988,37204,63237.2,42446900.0,9688,119866,11823.4,2710962120
26715,6.2135,200000,26362,936772,461159,20,2899,1385,806.7,3734279,0.9989,37423,61542.2,40022000.0,9578,117866,10339.3,2713028874
26725,6.0169,200000,26358,937010,461669,20,2895,1390,748.4,3735839,0.9988,37444,62596.9,38217800.0,9575,132211,11372.6,2713950164
26735,5.6216,200000,26432,937253,462066,20,2895,1389,722.4,3736709,0.9989,37348,69653.3,43705500.0,9569,119214,11016.7,2715055717
26755,6.4141,200000,26353,937744,463107,20,2892,1395,788.7,3739165,0.9989,37468,57297.1,39410800.0,9574,126848,10554,2717088664
26765,5.9149,200000,26247,938011,463729,20,2889,1402,803.0,3740295,0.9989,37390,58910.3,37510200.0,9598,182311,10545.3,2718078410
26775,7.0452,200000,26298,938267,464163,20,2893,1392,734.1,3741449,0.9989,37293,61029.3,40978000.0,9619,139953,10942.4,2719059389
26785,6.203,200000,26332,938512,464607,20,2897,1384,724.8,3742599,0.9989,37235,66779.6,44583300.0,9626,140663,12176.1,2720024887
26805,5.2035,199977,26347,939035,465593,20,2897,1382,770.3,3744791,0.9989,37343,62270.9,43628200.0,9710,140640,11033.4,2722049727
26815,5.5954,199981,26243,939261,466158,20,2900,1377,745.6,3745981,0.9989,37469,62451.7,40299700.0,9545,144837,10544.7,2723094808
26825,5.2955,199990,26298,939528,466623,20,2901,1376,744.3,3747264,0.9989,37238,64100.5,42252600.0,9546,150968,11840.6,2724022798
26835,5.9505,199985,26359,939758,467056,20,2900,1381,706.6,3748266,0.9989,37427,66429.7,45586400.0,9659,163387,11726.7,2725093889
26856,5.6099,199969,26411,940295,467953,20,2901,1382,753.7,3750392,0.9989,37596,70152.8,50149300.0,9648,135560,11053.3,2727121235
26866,5.9972,199962,26342,940572,468489,20,2901,1382,712.9,3751605,0.9989,37474,57844.8,37569600.0,9667,155797,10715.4,2728078377
26886,6.6385,199975,26296,941054,469587,20,2901,1388,781.1,3753690,0.9988,37522,56798.2,38428800.0,9650,121477,11658.7,2730031527
26897,5.4737,199950,26311,941306,470065,20,2904,1393,797.5,3754955,0.9989,37297,72107.1,48850600.0,9495,136617,12253.5,2731090133
26907,5.6592,199941,26285,941563,470598,20,2906,1389,730.2,3755855,0.9989,37499,59639,41947500.0,9630,138318,10919.9,2732120148
26916,6.8737,199958,26270,941790,471092,20,2906,1389,760.0,3756949,0.9989,37296,60617.3,38684000.0,9516,116236,9913.89,2733066172
26938,6.137,199920,26329,942316,472001,20,2908,1387,779.6,3759227,0.9989,37329,69881.3,46225800.0,9592,97632,10686.7,2735142541
26948,5.4042,199924,26242,942569,472490,20,2906,1391,726.1,3760322,0.9989,37520,64518.1,41393700.0,9617,149296,11569.6,2736152267
26957,6.9569,199926,26271,942791,472971,21,2905,1384,722.9,3761435,0.9989,37522,60697.4,40067300.0,9616,133255,10292,2737129328
26978,5.9753,199919,26345,943316,473931,21,2907,1379,780.2,3764137,0.9989,37677,62510.8,43109300.0,9549,165347,11055,2739140419
26989,6.0964,199900,26169,943577,474547,21,2910,1379,742.6,3765430,0.9989,37726,64820,42711400.0,9549,153460,12315.1,2740168779
26999,6.212,199908,26300,943809,474906,21,2912,1379,718.5,3766346,0.9989,37649,69293.9,45111500.0,9518,120664,10948,2741203770
27019,6.709,199901,26422,944286,475876,21,2912,1378,783.1,3768550,0.9989,37687,59567.7,42316700.0,9429,141835,10787.4,2743161839
27029,5.819,199879,26383,944523,476399,21,2912,1380,775.9,3769620,0.9989,37544,66707.1,42183000.0,9410,171871,11526.2,2744212429
27039,6.0843,199890,26189,944795,477089,21,2915,1373,812.0,3770832,0.9988,37593,55875.3,37394800.0,9441,105869,9725.62,2745094527
27050,5.7485,199864,26406,945088,477481,21,2908,1378,740.2,3771872,0.9989,37711,60241.8,39841600.0,9445,120856,10824.3,2746117219
27059,7.3361,199910,26366,945303,477969,21,2908,1380,739.1,3772977,0.9989,37544,63381.3,41386600.0,9456,150350,10428.4,2747164626
27080,5.5011,199879,26543,945805,478840,21,2906,1385,770.4,3775134,0.9989,37704,67344.6,45065100.0,9427,152459,10572.9,2749172524
27090,5.7016,200000,26485,946041,479582,21,2909,1382,770.0,3776776,0.9989,37754,62815.6,40889200.0,9392,140556,11572.4,2750203356
27110,6.6763,200000,26360,946540,480751,22,2911,1379,852.9,3779260,0.9989,37990,63573.2,41106800.0,9287,127355,10435.8,2752312797
27120,6.4485,200000,26326,946777,481277,22,2911,1380,784.9,3780644,0.9989,37926,57537.8,36144000.0,9296,154296,9835.17,2753265616
27130,5.1168,200000,26217,947040,481925,22,2911,1380,750.3,3781904,0.9989,37953,59062.2,38281800.0,9296,104106,10429,2754241269
27150,5.673,200000,26350,947522,482852,22,2912,1380,800.1,3784008,0.9988,37944,63823.4,42469400.0,9255,165372,11452.8,2756285824
27160,5.8726,200000,26299,947777,483357,22,2912,1383,790.0,3785097,0.9989,37631,61610.7,39075600.0,9265,137038,9749.53,2757407233
27170,4.6231,200000,26379,948013,483755,22,2909,1382,720.6,3786133,0.9989,37734,66772.6,44136600.0,9251,145465,11526.8,2758450971
27180,5.4968,200000,26379,948226,484257,22,2911,1377,731.7,3787063,0.9989,37571,61457.8,40108700.0,9191,126380,10367.3,2759429836
27200,5.7502,200000,26328,948704,485287,22,2913,1380,792.3,3789378,0.9989,37791,56685,36286600.0,9176,104101,9866.53,2761342022
27210,5.7911,200000,26249,948959,485900,22,2915,1380,805.4,3790675,0.9989,37656,57535.7,35944800.0,9201,123051,10903.8,2762473301
27220,5.6193,200000,26278,949215,486299,22,2914,1383,727.3,3791708,0.9988,37791,68115.4,45326100.0,9220,124376,11280.8,2763304404
27240,6.0452,200000,26353,949693,487173,22,2913,1384,785.9,3793850,0.9989,37762,68658.3,47131000.0,9148,185090,11441.3,2765390887
27260,5.792,200000,26261,950162,488223,23,2912,1391,777.2,3795990,0.9988,37510,58925,37082700.0,9133,143892,10210.1,2767346607
27270,5.9915,200000,26213,950406,488856,23,2909,1400,737.6,3797106,0.9988,37644,61964.9,40135900.0,9150,108646,11673.9,2768320157
27290,5.7788,200000,26294,950853,489779,23,2908,1398,788.6,3799207,0.9989,37789,68277,47183900.0,9094,186247,11449.7,2770377515
27300,5.2239,200000,26198,951096,490333,23,2911,1396,788.5,3800245,0.9989,37660,61071.3,39815800.0,9084,118947,10347.2,2771386036
27310,5.5265,200000,26198,951355,490841,24,2910,1396,730.5,3801491,0.9989,37703,63139.5,40630200.0,9119,148816,11185.3,2772371234
27320,5.4434,200000,26280,951597,491177,24,2912,1398,702.1,3802422,0.9989,37605,69900.8,46804800.0,9098,168696,11733.4,2773369931
27340,7.0611,200000,26231,952078,492183,24,2914,1400,776.5,3804594,0.9989,37728,60663.4,40899300.0,9085,164812,11474.6,2775475708
27350,5.8475,200000,26297,952303,492642,24,2912,1403,736.3,3805405,0.9989,37466,65842.6,40800900.0,9187,232492,12881.5,2776520319
27360,5.914,200000,26328,952549,493110,24,2915,1398,733.8,3806526,0.9989,37497,63268.8,43801300.0,9190,115558,9623.7,2777501784
27370,5.1662,200000,26329,952769,493610,24,2914,1398,687.3,3807612,0.9989,37673,58066.7,36857100.0,9165,100635,9768.26,2778469347
27380,6.0755,200000,26237,953018,494182,24,2916,1390,708.6,3808628,0.9989,37530,63325.2,38495100.0,9184,175665,11088.8,2779511051
27390,7.0236,200000,26250,953284,494694,24,2911,1392,720.5,3809705,0.9989,37627,59535.3,38872700.0,9201,131890,10334.7,2780495126
27410,6.4393,199966,26334,953786,495630,24,2912,1395,770.3,3811793,0.9989,37561,62608.7,44392100.0,9232,151139,12245.3,2782554378
27420,5.4176,199969,26283,954058,496176,24,2920,1388,719.7,3812840,0.9989,37738,63402.7,40221700.0,9246,202337,11586.4,2783557365
27441,5.6316,199973,26399,954617,497053,24,2923,1387,774.7,3814980,0.9989,37794,69495,45365200.0,9258,114822,10845.8,2785553810
27451,5.8153,199959,26290,954843,497612,24,2924,1387,778.5,3816171,0.9989,37583,60896.5,37883000.0,9245,126443,9935.08,2786557287
27461,5.57,199970,26254,955104,498155,24,2927,1388,784.7,3817368,0.9989,37395,61466.6,41415500.0,9269,135759,11124,2787538708
27471,6.4968,199950,26315,955344,498568,24,2928,1392,711.7,3818386,0.9989,37304,65305.8,44179400.0,9281,143111,13752.5,2788577461
27491,5.0473,199963,26413,955853,499485,24,2932,1390,771.1,3820494,0.9989,37183,64216.1,45079500.0,9289,120709,10182.9,2790572331
27502,5.3764,199943,26342,956141,500069,24,2935,1391,723.7,3821661,0.9989,37233,59514.8,37663400.0,9313,116211,11666.1,2791572406
27511,6.6416,199958,26432,956327,500502,24,2936,1388,717.4,3822658,0.9989,37137,63676.2,40841600.0,9266,104180,9283.87,2792558977
27532,6.4601,199952,26465,956839,501597,24,2932,1392,792.4,3824902,0.9989,37228,63411,41504800.0,9269,150873,9911.77,2794578368
27542,6.1926,199950,26372,957097,502158,24,2929,1396,743.6,3826092,0.9989,37094,58536.2,38271800.0,9270,131572,11942.6,2795525896
27563,6.0798,199927,26529,957593,502930,24,2930,1400,764.7,3828178,0.9989,36990,64405.4,43225900.0,9296,136861,11353,2797609171
27573,5.8792,199918,26492,957816,503445,24,2931,1400,713.6,3829254,0.9989,37065,66102.5,43073400.0,9288,161315,11572.3,2798592909
27583,5.7557,199906,26385,958079,504060,24,2937,1394,738.6,3830393,0.9989,36798,59200.3,37272900.0,9294,106133,10740.2,2799621504
27592,6.3196,199942,26440,958257,504525,24,2941,1388,733.5,3831525,0.9989,36844,66414.4,44487000.0,9260,144041,11159.1,2800615623
27613,5.431,199927,26594,958749,505383,24,2944,1384,770.9,3833691,0.9989,36932,59725.7,39434000.0,9243,107589,9816.72,2802597017
27624,6.4233,199918,26441,959002,506033,24,2944,1385,735.5,3834944,0.9989,37005,59230.6,37853400.0,9227,156343,11889.3,2803509519
27633,5.1459,199928,26421,959208,506541,24,2940,1387,736.0,3836029,0.9989,36838,59295.8,37894300.0,9213,114311,9604.63,2804625318
27654,5.6047,199893,26523,959767,507585,24,2939,1390,813.7,3838174,0.9989,36905,64382.4,44346600.0,9150,140290,12600.2,2806659713
27665,5.6178,199872,26460,960038,508138,24,2937,1394,756.3,3839533,0.9989,36931,60542.3,39729400.0,9167,124387,9723.21,2807658065
27685,6.2039,199884,26491,960514,509218,24,2939,1391,814.7,3841798,0.9989,36925,62603.2,40491700.0,9188,116837,10491.7,2809607190
27694,5.4822,199881,26381,960720,509770,24,2940,1396,817.5,3842990,0.9989,36843,63037.6,41252500.0,9145,136426,12303,2810665148
27705,5.1594,199879,26675,960969,510112,24,2940,1398,730.0,3843925,0.9989,36952,69928.2,48584600.0,9139,102639,9977.85,2811627241
27724,4.9334,199882,26472,961423,511207,24,2939,1397,788.5,3846322,0.9989,36952,63309.3,44819100.0,9140,125490,11460.7,2813686344
27735,4.9835,200000,26413,961674,511946,24,2941,1397,788.7,3847959,0.9989,36768,58266.7,39256600.0,9125,90838,9985.98,2814678352
27755,5.4721,200000,26381,962166,512968,24,2948,1389,831.3,3850112,0.9989,36727,66853.6,43323600.0,9148,160428,11566.8,2816741289
27765,5.6035,200000,26432,962389,513425,24,2949,1393,762.5,3851084,0.9989,36803,63132.7,42201100.0,9105,134560,10772.7,2817677990
27775,6.1188,200000,26395,962623,513994,24,2950,1390,776.7,3852267,0.9989,36711,59249.7,37006800.0,9077,170891,10056.9,2818732121
27785,6.2665,200000,26472,962870,514432,24,2950,1391,716.0,3853263,0.9989,36855,68762,44891400.0,9084,146500,11561.6,2819723228
27805,6.0844,200000,26504,963326,515444,24,2950,1397,782.4,3855282,0.9989,36867,61650,40239400.0,8997,155427,10194.8,2821791937
27815,5.4894,200000,26504,963551,515926,24,2953,1395,771.0,3856227,0.9989,36710,64198,40370000.0,8961,133077,11594.4,2822838688
27845,5.8289,200000,26412,964290,517552,24,2958,1380,776.1,3859847,0.9989,36829,59864.5,36174300.0,8968,151396,10031.6,2825687363
27855,5.778,200000,26403,964511,518086,24,2958,1380,779.9,3860898,0.9989,36761,65612.1,41227800.0,8930,115401,10546.8,2826757699
27865,6.7974,200000,26468,964734,518488,24,2960,1376,756.6,3861929,0.9989,36747,71763.2,48778500.0,8905,156740,12413.4,2827772036
27875,4.5586,200000,26462,964962,519022,24,2963,1375,717.7,3862987,0.9989,37017,66449,44983100.0,8872,168482,11602.2,2828814983
27885,5.5977,200000,26508,965199,519457,24,2960,1380,699.7,3863824,0.9989,36865,68275.4,44595900.0,8893,147170,11567.3,2829854103
27905,5.8411,200000,26433,965671,520575,24,2962,1380,769.6,3866054,0.9989,36859,60754.9,40440600.0,8880,129724,11504.5,2831773003
27915,6.544,200000,26432,965887,520995,24,2962,1376,749.4,3866904,0.9989,36681,66750.6,44669700.0,8840,159086,11510.6,2832852658
27925,6.1144,200000,26497,966100,521432,24,2961,1381,702.2,3868053,0.9989,36823,58942.1,41602300.0,8791,134191,10214.2,2833858633
27935,5.7517,200000,26439,966337,521978,24,2960,1379,711.3,3869416,0.9989,36732,57515.6,34263300.0,8815,113612,9226.62,2834844815
27945,5.3151,200000,26436,966575,522506,24,2961,1381,712.5,3870482,0.9989,36729,58544,39355700.0,8816,161882,11007.5,2835882432
27955,5.7316,200000,26522,966796,522969,24,2960,1382,713.4,3871452,0.9989,36746,61529.3,45231900.0,8798,127258,11723.8,2836865649
27975,5.321,200000,26504,967249,523931,24,2962,1380,749.3,3873517,0.9989,36805,67820.7,48412900.0,8926,194334,11543.9,2838853004
27985,6.5236,200000,26379,967486,524530,24,2961,1384,732.7,3874992,0.9989,36892,56667.8,37028200.0,8793,142249,10395.4,2839854864
27995,5.9925,200000,26341,967712,525051,24,2960,1386,730.3,3876065,0.9989,36751,62717.8,41243800.0,8792,139340,10404.1,2840847486
28005,5.7912,200000,26377,967974,525578,24,2961,1380,736.2,3877126,0.9989,36827,63310.2,40538500.0,8838,97876,10803.2,2841873554
28025,5.9748,200000,26404,968471,526609,24,2965,1376,800.8,3879119,0.9989,36871,62045.6,40944800.0,8803,108063,10231.2,2843874577
28035,5.7657,200000,26415,968722,527090,24,2965,1372,788.1,3880070,0.9989,36691,62805.4,39375400.0,8812,169424,10429,2844943996
28045,5.6274,200000,26318,968974,527654,24,2962,1376,788.8,3881096,0.9989,36398,59560.7,38918900.0,8802,140390,10675.3,2845942016
28055,5.6391,200000,26353,969203,528150,24,2965,1373,715.1,3882035,0.9989,36706,57437.3,42282200.0,8915,162558,11068.9,2846888234
28065,5.9117,200000,26370,969443,528652,24,2962,1379,731.7,3883128,0.9989,36479,61684.8,43060000.0,8820,154509,11133.5,2847856437
28075,5.0013,200000,26419,969701,529093,24,2967,1375,688.3,3884281,0.9989,36311,66090.4,44876000.0,8957,156411,13670.9,2848907245
28095,6.0278,199981,26377,970138,530005,24,2972,1372,753.8,3886394,0.9989,36379,59379.3,44933400.0,8938,158268,10727.4,2850999362
28106,5.1753,199980,26332,970390,530548,24,2969,1374,759.4,3887600,0.9989,36332,60296.6,39999700.0,8926,187283,10974.9,2851925901
28116,5.3967,199957,26431,970643,530941,24,2970,1376,695.1,3888640,0.9989,36492,60323.8,42468900.0,8931,142343,10617,2852949140
28136,4.4433,199951,26438,971095,531880,24,2964,1380,750.0,3890727,0.9989,36495,67155,43637900.0,8901,160059,11410.2,2854944594
28145,6.0724,199978,26399,971332,532419,24,2968,1378,732.9,3891782,0.9989,36472,64357,40760800.0,8943,119866,10518.1,2855964432
28156,5.461,199962,26494,971582,532863,24,2967,1379,682.2,3892931,0.9989,36449,60133.2,44145800.0,8935,143157,12186.4,2857014655
28166,6.1011,199982,26362,971821,533445,25,2966,1377,709.8,3894102,0.9989,36227,57992,36149500.0,8933,117188,9531.79,2858018676
28175,6.0484,199973,26437,972057,533905,25,2966,1380,704.4,3895070,0.9989,36222,62165.8,45492100.0,8930,149796,12581.8,2858897756
28197,5.3239,199944,26395,972549,534830,25,2965,1386,755.4,3897171,0.9989,36338,65305.1,54313600.0,8942,176151,11500.6,2860905054
28206,5.6032,199972,26420,972785,535316,25,2964,1386,754.5,3898116,0.9989,36065,61616.5,47449800.0,8940,225376,13828.6,2861882368
28217,5.9034,199958,26587,973034,535614,25,2968,1381,659.7,3898931,0.9989,36324,63394.1,49160300.0,9065,142352,9909.06,2863013540
28237,5.1591,199938,26416,973481,536791,25,2965,1385,752.0,3901250,0.9989,36254,59612.4,44607900.0,9042,180063,12103.1,2864993166
28247,6.9348,199927,26433,973757,537260,25,2964,1387,698.2,3902370,0.9989,36150,63759.1,43921000.0,9056,138472,11147,2866004988
28257,5.4921,199925,26399,973972,537756,25,2968,1386,699.1,3903458,0.9989,35961,61915.9,41888100.0,9075,123569,11887.3,2866892453
28278,5.4319,199932,26523,974470,538614,25,2967,1390,738.1,3905623,0.9989,36045,57725.3,40973400.0,9101,130506,9338.22,2869051146
28288,5.516,199931,26463,974679,539247,26,2961,1396,727.1,3906742,0.9989,36068,60895.4,40395900.0,8945,150313,11298.6,2869976659
28309,5.044,199876,26504,975196,540185,26,2957,1400,754.8,3908988,0.9989,35999,56792.7,39570800.0,9078,133561,9642.13,2872086990
28320,5.6638,199892,26510,975439,540708,26,2955,1402,724.6,3910375,0.9989,36034,60927,40463100.0,8994,166944,10305.7,2873095010
28329,6.7211,199921,26393,975635,541330,26,2956,1402,748.0,3911663,0.9989,35917,57781.9,35752000.0,8981,186499,10640.6,2874111033
28338,5.9353,199902,26377,975862,541833,26,2961,1400,741.4,3912750,0.9989,35847,59147.5,43101500.0,8991,118778,10364.1,2875061145
28360,6.6247,199864,26356,976414,542889,25,2959,1410,796.3,3915033,0.9989,36049,66884.4,45286700.0,9029,158972,10735,2877137258
28370,6.4866,199862,26474,976672,543454,25,2960,1405,765.3,3916222,0.9989,36003,59733.5,38013800.0,8934,104266,9559.5,2878114313
28378,6.4676,199920,26227,976860,544031,25,2957,1409,766.0,3917555,0.9989,35754,59606.3,36429200.0,8952,145062,12021.2,2879145271
28400,5.9747,200000,26277,977374,545224,25,2956,1411,842.1,3919694,0.9989,35854,58130.3,38709500.0,9034,123436,10020.9,2881121280
28410,5.8683,200000,26448,977605,545589,25,2960,1403,761.4,3920764,0.9989,35903,64983.4,44661400.0,8999,150469,11523.9,2882210058
28420,5.9819,200000,26325,977857,546172,25,2964,1400,765.1,3921931,0.9989,35968,60185.4,40206500.0,9008,154997,11249.4,2883096729
28430,5.5867,200000,26452,978073,546581,25,2965,1402,704.9,3922955,0.9989,35906,63921.3,44018100.0,8980,126074,11592.6,2884192757
28440,5.7433,200000,26455,978303,547051,25,2964,1401,701.6,3924078,0.9989,36007,60755.8,42454100.0,8978,155066,10923.1,2885175796
28460,6.3575,200000,26553,978764,547885,25,2965,1402,736.5,3925945,0.9989,36008,72900.6,49725300.0,8948,141889,13095.2,2887300739
28470,5.4557,200000,26510,978996,548374,25,2970,1404,664.6,3927051,0.9989,36023,58360.6,43279400.0,9073,149004,12579.6,2888308508
28490,5.4437,200000,26525,979476,549330,25,2971,1406,760.3,3929276,0.9989,35965,58430.5,44356600.0,8995,122166,11190.3,2890436144
28500,6.0203,200000,26506,979687,549859,25,2966,1408,758.9,3930818,0.9989,35868,58212.8,36889200.0,8967,145571,10447.4,2891293761
28510,6.2131,200000,26587,979911,550232,25,2969,1407,727.6,3931555,0.9989,35789,61043.3,45069900.0,8956,128680,10808.5,2892444115
28520,7.2152,200000,26537,980125,550773,25,2967,1407,672.8,3932606,0.9989,35928,59860.4,39959200.0,9058,154077,12347.6,2893431357
28540,5.4835,199991,26540,980609,551778,25,2968,1406,750.6,3934783,0.9989,35809,64375.1,42803100.0,8939,139465,11309.3,2895419122
28550,6.5989,199976,26449,980866,552342,25,2968,1406,712.3,3936132,0.9989,35796,58469.8,39681500.0,8944,144301,10758.9,2896409154
28560,5.5106,199980,26508,981101,552809,25,2966,1409,696.8,3937254,0.9989,35624,64325.7,39961300.0,8946,125029,11079.9,2897469076
28581,5.8699,199973,26552,981556,553796,25,2962,1413,764.1,3939611,0.9989,35752,69261.6,50118800.0,8913,146392,11679.8,2899457847
28591,5.6364,199957,26388,981764,554429,25,2962,1409,732.8,3940880,0.9989,35766,60729.5,41161000.0,8863,132820,11710,2900429790
28600,5.9317,199974,26321,981996,554944,25,2960,1410,723.0,3941947,0.9989,35588,65155.7,39725800.0,8904,164662,10558,2901454807
28621,5.6637,199950,26375,982509,555871,25,2961,1409,781.6,3944045,0.9989,35775,63777,45653900.0,8931,125802,9801.44,2903420946
28632,6.8164,199936,26329,982783,556410,25,2963,1408,731.4,3945252,0.9989,35764,59636,37888300.0,8933,158586,10695,2904470075
28642,5.1611,199933,26376,983024,556823,25,2960,1410,719.1,3946264,0.9989,35639,64776.4,40427200.0,8929,149654,10561.4,2905495694
28651,5.9926,199952,26262,983205,557395,25,2964,1406,728.3,3947430,0.9989,35460,60945.4,41403100.0,8906,149077,10893.1,2906502704
28673,6.9313,199916,26238,983696,558474,25,2958,1415,802.7,3949534,0.9989,35645,56402.8,38797400.0,8899,196327,11728.7,2908531750
28683,6.6517,199924,26206,983938,558956,25,2958,1416,773.5,3950648,0.9989,35436,62025.6,42260000.0,8909,181649,10783.9,2909499416
28694,6.5446,199899,26243,984226,559401,25,2961,1410,713.6,3951636,0.9989,35408,60616.1,45280200.0,8911,128811,11519.8,2910499920
28713,6.3277,199914,26295,984656,560409,25,2961,1409,773.3,3953810,0.9989,35564,59731.7,41689200.0,8927,159524,11048,2912491841
28723,6.0789,199933,26383,984904,560830,25,2958,1416,710.9,3954825,0.9989,35675,59225.6,45780700.0,8927,118669,12649.1,2913415242
28733,6.0229,199925,26375,985126,561312,25,2958,1414,709.7,3955937,0.9989,35566,61635.7,42433600.0,8904,121649,11107.5,2914517501
28743,6.2366,199922,26527,985348,561720,25,2960,1409,706.9,3956640,0.9989,35472,69789.9,50287600.0,8869,133143,12432.9,2915390030
28764,6.8221,199879,26479,985825,562852,25,2958,1406,786.2,3959171,0.9989,35653,59482.7,38494600.0,8821,101742,9819.28,2917504842
28775,6.2928,199869,26554,986089,563428,25,2956,1407,738.9,3960339,0.9989,35555,59561.4,37503000.0,8815,123514,10175.7,2918560469
28795,6.6483,199879,26469,986578,564564,25,2957,1398,829.2,3962868,0.9989,35662,58937.3,38278700.0,8721,110578,9273.2,2920517516
28805,6.1048,199871,26473,986827,565115,25,2951,1408,817.1,3964070,0.9989,35706,62030.6,41081600.0,8732,169035,11460.7,2921577343
28815,5.3548,199887,26355,987040,565766,26,2950,1402,857.9,3965323,0.9989,35823,58657,39430100.0,8624,108867,9841.28,2922534467
28825,6.4744,200000,26528,987267,566521,26,2949,1406,823.2,3966952,0.9989,35910,59865.4,37658700.0,8747,89662,10349.7,2923568775
28845,6.5213,200000,26145,987761,567695,26,2952,1406,889.3,3969754,0.9989,35927,63688.7,40416800.0,8649,136609,9728.15,2925571380
28865,7.0262,200000,26345,988209,568521,26,2947,1419,747.6,3971790,0.9989,36007,62556.7,40815700.0,8624,125944,10142.5,2927652106
28875,6.3338,200000,26214,988448,569154,26,2946,1421,762.6,3973064,0.999,35953,53867.4,32306700.0,8638,136824,9729.75,2928731318
28885,6.1664,200000,26190,988682,569660,26,2951,1415,708.0,3974150,0.9989,36097,62224.6,39747500.0,8660,142990,10245.6,2929592901
28905,6.7119,200000,26250,989089,570658,26,2950,1413,758.1,3976331,0.999,35985,59801.5,40302500.0,8614,152925,10945.7,2931741276
28915,5.6958,200000,26185,989322,571167,26,2953,1408,730.5,3977568,0.9989,36184,67939.1,43351500.0,8456,147440,10707.4,2932688073
28925,7.2545,200000,26194,989560,571714,27,2954,1410,738.0,3978618,0.9989,36148,65897.5,41460100.0,8459,128999,10937.4,2933665889
28945,6.1281,200000,26255,990029,572750,27,2957,1411,792.4,3980765,0.9989,36001,63258,40759700.0,8492,129097,10623.4,2935759125
28955,6.1909,200000,26157,990263,573297,27,2955,1417,735.0,3982127,0.9989,35993,61385.5,37760000.0,8519,110944,10555.6,2936694752
28975,6.7054,200000,26082,990707,574363,27,2958,1413,797.4,3984405,0.999,35920,66803,45011300.0,8461,142445,11905.3,2938784309
28985,5.1727,200000,26098,990949,574902,27,2958,1414,744.3,3985458,0.9989,35973,69989.8,45105300.0,8466,184372,11009.2,2939657651
28995,5.4958,200000,26117,991184,575382,27,2955,1412,742.1,3986566,0.9989,35906,64069.4,40132500.0,8446,170419,11872.9,2940591241
29015,7.4172,200000,26126,991645,576400,27,2955,1411,788.0,3988738,0.999,35987,61377.7,39937700.0,8465,109093,10153.3,2942802759
29025,6.0102,200000,26034,991875,577029,27,2956,1408,764.9,3989859,0.9989,36102,58635.2,37667600.0,8358,123660,9834.61,2943722993
29045,6.1256,200000,26198,992354,578034,27,2957,1409,811.9,3992039,0.9989,36083,61954.6,42390200.0,8366,150319,10683.6,2945765751
29055,5.5348,200000,26151,992570,578588,26,2959,1413,809.6,3993387,0.9989,35963,65194.5,41888900.0,8326,149749,11793.2,2946764368
29065,6.3114,200000,25996,992807,579174,26,2966,1409,758.9,3994548,0.9989,36109,57352.1,36186600.0,8334,156752,10059.3,2947703310
29075,6.3448,200000,26025,993049,579718,26,2961,1417,763.7,3995596,0.999,36048,62221.2,39098600.0,8337,120384,10218.9,2948822682
29095,6.3428,200000,26076,993506,580759,26,2960,1417,807.7,3997737,0.999,35980,68420.7,47092800.0,8339,127422,11326.1,2950818146
29105,6.2913,200000,25845,993722,581429,26,2960,1421,773.2,3998969,0.9989,35906,62002.9,40744000.0,8337,194900,12686.9,2951796387
29125,6.9857,200000,26015,994154,582344,26,2962,1419,797.9,4000912,0.999,35963,67208,43650200.0,8312,167939,11417.8,2953840402
29135,5.9251,200000,25735,994382,583095,26,2960,1419,849.1,4002061,0.999,35882,57873.7,36076100.0,8293,126977,9741.05,2954826771
29145,5.8117,200000,25799,994619,583592,26,2957,1427,779.0,4003000,0.9989,35835,64488.7,42583900.0,8290,150225,10976.7,2955708832
29155,5.8911,200000,25900,994859,583976,26,2955,1428,746.0,4003891,0.9989,35803,66436.3,42726900.0,8281,125320,10492.6,2956817569
29175,5.9042,200000,25919,995315,585046,26,2955,1428,803.3,4005852,0.9989,35833,67542.6,43957500.0,8275,128881,10787.8,2958784923
29185,6.1824,200000,25918,995552,585621,26,2952,1429,750.9,4007192,0.9989,35983,64244.1,40224800.0,8285,135581,12098.2,2959702997
29195,5.9193,200000,25923,995787,586122,26,2954,1424,753.3,4008280,0.9989,35931,66137.7,42539400.0,8267,171425,12042.2,2960768105
29215,6.047,200000,26026,996259,587122,26,2956,1426,801.2,4010461,0.9989,36042,61310.2,43059500.0,8277,151033,10614.7,2962838580
29225,6.8496,200000,25913,996487,587718,26,2953,1427,801.9,4011616,0.999,35816,60923.6,38004700.0,8278,131692,12079.2,2963856394
29235,5.573,200000,25917,996711,588250,26,2958,1428,748.8,4012676,0.999,35860,57783.2,37573500.0,8263,99733,9553.75,2964862151
29255,6.9461,199987,26045,997169,589126,26,2963,1428,776.6,4014812,0.999,35727,72516.6,48130200.0,8273,166695,11678.8,2966895186
29265,6.4647,199978,25851,997398,589837,26,2963,1428,804.1,4016002,0.9989,35646,56021.1,34458600.0,8309,147818,10048.2,2967813069
29275,6.1899,199979,25834,997637,590368,26,2964,1424,745.1,4017058,0.999,35868,63915.9,43408800.0,8315,157235,11049,2968875182
29285,6.5998,199983,25823,997864,590934,26,2962,1429,758.1,4018086,0.9989,35621,60983.7,37809900.0,8304,112472,10281.8,2969784525
29306,6.0077,199980,25885,998346,591907,26,2965,1426,804.2,4020131,0.999,35751,61478.7,40948900.0,8297,99365,10130.1,2971879611
29316,5.3464,199980,25762,998573,592517,26,2965,1424,760.7,4021262,0.9989,35730,57333.6,35096300.0,8290,130502,9551.97,2972840003
29336,6.4465,199962,25798,999044,593603,26,2966,1426,832.2,4023683,0.999,35882,65598.4,41746500.0,8202,113055,10373.2,2974901788
29346,5.9224,199959,25654,999273,594251,26,2967,1425,839.6,4024944,0.999,35875,58452.3,35609100.0,8189,104349,9430.23,2975894029
29356,6.1975,199960,25675,999500,594761,26,2966,1433,771.9,4026023,0.999,35825,66213.6,42027000.0,8177,162658,11254.7,2976887222
29377,6.3575,199954,25701,1000005,595748,26,2968,1431,815.5,4028214,0.9989,35816,63228.6,42542800.0,8209,132531,10627.9,2978866377
29387,6.6655,199947,25561,1000241,596404,27,2969,1429,831.7,4029309,0.999,35641,61647.7,38693100.0,8202,151609,10793.3,2979943439
29397,6.4639,199938,25599,1000480,596943,27,2968,1429,821.7,4030362,0.9989,35598,58044.4,38587900.0,8215,133760,10048.3,2980848645
29407,6.1726,199911,25589,1000732,597449,27,2968,1426,808.0,4031439,0.999,35464,63485.5,41104400.0,8203,155710,11092.4,2981909994
29418,6.4989,199930,25671,1000993,597893,27,2973,1425,753.4,4032582,0.999,35633,63803.2,41563400.0,8116,92941,9403.33,2982928679
29438,6.4366,199921,25622,1001448,599031,27,2974,1420,820.6,4034950,0.999,35651,63283,40830900.0,8087,130225,10524.9,2984947718
29449,5.7857,199902,25671,1001711,599560,27,2975,1421,756.9,4036015,0.999,35771,66867.8,42987600.0,8107,130522,11177.5,2985932526
29468,6.3391,199923,25671,1002157,600670,27,2975,1426,811.1,4038241,0.9989,35813,61308.9,41133500.0,8139,122349,10354.4,2987905371
29479,5.3965,199898,25726,1002428,601196,27,2971,1429,748.8,4039306,0.9989,35806,65733.3,41667500.0,8172,140861,10802.8,2988920324
29499,5.8053,199887,25606,1002899,602389,27,2974,1426,827.7,4041440,0.9989,35823,60984.4,40484600.0,8178,141836,9708.27,2990897525
29508,6.1721,199886,25538,1003127,603006,27,2973,1429,838.5,4042570,0.9989,35575,65028.2,41872400.0,8186,151084,12418.9,2991927715
29519,5.5519,199897,25530,1003398,603502,27,2970,1432,814.2,4043505,0.9989,35554,62976.5,43478800.0,8197,128234,10974.4,2992898205
29529,5.3821,199890,25506,1003606,604096,27,2971,1434,761.9,4044663,0.999,35628,60801.4,39174800.0,8201,164430,10141.8,2993983769
29550,6.2959,199892,25608,1004083,605087,27,2972,1435,807.4,4046693,0.999,35570,60158.4,39606500.0,8188,119160,10855.9,2995996185
29559,5.017,199888,25579,1004296,605595,27,2972,1439,795.5,4047772,0.9989,35524,65717.5,41849300.0,8195,184020,11206.6,2996924191
29570,7.0741,200000,25698,1004557,606311,27,2974,1440,786.4,4049281,0.999,35650,65339,43953400.0,8182,173661,11498.7,2997986885
29580,6.3801,199886,25644,1004796,606568,27,2971,1440,698.4,4049661,0.999,35620,58121.5,38813300.0,8195,129342,10472.6,2999015744
29600,7.0029,200000,25638,1005258,607949,27,2972,1444,831.6,4052575,0.999,35596,63103.5,40368700.0,8215,138566,10266.9,3001016187
29610,4.5714,200000,25615,1005501,608504,27,2968,1450,697.2,4053606,0.9989,35543,58702.6,38257700.0,8219,132873,11126.7,3002044498
29620,6.268,200000,25615,1005736,609105,27,2969,1449,726.4,4054753,0.999,35444,56683.6,36774600.0,8214,97536,8906.79,3003157835
29630,5.7379,200000,25584,1005966,609667,27,2966,1450,737.5,4055781,0.999,35434,63233.3,40862700.0,8222,148803,12484.2,3004204888
29640,6.4361,200000,25595,1006234,610174,27,2974,1446,737.5,4056856,0.9989,35694,64824.4,42620800.0,8256,118974,10591.5,3005117110
29660,6.5551,200000,25586,1006697,611287,27,2973,1447,831.0,4059243,0.999,35677,56079.3,37917500.0,8144,111923,9854.92,3007219620
29670,5.2383,200000,25511,1006939,611876,27,2975,1442,825.0,4060403,0.999,35646,63273.5,40317800.0,8165,154220,10878.7,3008216069
29680,5.4356,200000,25485,1007179,612508,27,2977,1441,827.6,4061525,0.9989,35614,58766.4,38589500.0,8162,122907,10349,3009127234
29690,6.2874,200000,25484,1007422,613082,27,2975,1446,774.3,4062547,0.9989,35886,56218.7,36530500.0,8167,118111,10059.4,3010098987
29700,6.6278,200000,25478,1007659,613601,27,2975,1446,770.1,4063616,0.999,35777,62230.6,38881400.0,8182,176294,10228.2,3011254464
29720,6.8166,200000,25521,1008120,614640,27,2977,1444,824.2,4065755,0.999,35887,62252.9,40988000.0,8161,118689,10482.9,3013251107
29730,5.7864,200000,25414,1008348,615294,27,2976,1449,836.1,4066850,0.999,35760,58810.8,36413100.0,8148,153799,9648.6,3014260110
29740,5.213,200000,25458,1008581,615842,27,2976,1450,787.7,4067893,0.9989,35843,60743.2,39383300.0,8024,117605,9907.53,3015186399
29760,6.2441,200000,25532,1009051,616848,27,2979,1443,819.8,4070070,0.9989,35989,61116.1,38845600.0,8128,120474,9516.99,3017177446
29770,5.7752,200000,25508,1009266,617428,27,2981,1444,780.1,4071402,0.999,36005,62621.4,39097500.0,8008,116928,10274.3,3018210529
29790,5.9165,200000,25539,1009725,618539,27,2979,1452,836.0,4073471,0.9989,36034,63071,42774500.0,7993,134656,11018.4,3020165489
29800,6.9707,200000,25424,1009951,619145,27,2977,1454,783.8,4074614,0.999,35839,62513.1,38924100.0,7992,115791,10203.1,3021218677
29810,6.1326,200000,25447,1010219,619697,27,2980,1451,783.1,4075496,0.999,35893,62116.2,38761400.0,8016,116519,9970.5,3022222625
29820,6.6684,200000,25403,1010451,620238,27,2977,1459,784.1,4076549,0.999,35893,58288.1,36339200.0,7998,139624,9796.45,3023270676
29840,6.1843,200000,25440,1010876,621347,27,2977,1465,842.3,4078299,0.999,36071,61147.6,40115400.0,7945,113075,10484.2,3025298899
29850,6.4897,200000,25460,1011106,621879,27,2977,1464,778.5,4079364,0.9989,36135,63691.9,40223100.0,7919,114825,10336.3,3026216621
29870,5.983,200000,25319,1011597,623089,27,2975,1462,852.8,4081814,0.9989,36062,59388.6,37487100.0,7966,126944,10010.8,3028153851
29880,5.8309,200000,25275,1011836,623718,27,2974,1462,849.9,4082934,0.999,35886,60014.7,37820800.0,7980,152725,10939,3029288453
29890,6.152,200000,25406,1012067,624122,27,2977,1455,764.9,4083963,0.9989,35959,70801.5,48261900.0,7984,173308,12026.5,3030188415
29910,7.0556,200000,25427,1012501,625148,27,2978,1452,819.8,4085961,0.9989,35981,66895.8,43798000.0,7944,134536,10615.9,3032193541
29920,5.7322,200000,25366,1012714,625669,27,2980,1446,807.0,4087022,0.9989,35746,58565.7,36068700.0,7918,106408,9612.25,3033236961
29930,6.514,199995,25383,1012928,626242,27,2977,1453,809.8,4088041,0.999,35715,61514.5,40382800.0,7884,125395,10942.2,3034271327
29940,6.8782,199989,25393,1013148,626758,27,2979,1448,794.4,4089110,0.999,35658,67389.1,44100500.0,7890,152384,11093.7,3035284545
29951,6.1307,199976,25423,1013377,627257,27,2980,1446,719.8,4089880,0.999,35944,59809.1,38988900.0,7977,135324,10504.3,3036264463
29970,6.7438,199975,25558,1013847,628198,27,2980,1444,770.1,4091800,0.999,35976,64576.3,44429900.0,7986,156132,10664.5,3038293634
29981,6.6347,199973,25526,1014142,628766,27,2982,1445,725.3,4092827,0.9989,36070,60490.1,38248000.0,8023,119235,11306,3039175082
29991,5.8208,199978,25586,1014405,629273,27,2979,1450,733.4,4093909,0.9989,35732,62635.9,38444500.0,8036,147704,10723.8,3040143736
30011,7.326,199963,25577,1014878,630386,27,2975,1452,799.4,4095979,0.999,35897,61527.7,38426000.0,8036,99957,9691.69,3042325031
30021,6.2022,199980,25565,1015106,630954,27,2975,1452,798.0,4097004,0.9989,35774,63679.7,40462100.0,8020,159128,12126.6,3043187826
30032,6.5378,199950,25637,1015356,631408,27,2977,1450,748.6,4097665,0.999,35478,68130,46888400.0,8127,182639,12043.3,3044291069
30042,6.5059,199959,25590,1015562,631961,27,2974,1451,710.5,4098703,0.999,35815,57326.6,42252500.0,8099,132748,9649.25,3045331450
30063,6.7228,199930,25556,1016061,633076,27,2977,1452,802.3,4101255,0.999,35931,57043.5,35731800.0,7983,94674,9769.91,3047349438
30071,6.7084,199947,25542,1016278,633628,27,2976,1456,792.6,4102288,0.999,35858,62933.4,38580100.0,8020,95172,10268,3048384126
30083,6.3979,199912,25506,1016572,634213,27,2973,1461,745.0,4103298,0.999,35968,57998.6,38251400.0,8043,150893,9774.26,3049402267
30092,6.846,199937,25532,1016790,634745,27,2970,1464,750.8,4104360,0.999,35894,60106.9,36664500.0,8046,147357,10216.1,3050349136
30102,6.0436,199956,25645,1017023,635230,27,2972,1463,745.8,4104986,0.9989,35679,64639.1,41050100.0,8051,116362,10892.6,3051290696
30122,6.392,199934,25539,1017510,636323,27,2971,1468,786.9,4107066,0.999,35844,60644.7,37592000.0,8195,115644,9476.62,3053344362
30133,6.0281,199920,25546,1017758,636903,27,2967,1474,739.6,4108074,0.999,36040,58615.9,36464600.0,8205,132206,10007.9,3054319882
30154,6.8545,199911,25553,1018215,638007,27,2966,1474,823.7,4110308,0.999,36038,60896.7,38223600.0,8031,127189,10189.8,3056437720
30164,6.1821,199905,25624,1018450,638533,27,2967,1473,814.8,4111533,0.999,35782,64964.5,40503500.0,8017,130912,10563,3057424376
30173,6.4225,199936,25609,1018669,639057,27,2971,1471,792.9,4112597,0.999,35858,62691.3,40934600.0,8052,127527,11136.1,3058448223
30184,6.4295,199892,25354,1018943,639810,27,2974,1467,768.3,4113748,0.999,35947,56572.7,38102500.0,8088,112475,10329.2,3059427907
30205,6.115,199876,25533,1019450,640750,27,2972,1458,803.4,4115833,0.999,35962,60312.1,39125400.0,8092,129459,9819.97,3061376271
30215,7.0065,199886,25434,1019654,641405,27,2972,1457,827.7,4116926,0.999,35854,60648.1,38033100.0,8060,139130,11445.7,3062437829
30225,6.2132,199892,25585,1019866,641879,27,2977,1454,759.8,4117885,0.999,35998,70357.2,45916300.0,8041,162191,10992.9,3063469727
30245,6.0567,200000,25578,1020357,643092,27,2970,1459,847.9,4120328,0.999,35991,64352.7,40389000.0,8084,96540,10206.7,3065493452
30255,6.8924,200000,25593,1020609,643642,27,2970,1459,833.1,4121367,0.999,35849,60185.8,39155600.0,8108,131915,10377.3,3066492100
30265,5.3083,200000,25585,1020884,644178,27,2962,1466,682.2,4122577,0.999,35629,60873.8,38897500.0,8170,120459,10109.3,3067550084
30285,6.4679,200000,25551,1021376,645245,27,2966,1462,757.9,4124688,0.999,35716,60907.2,39723700.0,8228,113632,10320.3,3069652797
30295,6.647,200000,25488,1021610,645806,27,2965,1472,754.6,4125877,0.999,35569,63723.1,40001100.0,8257,128056,10579.2,3070654874
30305,5.8116,200000,25351,1021850,646452,27,2967,1470,790.6,4126973,0.999,35566,56274.6,36764200.0,8238,156071,10342.3,3071586237
30315,6.0747,200000,25491,1022081,646882,27,2968,1466,720.8,4127816,0.999,35772,67020.7,44200300.0,8234,119888,11024.2,3072669765
30335,7.9694,200000,25495,1022467,648011,27,2970,1464,808.9,4130018,0.999,35926,63875,42879300.0,8084,142515,11566.9,3074668711
30345,5.9901,200000,25438,1022695,648530,27,2971,1457,796.9,4131081,0.999,35917,62933.6,39829700.0,8079,114435,10371.4,3075622944
30355,6.7334,200000,25443,1022944,649126,27,2968,1454,808.8,4131921,0.999,35792,62515.8,39667800.0,8080,149386,10762.6,3076589301
30365,7.5856,200000,25326,1023150,649730,26,2970,1453,758.4,4133067,0.999,36025,62762.1,40619100.0,8064,128067,10278.9,3077636537
30375,6.3953,200000,25402,1023379,650211,26,2966,1459,745.7,4134177,0.999,35966,63196.5,37885800.0,8073,100043,10625.9,3078637876
30395,6.9682,200000,25384,1023868,651317,26,2960,1466,811.4,4136253,0.999,35907,59537,39030000.0,8132,148312,10492.7,3080578765
30405,6.4761,200000,25254,1024105,651972,26,2955,1466,769.8,4137345,0.999,36081,56845.9,35122600.0,8114,116181,9673.29,3081615494
30415,6.9136,200000,25387,1024343,652352,26,2952,1475,743.5,4138233,0.999,36040,68233.7,41429900.0,8091,100935,10388.6,3082676626
30435,5.3036,200000,25417,1024827,653363,26,2954,1465,806.2,4140246,0.999,36153,63416.8,40754400.0,8080,147001,10072.5,3084667371
30445,5.8949,200000,25334,1025051,653949,26,2955,1466,805.7,4141412,0.999,35919,62692.4,39067800.0,8072,150666,11339.4,3085689265
30455,5.0463,200000,25286,1025285,654455,26,2955,1469,794.6,4142497,0.999,35853,63652.8,40520600.0,8059,139836,10926.9,3086675947
30465,6.114,200000,25219,1025519,655024,26,2960,1462,742.9,4143517,0.999,35897,60930.2,38827400.0,8058,125677,9592.16,3087640659
30485,6.3332,200000,25139,1025981,656300,26,2954,1465,824.7,4145749,0.999,35868,60388.4,38056400.0,8080,81279,10071.1,3089733098
30495,6.8229,200000,25307,1026207,656735,26,2955,1457,750.1,4146746,0.999,36156,68468.6,42882600.0,8081,116286,11430.7,3090648504
30505,6.7876,200000,25250,1026451,657315,26,2955,1454,759.3,4147763,0.999,35908,63109.1,39655000.0,8096,151931,10834.1,3091651875
30525,6.1966,200000,25386,1026909,658266,26,2957,1450,803.5,4149515,0.999,35839,68961.3,44071500.0,8061,153056,10276.8,3093695087
30535,6.8647,200000,25340,1027145,658850,26,2957,1445,811.8,4150679,0.999,35841,65468.5,41662400.0,8058,117422,11055.2,3094709619
30545,6.0424,200000,25354,1027382,659347,26,2958,1445,730.1,4151610,0.999,35817,56555.2,35535500.0,8174,145547,11082,3095679876
30565,6.4234,200000,25306,1027860,660467,26,2960,1440,800.3,4153675,0.999,35857,56414.7,37035600.0,8206,172897,9593.55,3097727309
30575,5.9304,200000,25352,1028090,661014,26,2956,1446,760.5,4155040,0.999,35802,59547.9,38331300.0,8104,141113,10021.3,3098752357
30585,5.881,199995,25320,1028326,661546,26,2958,1442,761.4,4156261,0.999,35664,57516.8,34241900.0,8102,105033,9787.43,3099776798
30606,6.1445,199977,25411,1028835,662530,26,2956,1442,819.5,4158140,0.999,35749,69391.2,45264400.0,8067,132744,10349.5,3101657570
30615,7.4144,199988,25296,1029045,663144,26,2952,1445,825.8,4159427,0.999,35582,56146.9,33881800.0,8035,121668,9195.28,3102660536
30626,5.7129,199986,25300,1029279,663774,26,2953,1447,838.6,4160538,0.999,35560,52493.5,32579200.0,8005,123836,9504.89,3103787758
30636,6.9826,199941,25240,1029504,664371,26,2955,1445,784.5,4161689,0.999,35787,61877.9,40097100.0,7972,126530,10679.1,3104719223
30646,6.9005,199969,25256,1029750,664898,26,2953,1448,804.5,4162749,0.999,35614,61590,38491300.0,7878,141211,9208.67,3105800532
30666,7.3991,199958,25173,1030228,666008,26,2956,1447,856.1,4164976,0.999,35794,62062.1,39573500.0,7921,94831,9429.9,3107709578
30677,6.1165,199953,25100,1030497,666699,26,2961,1445,801.0,4166194,0.999,35770,61750.5,37812200.0,7983,138861,10984.1,3108669918
30686,5.5484,199984,25184,1030668,667139,26,2963,1446,777.3,4167181,0.999,35739,69878.9,43830600.0,7957,140826,11718.2,3109683683
30707,7.133,199937,25164,1031164,668239,26,2967,1448,840.7,4169260,0.9989,35740,64103.2,39210500.0,7969,124941,10265.8,3111652823
30717,5.9725,199943,25167,1031360,668801,26,2968,1453,829.6,4170446,0.999,35558,64320,39701300.0,7951,94725,10554.6,3112806227
30727,6.0027,199926,25216,1031614,669293,26,2968,1451,805.4,4171387,0.999,35659,64362.8,40640300.0,7942,137963,11030.2,3113828584
30737,6.155,199946,25114,1031885,669983,26,2968,1452,834.3,4172611,0.999,35645,59259.1,38084300.0,7970,151114,10166.2,3114806581
30748,6.3268,199914,25106,1032153,670578,27,2968,1450,778.9,4173604,0.999,35818,65832.8,43749200.0,7970,118507,11982.1,3115847580
30757,6.8954,199927,25109,1032389,671074,27,2967,1457,774.1,4174696,0.999,35742,58419.3,36568600.0,7973,125287,9351.24,3116823182
30767,5.9343,199923,25054,1032621,671689,27,2966,1458,791.8,4175829,0.999,35675,59890.8,39724200.0,7964,134312,10074,3117827618
30778,6.2391,199922,25091,1032840,672205,27,2964,1460,788.3,4176901,0.999,35734,58745,36995900.0,7953,122093,9800.83,3118832367
30798,6.594,199941,25078,1033292,673286,27,2963,1460,840.7,4179006,0.999,35932,56635.7,36691900.0,7948,136046,9854.33,3120752161
30808,6.7392,199931,25037,1033514,673863,27,2966,1458,798.1,4180340,0.999,35992,60721.9,38858900.0,7800,108456,9768.98,3121764409
30817,7.0547,199956,25053,1033719,674446,27,2969,1455,799.2,4181351,0.9989,35833,59729.6,36625300.0,7801,130420,10654.4,3122695339
30839,7.119,199893,25158,1034240,675515,27,2975,1454,824.1,4183144,0.999,36024,60451.2,39499400.0,7926,141939,10634,3124854074
30849,5.9772,199881,25130,1034506,676092,28,2967,1463,773.2,4184156,0.999,36119,63071.4,42449400.0,7940,148840,12241.1,3125817569
30869,5.4486,199904,25229,1035011,677102,28,2964,1464,817.6,4186329,0.999,36243,69017.5,42990600.0,8006,122949,10129.3,3127764047
30880,6.8477,199887,25143,1035260,677790,28,2965,1463,792.5,4187718,0.999,36232,58330.6,35808600.0,7887,133632,10441.8,3128874002
30888,6.4922,199900,25195,1035445,678229,28,2964,1468,773.6,4188388,0.999,35990,69441.5,43956300.0,7870,137778,10926.5,3129798904
30898,6.2511,199898,25199,1035694,678781,28,2968,1468,751.8,4189421,0.999,35876,59771,38648300.0,7973,178819,10539.4,3130873629
30920,6.5589,199878,25227,1036218,679937,28,2965,1475,822.0,4191451,0.999,35823,56040.9,36758100.0,8006,133544,10091.5,3132848597
30930,6.1414,199901,25189,1036431,680466,28,2965,1475,840.3,4192517,0.999,35831,60328.6,38162400.0,7879,107975,10364.1,3133761251
30940,6.7916,199891,25190,1036665,681045,28,2963,1477,809.3,4193527,0.999,35736,61598.1,38384900.0,7991,171084,11754.1,3134918538
30950,6.2517,200000,25255,1036902,681729,28,2960,1475,789.0,4195073,0.999,35945,70785.8,47322900.0,7971,142943,11037.8,3135893083
30980,6.9387,200000,25240,1037632,683427,28,2957,1476,790.4,4198145,0.999,35810,59781.5,34426700.0,8027,101014,9139.32,3138895026
31000,7.0514,200000,25342,1038096,684413,28,2957,1474,837.8,4200177,0.999,35733,67134.5,44265600.0,8012,147948,11819.7,3140932932
31010,6.4135,200000,25327,1038334,684952,28,2962,1468,773.1,4201066,0.999,35711,59893.8,38070000.0,8005,134901,9811.17,3141955050
31020,6.4771,200000,25274,1038569,685667,28,2961,1468,746.6,4202264,0.999,35738,55835.1,33592600.0,8016,87773,9243.59,3142958958
31030,7.4877,200000,25242,1038838,686197,28,2960,1466,750.6,4203323,0.999,35529,65478.5,42491100.0,8058,150176,11620,3143932359
31040,7.4834,200000,25302,1039077,686769,28,2959,1469,762.7,4204347,0.999,35415,61125.8,41188700.0,8068,124967,10484.4,3145070610
31050,6.1643,200000,25168,1039300,687430,28,2960,1471,788.5,4205433,0.999,35263,58203.4,36737300.0,8073,139020,10352.6,3146082520
31070,6.0671,200000,25167,1039758,688540,28,2964,1465,844.0,4207501,0.999,35473,64904.5,42541300.0,8060,136539,10278.2,3148082531
31080,6.166,200000,25156,1039956,689141,28,2966,1462,873.1,4208652,0.999,35492,58882.3,36661600.0,7881,135476,9581.34,3149028391
31090,4.6816,200000,25219,1040179,689614,29,2962,1464,780.9,4209605,0.999,35825,59425.6,37459100.0,7983,147198,9455.99,3150049066
31100,6.7179,200000,25197,1040390,690177,29,2958,1465,810.3,4210795,0.999,35764,58527.3,37096700.0,7846,105593,9366.69,3151019563
31120,7.0129,200000,25261,1040834,691337,29,2961,1458,861.3,4213138,0.999,35910,55456.1,34109600.0,7828,104465,9363.43,3153102792
31130,7.0985,200000,25056,1041057,692064,29,2958,1458,878.8,4214308,0.999,35701,58669.4,36827300.0,7824,172709,11265.3,3153953003
31140,5.9472,200000,25238,1041274,692453,29,2960,1457,825.1,4215194,0.999,35737,66934.8,46466900.0,7829,184654,10409.4,3155010304
31150,6.7961,200000,25063,1041506,693257,29,2958,1461,802.3,4216297,0.999,35831,56882.3,35861200.0,7831,117484,10180.9,3156086390
31170,7.7747,200000,25199,1041943,694335,29,2964,1456,846.6,4218401,0.999,35774,59722.9,38786100.0,7810,152911,9878.43,3158108488
31180,6.3486,200000,25198,1042187,694890,30,2966,1449,789.7,4219433,0.999,35901,64552.6,39949700.0,7796,168280,12567.6,3159128747
31190,6.11,200000,25371,1042407,695251,30,2965,1453,755.4,4220348,0.999,35765,73757,47410200.0,7744,123912,10455,3159973880
31210,5.6389,200000,25298,1042931,696474,30,2967,1452,838.2,4222460,0.999,35885,62960,40759500.0,7784,141791,10045.6,3162130231
31220,6.0452,200000,25243,1043161,697059,31,2964,1452,829.1,4223618,0.999,35935,62779,38921400.0,7791,144105,10016.7,3163143362
31230,6.7772,200000,25239,1043384,697657,31,2964,1451,831.0,4224610,0.999,35830,55890.6,36170400.0,7792,129364,10484.2,3164124207
31240,5.656,200000,25264,1043631,698208,31,2969,1446,770.7,4225650,0.999,36154,62263.1,41797200.0,7799,158039,10631.5,3165151187
31260,6.6382,200000,25190,1044081,699321,31,2968,1449,838.1,4227713,0.999,36174,60303.1,37465500.0,7749,128866,9809.77,3167105326
31270,6.9878,200000,25166,1044307,699928,31,2965,1450,862.1,4229011,0.999,36243,63767.5,39888300.0,7642,128959,10706.6,3168115794
31280,6.3713,200000,25144,1044534,700496,31,2965,1447,800.3,4230190,0.999,36358,60581.2,38210700.0,7632,160772,10135.3,3169157019
31300,5.6484,200000,25168,1045028,701632,31,2962,1450,857.8,4232078,0.999,36345,59120.3,37500200.0,7628,137189,10152.9,3171049691
31310,7.0505,200000,25188,1045255,702230,31,2958,1454,797.9,4233229,0.999,36257,65665.5,40813700.0,7623,128020,10643.2,3172066059
31330,5.7412,200000,25157,1045731,703424,31,2959,1452,863.3,4235373,0.999,36248,63859.6,42695500.0,7635,128632,10794.6,3174173415
31340,6.1117,200000,25131,1045974,703972,31,2962,1450,845.3,4236414,0.999,36191,58552.6,36386800.0,7640,134449,9901.17,3175179925
31350,6.0789,200000,25081,1046211,704604,31,2963,1448,794.7,4237375,0.999,36216,60894.4,39246500.0,7642,154277,10743.8,3176193757
31370,6.8244,200000,25040,1046694,705741,32,2964,1443,857.6,4239422,0.999,36121,61849.2,40845800.0,7617,136242,10412.3,3178172116
31380,6.3739,200000,24930,1046934,706406,32,2964,1448,862.5,4240505,0.999,36062,62066.9,38709500.0,7634,126306,11191.4,3179156003
31390,5.031,200000,24996,1047150,706933,32,2966,1447,841.2,4241570,0.999,36062,64905.5,41673000.0,7630,140187,10572.4,3180203648
31400,5.9835,199995,24941,1047360,707554,32,2968,1445,847.5,4242536,0.999,36080,58676.6,37754300.0,7602,148901,11000.7,3181194507
31410,7.7123,199979,25010,1047575,708075,34,2966,1445,775.1,4243448,0.999,36241,64173.1,43033500.0,7619,108784,10052.4,3182198476
31420,7.5745,199975,24959,1047838,708683,34,2969,1442,795.5,4244587,0.999,36092,62034.3,37899300.0,7659,119523,10018.6,3183215063
31451,6.0765,199976,24816,1048618,710464,34,2967,1443,831.7,4247574,0.999,36106,60231.8,36944500.0,7760,111442,9796.25,3186224478
31461,6.0171,199975,24817,1048825,711021,34,2968,1448,770.9,4248608,0.999,35950,57811.8,36373700.0,7752,147838,10398.8,3187214719
31471,6.3146,199983,24777,1049042,711598,34,2967,1449,772.9,4249618,0.999,35906,61320,40218900.0,7751,109701,9727.51,3188165517
31492,6.9741,199934,24760,1049550,712848,34,2967,1450,870.0,4251707,0.999,35925,57027.2,36838400.0,7684,123180,9353.37,3190261126
31502,7.9741,199946,24595,1049779,713610,34,2965,1456,890.8,4253013,0.999,35886,55045.3,33429700.0,7677,137647,9804.93,3191217465
31512,6.88,199951,24686,1050029,714138,34,2966,1454,871.0,4254073,0.999,35872,64058.4,42230300.0,7684,132905,10761.8,3192242219
31523,6.635,199899,24608,1050283,714726,34,2964,1457,808.1,4255078,0.999,35946,59375.6,39933300.0,7652,155442,10736.9,3193217557
31542,6.5093,199949,24644,1050731,715850,34,2968,1461,865.8,4257134,0.999,36103,58992.6,38814200.0,7657,149981,10313.1,3195243012
31553,5.802,199947,24486,1050947,716525,34,2966,1459,869.2,4258210,0.999,36034,59109.5,36565000.0,7621,161607,10692.2,3196227712
31563,7.1796,199905,24542,1051182,717032,34,2966,1458,796.9,4259135,0.999,35981,66721.1,43427700.0,7608,146034,12359.7,3197283618
31584,5.9912,199913,24646,1051664,718041,34,2966,1460,833.5,4261143,0.999,36102,61933.9,40228600.0,7602,147642,10301.3,3199275092
31594,6.0909,199921,24513,1051889,718724,34,2966,1461,793.8,4262206,0.999,36089,62440.9,40490400.0,7620,173976,10914.9,3200274243
31604,4.9262,199914,24606,1052115,719240,33,2969,1451,785.6,4263279,0.999,35902,59782.1,37170100.0,7602,92702,9872.65,3201273335
31624,7.1715,199886,24647,1052611,720295,33,2969,1452,836.0,4265236,0.999,35924,59575.5,41135500.0,7610,115728,11067.1,3203320603
31635,7.6545,200000,24614,1052872,721124,33,2964,1456,830.9,4266630,0.999,36040,59718,38165800.0,7617,117717,9797.43,3204249314
31655,6.6372,199875,24629,1053326,721980,33,2967,1449,826.8,4268159,0.999,36081,58210.2,37805400.0,7593,125030,9831.84,3206307170
31665,6.661,200000,24581,1053547,722831,33,2968,1451,828.4,4269849,0.999,36219,59974.1,37987900.0,7573,114034,10527.3,3207342187
31685,6.652,199865,24553,1054074,723670,33,2966,1457,820.0,4271391,0.999,36266,59930.5,38104600.0,7592,122083,9472.61,3209320860
31695,6.2219,199886,24513,1054314,724321,33,2964,1467,836.3,4272487,0.999,36110,56757.8,35305200.0,7626,136700,10451.6,3210292644
31705,6.3905,199878,24470,1054543,724948,33,2962,1471,842.8,4273602,0.999,36161,57750.7,37736500.0,7617,149461,10548.1,3211298193
31715,7.1973,200000,24377,1054819,725798,33,2965,1465,839.4,4275142,0.999,36167,58970.9,37695300.0,7669,114242,9599.65,3212309457
31735,6.3222,200000,24341,1055303,727042,33,2962,1463,908.3,4277560,0.999,36248,59755.7,37411900.0,7594,123571,9345.45,3214416349
31745,6.3291,200000,24403,1055570,727570,33,2963,1462,834.7,4278459,0.999,36238,62152.4,42736800.0,7609,175674,11679.3,3215387191
31755,6.2792,200000,24278,1055820,728253,33,2964,1461,855.9,4279683,0.999,36197,60091,37742200.0,7619,141269,9967.18,3216365289
31765,6.6302,200000,24397,1056036,728677,33,2967,1458,775.8,4280532,0.999,36504,65921.4,41835400.0,7589,143827,10695.5,3217399545
31775,6.8024,200000,24356,1056285,729248,33,2968,1456,782.9,4281707,0.999,36301,62110,38013300.0,7578,113661,10176.5,3218432860
31795,7.3374,200000,24417,1056761,730388,33,2968,1455,837.8,4283753,0.999,36368,60043.2,39500300.0,7620,109601,9763.3,3220514880
31805,7.025,200000,24389,1056985,731040,33,2968,1459,849.2,4284693,0.999,36213,57173.7,35270400.0,7590,152545,10000.2,3221545271
31815,6.8821,200000,24521,1057198,731502,33,2972,1454,774.6,4285342,0.999,36298,63115.5,47604900.0,7571,200784,11816.9,3222516233
31835,6.1967,200000,24397,1057661,732781,33,2973,1455,861.4,4287725,0.999,36224,55616.7,37147900.0,7556,112120,9989.7,3224470294
31845,6.0072,200000,24372,1057907,733383,33,2976,1451,853.7,4288868,0.999,36295,57902.2,37684900.0,7576,151273,10397.9,3225478805
31855,6.0801,200000,24197,1058159,734090,33,2976,1451,811.0,4289909,0.999,36383,56128,36386500.0,7586,104730,10352.5,3226393144
31865,6.7027,200000,24516,1058411,734409,33,2976,1452,758.7,4290859,0.999,36282,72643.2,45332000.0,7620,130437,10842.6,3227467142
31875,6.7028,200000,24309,1058650,735132,33,2976,1455,786.9,4291882,0.999,36283,55125.5,35318700.0,7659,127985,9362.13,3228563705
31895,6.5796,200000,24392,1059139,736172,33,2974,1454,843.3,4294014,0.999,36482,65496.1,46451800.0,7672,126393,10374.9,3230583269
31905,5.9117,200000,24232,1059383,736853,33,2979,1450,813.0,4295236,0.999,36466,59256.1,38711000.0,7573,128885,9743.21,3231568176
31925,5.9272,200000,24266,1059865,737972,33,2978,1446,846.0,4297133,0.999,36424,60861.4,38529200.0,7726,104053,9957.37,3233521996
31935,6.5524,200000,24201,1060099,738565,33,2977,1446,843.8,4298132,0.999,36212,64539.5,40382400.0,7708,143628,11631.9,3234559117
31945,6.6168,200000,24330,1060341,739006,33,2977,1438,811.4,4299123,0.999,36202,68676.1,47415700.0,7707,106144,11378.4,3235467754
31955,7.0734,200000,24314,1060552,739572,33,2979,1436,761.2,4300149,0.999,36178,58624.8,39424200.0,7680,159083,11095.2,3236469109
31965,6.4467,200000,24396,1060791,740030,33,2977,1436,742.0,4300962,0.999,36013,67174,40829300.0,7717,95336,9909.57,3237494455
31985,6.8306,200000,24422,1061301,741215,33,2978,1436,817.4,4303113,0.999,36171,59374.7,36786800.0,7754,118179,10056.6,3239488689
31995,6.6349,200000,24373,1061560,741793,33,2975,1443,823.7,4304115,0.999,36139,64510.6,40835000.0,7745,160910,10177.7,3240486488
32005,6.0993,200000,24369,1061814,742332,33,2978,1435,769.7,4305159,0.999,36188,59862,40428700.0,7740,143864,11120.6,3241493033
32015,7.0367,200000,24357,1062050,742937,33,2979,1434,780.6,4306147,0.999,35957,61505.4,38709600.0,7736,127856,9343.35,3242601625
32025,7.2256,200000,24299,1062301,743613,33,2981,1435,805.6,4307221,0.999,36010,56484.9,35631800.0,7758,110341,11077.9,3243612923
32045,6.4397,200000,24386,1062782,744624,33,2982,1437,854.7,4309075,0.999,36172,58600.5,37954000.0,7731,138847,9416.22,3245546522
32055,6.8926,200000,24343,1063028,745287,33,2983,1436,802.9,4310166,0.999,36153,58731.6,35942100.0,7725,160561,9922.91,3246544056
32075,6.5257,200000,24420,1063499,746399,33,2984,1433,873.3,4312227,0.999,36234,70534,47249800.0,7679,157952,10634.4,3248487841
32085,6.6571,200000,24352,1063745,747017,33,2983,1435,806.5,4313357,0.999,36176,60735.2,39108400.0,7709,119161,10406.6,3249649867
32095,5.9118,200000,24246,1063987,747675,33,2983,1434,830.9,4314445,0.999,36025,53863,33717900.0,7702,115000,8876.97,3250642297
32105,7.2477,199990,24315,1064226,748273,33,2982,1444,834.7,4315436,0.999,35949,56509.2,36707200.0,7709,104970,9623.68,3251657789
32125,6.7571,199978,24262,1064683,749551,33,2983,1443,922.6,4317497,0.999,36104,58789,39630200.0,7587,113770,10067.7,3253592008
32135,7.377,199971,24148,1064921,750238,33,2981,1450,924.0,4318870,0.999,36033,55160.1,32871300.0,7613,131723,9568.52,3254654475
32146,7.1695,199977,24234,1065204,750787,33,2981,1456,842.7,4319755,0.999,36235,62545.7,41756500.0,7633,132862,11436.3,3255671552
32166,5.903,199977,24247,1065655,751875,33,2982,1449,886.8,4321690,0.999,36325,65525.3,42459600.0,7606,124350,10158.6,3257532059
32176,5.7319,199976,24204,1065875,752511,33,2981,1446,892.5,4322645,0.999,36387,57963.2,35432600.0,7569,105691,10024.5,3258598613
32186,6.8172,199953,24222,1066150,752994,33,2986,1438,864.1,4323588,0.999,36304,71961.4,47528500.0,7593,151390,11413.9,3259601940
32196,6.605,199961,24180,1066394,753575,33,2987,1432,783.9,4324444,0.999,36627,57665.5,38361400.0,7720,165039,10813.7,3260644061
32217,5.7158,199945,24208,1066858,754756,33,2989,1434,868.2,4326927,0.999,36635,58902.8,38678400.0,7560,143551,10394.4,3262698808
32226,6.8164,199965,24214,1067066,755329,33,2990,1432,864.4,4327783,0.999,36357,67407.1,43799400.0,7526,127275,10998.8,3263636706
32236,6.2059,199963,24174,1067274,755913,33,2991,1433,797.4,4328948,0.999,36421,61786.4,39579400.0,7519,131050,10631.9,3264596844
32247,6.665,199935,24291,1067524,756341,33,2994,1429,779.2,4329626,0.999,36191,65532.5,41203800.0,7491,154653,10481.8,3265661169
32257,6.6446,199954,24212,1067794,756949,33,2995,1432,771.0,4330611,0.999,36096,60069.5,40542600.0,7649,139039,10183.9,3266683777
32267,6.0568,199945,24245,1068040,757504,33,3001,1428,773.8,4331638,0.999,35969,56282.6,35993500.0,7644,94497,9978.55,3267622119
32288,6.4097,199908,24228,1068581,758633,33,3001,1433,834.5,4333677,0.999,36244,61429.5,40353900.0,7698,148770,10487.2,3269711644
32296,6.1041,199968,24239,1068761,759223,33,3005,1427,832.8,4334678,0.999,36185,59878.8,39427500.0,7697,133864,10973.1,3270737560
32308,6.8978,199922,24250,1069040,759797,33,3005,1425,781.8,4335693,0.999,36267,54573.6,36445800.0,7666,154475,9405.29,3271728370
32317,6.623,199953,24256,1069272,760375,33,3008,1421,816.6,4336704,0.999,36206,59547.5,37590500.0,7554,125422,10059,3272576516
32338,6.5239,199901,24306,1069778,761508,33,3007,1425,879.4,4338744,0.999,36307,61738.5,40025000.0,7505,132834,10249,3274602818
32348,7.2187,199907,24258,1070012,762166,33,3007,1429,883.2,4339996,0.999,36352,62420.8,41098900.0,7521,157219,10993.1,3275757279
32359,6.3562,199910,24263,1070272,762697,33,3009,1430,813.2,4341054,0.999,36471,58365.6,37074100.0,7515,103743,9912.81,3276733158
32369,6.9025,199897,24255,1070518,763301,33,3006,1432,818.5,4342039,0.999,36368,61618.5,36508300.0,7525,151866,10063,3277725741
32390,5.2967,199890,24299,1071024,764487,33,3008,1430,879.6,4344034,0.999,36567,67487.9,45856600.0,7532,111527,10872,3279772777
32400,6.7653,199878,24353,1071282,765099,33,3008,1434,816.2,4345168,0.999,36627,58345.4,36929900.0,7545,180875,9988.72,3280764165
32420,6.5239,200000,24239,1071761,766576,33,3004,1442,940.4,4347667,0.999,36543,60532,38046200.0,7535,158958,10403,3282859626
32430,6.0208,200000,24276,1071975,767118,33,3002,1446,754.6,4348558,0.999,36423,66347,42864000.0,7521,138158,10387.4,3283892921
32450,5.7483,200000,24203,1072456,768424,33,3001,1451,841.1,4350593,0.999,36613,64117.8,41316400.0,7535,159105,10408.1,3285902650
32460,7.1676,200000,24154,1072723,769069,33,3001,1446,795.5,4351538,0.999,36579,61643.7,39467000.0,7542,179659,11058.6,3286884438
32470,6.4768,200000,24109,1072942,769704,33,3005,1441,808.2,4352653,0.999,36497,60529.6,37029200.0,7535,125407,9885.6,3287828836
32490,7.5308,200000,24367,1073412,770677,33,3001,1446,831.8,4354547,0.999,36620,69007.5,47555400.0,7561,169789,10480.4,3289892634
32500,6.7368,200000,24109,1073649,771433,33,3000,1448,812.8,4355852,0.999,36722,58690.5,37001400.0,7522,156055,11174.5,3290825169
32520,6.0695,200000,24238,1074128,772414,33,3002,1448,841.6,4357576,0.999,36631,62622.2,40413900.0,7543,163604,9491.96,3292932555
32530,5.585,200000,24160,1074371,773102,33,3005,1448,797.1,4358797,0.999,36614,56079.3,35679700.0,7562,149144,10454.7,3293863466
32540,6.8,200000,24178,1074582,773679,33,2998,1448,802.1,4359814,0.999,36477,58406.8,35859200.0,7537,120033,9563.34,3294854313
32550,5.7109,200000,24139,1074804,774255,33,2999,1444,797.7,4360827,0.999,36372,60214.7,38699700.0,7548,144930,9717.86,3295980215
32570,6.9905,200000,24217,1075289,775272,33,2997,1448,840.7,4362834,0.999,36506,64058.4,42652100.0,7541,126426,10316.4,3297879086
32580,7.2384,200000,24227,1075492,775847,33,2993,1452,835.1,4363846,0.999,36442,63993,42209000.0,7507,182477,11126.4,3298948328
32590,7.0646,200000,24171,1075712,776392,33,2995,1452,780.2,4364731,0.999,36666,66011.5,44232500.0,7471,141091,10052.3,3300006774
32600,6.2288,200000,24160,1075979,776968,34,2991,1457,787.8,4365905,0.999,36640,55273.2,33003700.0,7490,137165,9936.55,3300950140
32610,5.6617,200000,24064,1076218,777630,34,2991,1459,812.2,4366992,0.999,36605,58416.9,39496500.0,7479,143667,10645,3302013981
32620,6.1639,200000,23982,1076462,778291,34,2990,1461,831.4,4368073,0.999,36571,59361.8,38820000.0,7495,133319,11433.8,3303026786
32640,7.1305,200000,24071,1076906,779364,34,2987,1465,876.2,4370018,0.999,36676,61277.2,39913900.0,7453,147134,10480.2,3304882618
32650,7.4892,200000,24042,1077174,779964,34,2987,1470,813.1,4371012,0.999,36688,62163.7,40597800.0,7485,115881,10653.1,3305921359
32670,6.4396,200000,24071,1077677,781063,34,2989,1470,870.7,4372931,0.999,36808,69292.8,45803100.0,7495,108828,11267.8,3307916705
32680,6.3777,200000,23994,1077950,781649,34,2988,1473,862.5,4373934,0.999,36761,62243.8,39604000.0,7517,177973,10043.8,3308960178
32690,6.9097,200000,24031,1078184,782271,34,2990,1470,863.2,4374910,0.999,36588,61579.6,38766900.0,7506,117150,9954.57,3310034751
32700,7.7627,200000,24106,1078422,782809,34,2991,1467,795.8,4375961,0.999,36727,59730.1,39465800.0,7508,135379,10447.1,3310957424
32710,5.4766,200000,24084,1078653,783353,34,2993,1466,800.8,4376850,0.999,36519,61443.5,38574800.0,7493,144338,10549.9,3311961067
32720,7.3798,200000,23983,1078896,784022,34,2993,1465,818.8,4377927,0.999,36606,56881.3,36423500.0,7502,136128,9488.74,3312964783
32740,6.2817,200000,24033,1079370,785189,34,2993,1469,876.2,4379943,0.999,36684,62308.6,41259000.0,7491,134010,11270.6,3314874872
32750,5.5991,200000,23861,1079621,785922,34,2994,1470,825.9,4380959,0.999,36640,61174.1,39549500.0,7521,146428,10343.7,3315901134
32770,6.8332,200000,24022,1080090,786996,34,2997,1464,874.0,4382905,0.999,36625,67405.4,44544700.0,7499,170262,10566.7,3318065834
32780,5.4061,200000,23853,1080328,787774,34,2992,1468,896.4,4384029,0.999,36492,60718.4,37309700.0,7498,112679,11039.5,3319058600
32790,6.0302,200000,23914,1080563,788290,34,2992,1467,827.0,4384943,0.9991,36667,58287.6,38513200.0,7482,150667,9922.69,3320087388
32810,6.3838,200000,23853,1081040,789487,34,2992,1465,881.4,4387082,0.999,36640,61965.7,39497200.0,7523,149099,10486.8,3322057370
32820,6.5555,200000,23863,1081296,790017,34,2993,1466,858.1,4388141,0.999,36500,63322.2,38888500.0,7529,141235,10709.1,3323061708
32830,6.6612,200000,23894,1081536,790576,35,2991,1468,800.6,4389167,0.999,36615,65627.6,45020000.0,7531,147314,11384.5,3324073193
32840,5.7296,199977,24026,1081784,790986,35,2992,1470,766.2,4390033,0.999,36457,60998.4,40733900.0,7535,140660,10616.3,3325061089
32850,5.5907,199987,23891,1082014,791678,35,2992,1471,809.3,4391089,0.999,36562,54970.3,35328200.0,7519,111409,9024.97,3326083899
32870,5.9226,199976,23999,1082495,792784,35,2988,1468,852.7,4393166,0.999,36591,59117.6,37150300.0,7528,109500,9636.77,3328088728
32881,6.757,199959,23882,1082729,793411,35,2992,1463,855.8,4394282,0.9991,36433,61888.2,37884600.0,7534,133197,11306.7,3329115434
32891,5.8187,199974,23867,1082987,793989,35,2992,1464,792.5,4395291,0.999,36403,63025.3,41623100.0,7577,105178,10495.9,3330072959
32911,5.4165,199970,23823,1083425,795109,35,2991,1466,848.5,4397347,0.999,36479,56505.5,35035500.0,7547,125263,9078.91,3332064320
32921,6.1906,199977,23807,1083652,795675,35,2992,1461,865.4,4398365,0.999,36367,64935.3,42317400.0,7418,151552,10901.7,3333082092
32932,5.4527,199955,23791,1083928,796289,35,2993,1459,811.3,4399505,0.999,36481,61382.9,42042400.0,7421,152873,10959.8,3334036451
32941,7.1911,199982,23797,1084149,796865,35,2994,1462,783.8,4400358,0.999,36218,54555.8,32348400.0,7566,98316,9731.63,3335083456
32951,5.9249,199953,23866,1084407,797448,35,2998,1458,786.3,4401366,0.999,36189,59416.8,37530900.0,7588,101538,9910.97,3336088966
32972,6.689,199957,23867,1084912,798585,35,2998,1462,848.5,4403417,0.999,36154,62569.6,41889800.0,7581,159521,11414.6,3338055392
32982,6.9324,199933,23852,1085159,799183,35,3003,1456,796.3,4404406,0.999,36151,61305.2,38436500.0,7561,124762,10527.8,3339115912
32991,6.7891,199967,23907,1085368,799710,35,3003,1454,796.2,4405471,0.999,36124,62208,39003100.0,7541,110729,9772.73,3340091036
33012,6.4439,199942,23965,1085882,800909,35,3001,1453,863.5,4407301,0.9991,36207,61023,38794300.0,7533,120351,10327.8,3342152968
33022,6.5808,199912,23919,1086128,801528,36,2998,1455,808.1,4408423,0.999,36343,60828.5,37650200.0,7528,89983,9801.09,3343089136
33043,5.9592,199924,23876,1086622,802751,36,2995,1460,871.7,4410387,0.999,36212,54720.7,34157700.0,7531,171962,9436.08,3345138980
33053,7.3103,199913,23860,1086879,803314,36,2998,1459,855.1,4411409,0.999,36141,62043.4,39620300.0,7536,109884,10728.8,3346095908
33064,5.6288,199895,23878,1087138,803873,36,3001,1457,799.3,4412440,0.9991,36327,59810.8,40088600.0,7552,168342,10623,3347202391
33073,5.3066,199935,23875,1087353,804487,36,3006,1454,809.8,4413414,0.999,36255,58765.1,35818300.0,7545,128441,9040.35,3348080363
33083,6.3823,199934,23848,1087569,805091,36,3004,1458,818.9,4414401,0.9991,36249,57029.4,35405900.0,7510,129564,9693.44,3349187953
33093,7.1487,199926,23887,1087807,805697,36,2999,1460,841.9,4415544,0.999,36246,59651.2,37812300.0,7425,131407,10973.8,3350040941
33125,6.6598,200000,23828,1088586,807768,37,2994,1460,907.9,4419362,0.999,36391,58834.5,35633100.0,7435,144573,9375.52,3353230094
33135,6.977,200000,23876,1088808,808315,37,2992,1457,742.5,4420406,0.999,36404,68247.4,46045100.0,7405,159120,12044.4,3354276701
33155,6.7422,200000,23972,1089327,809351,37,2994,1450,802.0,4422066,0.999,36473,63584.8,43348300.0,7421,144431,11020.7,3356352372
33165,5.9329,200000,23870,1089567,810003,38,2994,1454,761.6,4423488,0.999,36536,57399.8,35652500.0,7435,131579,9595.45,3357386605
33185,6.2348,200000,23951,1090047,811132,38,2997,1451,825.1,4425533,0.999,36417,59521,37711600.0,7457,143191,10498.1,3359372729
33195,5.3731,200000,23981,1090305,811647,38,2995,1451,812.3,4426448,0.999,36332,65294.8,42019700.0,7475,153853,11392.8,3360345822
33205,6.6063,200000,23935,1090549,812166,38,2997,1453,753.3,4427355,0.9991,36451,67323.4,44518500.0,7479,143318,10979.8,3361433505
33215,6.0064,200000,23980,1090795,812690,38,2997,1452,754.1,4428415,0.999,36325,64013.4,38826500.0,7481,159332,11223.3,3362350090
33225,6.7855,200000,23881,1091019,813353,38,2999,1452,774.7,4429664,0.999,36308,57248.9,34738100.0,7498,110603,9382.52,3363329175
33235,7.4128,200000,23890,1091283,814011,38,3000,1447,799.7,4430751,0.9991,36304,56375.9,37305300.0,7525,136459,10567.9,3364480105
33255,5.2997,200000,23935,1091805,815133,38,3003,1450,866.9,4432652,0.999,36325,64649.1,43713600.0,7550,160486,10753.7,3366375626
33265,6.5878,200000,23972,1092055,815685,38,3004,1450,804.0,4433688,0.999,36407,63429.6,39424100.0,7540,110177,10495,3367408523
33275,5.9877,200000,23973,1092292,816273,38,3002,1452,800.2,4434690,0.999,36235,59514.1,36382400.0,7540,97984,9325.62,3368368478
33285,6.5041,200000,24003,1092517,816862,38,3005,1452,808.0,4435693,0.999,36178,60587.4,40157300.0,7535,120440,10893.4,3369339688
33305,6.9196,200000,23923,1093012,818140,38,3004,1454,886.0,4437752,0.9991,36268,64849.7,43170100.0,7544,129398,10398,3371488040
33315,6.8836,200000,23888,1093263,818776,38,3006,1450,888.4,4438705,0.9991,36230,59084.9,37462100.0,7550,153244,10193.7,3372493010
33325,6.3448,200000,23811,1093500,819464,38,3008,1448,835.2,4439765,0.9991,36249,59854.6,38598500.0,7552,149385,10832,3373506628
33345,6.1895,200000,23754,1093987,820625,38,3008,1446,889.1,4441786,0.9991,36279,58812.3,38017200.0,7549,135362,10329.1,3375522444
33355,7.2491,200000,23743,1094249,821230,38,3005,1450,827.3,4442768,0.9991,36322,60681.5,39091800.0,7567,154339,10653.3,3376497921
33365,6.4645,200000,23755,1094496,821805,38,3004,1444,826.0,4443786,0.9991,36138,61921.6,37705800.0,7567,142195,9490.07,3377476904
33385,7.5724,200000,23779,1095000,822988,39,3005,1444,883.4,4445793,0.9991,36319,58039.9,37120600.0,7608,114867,8950.01,3379514809
33395,6.7451,200000,23715,1095248,823650,39,3000,1448,846.3,4446720,0.999,36401,59750.3,38536200.0,7495,167158,10095.7,3380477614
33405,7.9565,200000,23768,1095493,824229,39,2998,1447,835.5,4447734,0.9991,36147,56568.3,33708900.0,7518,124190,9095.39,3381507812
33415,6.1581,200000,23717,1095702,824826,39,3002,1444,839.1,4448883,0.999,36167,58916.7,38672500.0,7474,146729,9865.75,3382489096
33435,6.6086,199982,23747,1096195,826019,39,3004,1441,897.7,4450870,0.999,36275,60007.4,42335600.0,7494,142432,10769.5,3384465304
33445,6.6998,199980,23768,1096459,826555,39,3007,1433,805.1,4451764,0.9991,36436,58121,37092700.0,7651,125214,10357.5,3385539208
33456,6.7683,199978,23761,1096719,827118,39,3007,1435,833.6,4452955,0.9991,36170,61770.4,38216000.0,7498,112234,10143.3,3386560528
33476,6.7421,199979,23601,1097221,828323,39,3011,1428,884.8,4454758,0.9991,36256,59446.2,39866000.0,7633,115193,9831.56,3388529465
33486,6.1333,199972,23641,1097467,828872,39,3010,1434,831.4,4455795,0.9991,36264,61458.8,39618700.0,7522,116193,10764.5,3389574657
33495,6.2458,199982,23678,1097684,829421,39,3011,1437,795.1,4456838,0.999,36091,58884.8,36320700.0,7637,117299,10564.4,3390503944
33516,6.5967,199951,23641,1098204,830503,39,3014,1428,854.8,4458937,0.9991,36085,60913.7,40526600.0,7626,129780,9718.58,3392568552
33527,5.9929,199942,23672,1098463,831043,39,3011,1433,787.8,4459977,0.999,36155,59993.4,36749600.0,7619,110318,9707.71,3393477327
33547,7.1053,199955,23700,1098943,832233,39,3009,1437,862.7,4461814,0.9991,36256,63256.2,43194700.0,7624,144196,9970.26,3395595431
33557,6.4335,199952,23600,1099179,832900,39,3012,1432,873.1,4462893,0.9991,35860,56397.1,35392100.0,7596,121689,10065.4,3396606971
33567,6.3374,199939,23717,1099432,833417,39,3016,1429,804.9,4463807,0.9991,36057,64373.4,43132400.0,7578,144030,10709.6,3397561865
33587,6.0886,199922,23578,1099937,834647,39,3014,1436,879.8,4465913,0.999,36178,62844.8,40069800.0,7589,102194,9738.99,3399545755
33598,6.4588,199929,23576,1100180,835255,39,3011,1434,896.5,4466898,0.999,35875,59471.1,37438200.0,7461,119264,10130.6,3400554578
33608,6.6424,199935,23542,1100425,835877,39,3014,1430,864.8,4467865,0.9991,35912,54803.3,33481200.0,7589,175328,10339,3401563862
33618,5.7992,199926,23518,1100670,836463,39,3015,1426,804.9,4468869,0.9991,36046,58688.8,38791600.0,7584,127161,10205.2,3402593466
33639,6.7,199905,23544,1101142,837686,39,3017,1424,894.2,4471145,0.9991,36372,61150.5,39512100.0,7429,141737,10306.7,3404642665
33648,7.9336,199921,23536,1101365,838263,39,3019,1418,878.7,4472159,0.999,36178,62038.5,38246400.0,7429,143718,10480.1,3405504899
33658,7.1949,199917,23453,1101590,838870,39,3020,1416,874.0,4473144,0.999,36054,61777.2,40014800.0,7413,144978,10714.6,3406566843
33669,5.918,199901,23450,1101864,839436,39,3019,1415,811.3,4474008,0.9991,36481,61019.6,41225800.0,7399,166020,10570.8,3407626177
33678,5.9444,199934,23435,1102075,840040,39,3020,1415,820.5,4475151,0.999,36316,54300,32760100.0,7392,110216,9608.52,3408439278
33700,5.6586,199894,23549,1102540,841160,40,3021,1415,880.3,4476888,0.9991,36520,57458.5,36933900.0,7309,111248,9038.86,3410657551
33709,6.6493,199901,23533,1102755,841853,40,3029,1412,886.2,4478102,0.999,36422,57531.1,35606400.0,7294,140764,10423.7,3411524268
33720,5.2393,200000,23633,1103007,842685,40,3030,1408,869.4,4479338,0.9991,36484,58979.4,38015800.0,7305,129342,9707.45,3412606843
33740,6.9775,199892,23576,1103439,843690,40,3027,1412,879.0,4481194,0.999,36403,55049.9,35259200.0,7276,174140,11424.6,3414423106
33750,6.1635,200000,23622,1103689,844431,40,3025,1413,857.7,4482360,0.9991,36453,64469,41989800.0,7230,127628,10104.7,3415671455
33759,6.1762,199901,23530,1103904,844764,41,3023,1412,778.8,4483140,0.9991,36407,59872.9,33835800.0,7227,117019,9147.28,3416678175
33780,6.4577,199893,23679,1104379,845834,41,3026,1404,827.8,4484930,0.9991,36289,58031.5,37003300.0,7206,113306,9047.23,3418667617
33790,6.1214,200000,23656,1104581,846785,41,3026,1406,848.3,4486837,0.9991,36345,58300,38558500.0,7135,168004,10977.2,3419689767
33800,6.209,199866,23694,1104831,847044,41,3028,1402,755.4,4487215,0.9991,36098,63093.8,37883800.0,7128,124356,10079.6,3420683624
33820,6.9849,200000,23706,1105304,848481,41,3025,1403,880.0,4489750,0.9991,36260,62531.6,38977000.0,7129,105441,9772.4,3422678120
33830,5.9732,200000,23759,1105532,849068,41,3021,1403,865.4,4490915,0.9991,36230,55705.5,35968400.0,7118,154879,9991.36,3423697120
33840,5.8612,200000,23651,1105796,849779,41,3021,1405,750.1,4491948,0.999,36210,56692.8,38031600.0,7121,182078,10010.3,3424755590
33850,5.4835,200000,23611,1106037,850469,42,3020,1400,786.9,4493006,0.9991,36335,54191.4,34041600.0,7130,142635,9729.72,3425844689
33870,7.0277,200000,23751,1106529,851578,42,3021,1403,848.1,4494929,0.999,36446,64123.8,40347600.0,7146,163110,11110.6,3427702551
33880,6.3402,200000,23865,1106772,852057,42,3024,1397,818.9,4495883,0.9991,36259,71116.4,44459500.0,7132,163240,10665.5,3428827190
33890,5.7257,200000,23881,1107033,852633,42,3025,1397,768.1,4496895,0.9991,36327,58722.7,38167900.0,7152,123058,10179.2,3429833731
33910,6.7146,200000,23948,1107525,853777,42,3021,1400,839.2,4498610,0.9991,36279,64673.3,42840600.0,7165,150718,9521.83,3431843365
33920,7.6084,200000,23962,1107767,854405,42,3018,1408,838.0,4499733,0.9991,36161,59197.6,36183100.0,7171,141524,9847.22,3432847273
33930,5.4834,200000,23883,1108012,855052,42,3016,1411,838.1,4500836,0.9991,36006,55306.5,36473700.0,7195,129801,9732.7,3433887859
33940,5.9112,200000,23866,1108243,855760,42,3016,1410,802.5,4501875,0.999,36024,52055.1,33995700.0,7196,111213,10115.6,3434753852
33960,6.7446,200000,23825,1108720,856969,42,3014,1411,868.6,4503840,0.999,36028,65399.1,42882200.0,7196,136990,11151.9,3436755747
33970,5.9675,200000,23962,1108957,857437,42,3017,1405,791.8,4504803,0.9991,36086,68344.9,44796200.0,7192,155717,10606.8,3437903884
33980,6.3066,200000,24007,1109184,857907,43,3014,1409,774.4,4505446,0.9991,36040,61674.2,38033100.0,7175,136079,9801.92,3438866146
34000,5.2767,200000,23903,1109663,859231,43,3013,1410,858.1,4507780,0.9991,36082,59682.1,38389700.0,7229,131364,9659.72,3440834391
34010,5.7917,200000,23941,1109883,859890,43,3012,1411,865.5,4508552,0.9991,35952,58488.3,35616300.0,7227,123090,10046.5,3441891505
34020,7.0567,200000,23811,1110135,860542,42,3012,1414,812.5,4509652,0.9991,35942,57107,36633900.0,7231,128650,9725.06,3442848449
34040,5.9757,200000,23911,1110622,861774,42,3008,1418,877.2,4511449,0.999,36089,54129.5,36404400.0,7291,122457,9549.41,3444821735
34050,5.8175,200000,23938,1110877,862311,42,3009,1421,850.8,4512660,0.999,36009,59344.3,37049400.0,7307,104869,10839.3,3445825176
34060,5.7524,200000,23866,1111096,862928,42,3007,1428,797.8,4513631,0.9991,36079,61808,41767000.0,7291,196291,10579.1,3446864368
34070,6.5645,200000,23868,1111334,863474,42,3006,1431,798.5,4514519,0.9991,35836,62074.1,39277300.0,7289,137858,10316.8,3447885617
34080,5.2733,200000,23911,1111564,864036,42,3007,1431,795.1,4515541,0.9991,35822,62510.5,40103200.0,7292,155845,10368.8,3448918145
34100,7.2016,200000,23831,1112032,865267,43,3010,1424,864.0,4517487,0.9991,35907,62815.2,40668100.0,7335,121761,10554,3450842948
34110,6.2661,200000,23781,1112256,865940,43,3012,1419,815.8,4518562,0.9991,35925,59194.1,37091300.0,7311,96918,10111.8,3451857428
34130,6.5103,200000,23849,1112702,866988,43,3010,1420,860.0,4520371,0.9991,35905,60117.3,36996500.0,7289,118992,9408.52,3453873539
34140,6.8256,200000,23825,1112957,867571,43,3007,1424,850.8,4521378,0.9991,35700,60450.5,37895300.0,7298,157714,10138.1,3454970364
34150,5.6922,200000,23656,1113192,868291,43,3004,1424,812.3,4522568,0.9991,35896,61970.3,40235300.0,7271,167319,10378.1,3455968112
34160,5.3417,200000,23718,1113423,868886,43,3005,1423,821.9,4523405,0.9991,35800,53808.2,33906800.0,7262,126783,9264.08,3456935307
34180,6.092,200000,23842,1113919,870054,43,3006,1424,876.6,4525251,0.9991,35690,54730,33985300.0,7276,110343,9679.48,3458899458
34190,6.5037,200000,23864,1114161,870604,43,3005,1425,794.9,4526121,0.9991,35849,64302.6,40106900.0,7389,155965,11396.2,3459929837
34200,5.4878,199992,23858,1114378,871204,43,3004,1428,806.9,4527106,0.9991,35723,60885.9,37780800.0,7345,119691,10344.1,3460926964
34220,6.6864,199977,23878,1114847,872384,43,3000,1428,876.1,4529103,0.9991,35880,59450.4,39224800.0,7322,123716,9752.83,3462983701
34230,6.9406,199977,23851,1115065,873031,43,3001,1425,836.3,4530209,0.9991,35891,58276.2,36148500.0,7179,123817,9420.02,3463952627
34251,5.7945,199981,23869,1115581,874327,43,3002,1428,907.5,4532416,0.9991,35894,54600.6,34647900.0,7195,136560,9755.97,3465981858
34261,7.14,199962,23755,1115827,875010,43,3000,1427,851.5,4533480,0.9991,35830,61814.1,39443700.0,7206,140631,11559.4,3467011575
34281,6.5061,199954,23912,1116317,876049,43,2998,1431,879.0,4535307,0.9991,35896,63455.3,39047100.0,7218,178542,9862.2,3468973308
34292,6.431,199956,23810,1116573,876697,43,2997,1427,815.1,4536412,0.9991,35969,58950.6,36836500.0,7228,136168,10146.9,3470019863
34312,5.0976,199959,23703,1117036,878123,43,2997,1426,918.7,4538331,0.9991,35699,56581.6,39435500.0,7231,117985,10349.7,3471988885
34322,6.5279,199951,23834,1117279,878654,43,3001,1417,844.4,4539393,0.9991,35646,57675.1,40505500.0,7227,141522,11341.7,3473018360
34331,6.6715,199945,23853,1117505,879147,43,2998,1425,818.9,4540174,0.9991,35517,65722.9,42555700.0,7226,123797,10532.1,3473932367
34341,5.7596,199970,23840,1117731,879721,43,3002,1424,795.7,4540872,0.9991,35604,61151.4,38770900.0,7345,135991,9314.62,3475042731
34362,7.2846,199936,23958,1118236,880882,43,2999,1428,876.5,4542883,0.9991,35760,61692.4,41810600.0,7209,159359,10505.9,3476952322
34372,5.4432,199947,23832,1118471,881592,43,2998,1429,829.5,4544244,0.9991,35659,58743.8,37069300.0,7211,131259,10461.4,3477941203
34393,6.5592,199888,23975,1118998,882654,43,3003,1428,853.6,4545885,0.9991,35651,60607.3,39394200.0,7347,139315,10522.6,3480073572
34403,4.7408,199929,23953,1119224,883289,43,3006,1424,847.0,4546842,0.9991,35497,57437.7,37134300.0,7365,126924,10506.8,3480970247
34413,5.403,199911,24096,1119463,883741,43,3007,1426,776.3,4547821,0.9991,35688,57628.8,41399900.0,7342,115703,10664.7,3482037114
34423,6.6635,199929,24187,1119669,884222,43,3004,1420,757.8,4548616,0.9991,35650,61075.2,39798600.0,7342,110262,9738.78,3483051603
34444,5.6074,199882,24215,1120158,885373,43,3002,1426,821.4,4550808,0.9991,35605,62545.7,43522300.0,7338,139765,9216.76,3485086249
34455,7.908,200000,24353,1120413,886133,43,3002,1430,808.3,4552270,0.9991,35691,61084.7,40669800.0,7339,165350,12708.2,3486087938
34463,6.7189,199940,24173,1120579,886548,43,3003,1429,753.5,4552812,0.9991,35498,54855.1,35057500.0,7327,107173,8671.29,3487036365
34473,6.663,199922,24052,1120807,887366,43,3004,1421,811.1,4553904,0.9991,35635,50246.1,32053600.0,7325,139718,10555.1,3487993388
34495,6.1125,199871,24354,1121332,888372,43,3003,1425,862.4,4555760,0.9991,35743,57358.4,38360300.0,7284,129841,10328.1,3490065452
34505,5.7931,199883,24276,1121579,888923,43,2999,1429,845.8,4556802,0.9991,35686,63174.9,40285800.0,7301,129743,10405,3491067545
34515,5.1824,200000,24360,1121815,889796,43,3001,1430,837.1,4558156,0.9991,35720,57430.9,39158100.0,7321,186440,10794.4,3492061540
34523,6.9063,199900,24371,1122013,890061,43,3002,1429,745.5,4558526,0.999,35450,60071.3,40994000.0,7323,176421,10239.4,3492966385
34545,5.5852,199875,24411,1122533,891269,43,3005,1429,808.9,4560341,0.9991,35640,59794.1,39509700.0,7445,136676,9807.49,3495121649
34555,6.2629,200000,24332,1122752,892290,43,2999,1436,844.7,4562182,0.9991,35637,57513.5,36399300.0,7337,134117,8792.25,3496108937
34563,6.7389,199924,24358,1122947,892586,43,3002,1441,759.9,4562524,0.9991,35379,62030,40209400.0,7309,167764,11732.5,3497146407
34585,7.3698,199951,24722,1123454,893688,43,3003,1443,812.2,4564283,0.9991,35499,56743.6,40656400.0,7489,172040,9998.25,3499012199
34595,5.8771,200000,24468,1123698,894539,43,2997,1447,816.4,4565818,0.9991,35420,59221.7,39702200.0,7404,141253,10560.5,3500099435
34615,7.0952,200000,24330,1124167,895829,43,2996,1450,887.7,4567717,0.9991,35425,55503.4,36026500.0,7419,128421,8871.79,3502219632
34625,5.962,200000,24371,1124395,896504,43,2999,1444,833.9,4568635,0.9991,35465,54599.9,35463400.0,7400,124358,9599.63,3503084314
34634,6.2157,199902,24416,1124614,896805,43,2998,1445,723.5,4569129,0.9991,35388,55595.4,32597100.0,7405,165094,10590.7,3504108861
34655,5.6115,200000,24388,1125118,898242,43,2997,1448,853.2,4571671,0.9991,35303,58928.9,38653900.0,7400,150994,10123.6,3506291364
34665,6.9646,200000,24375,1125334,898881,43,2996,1448,853.3,4572623,0.999,35042,55644.5,34996300.0,7405,121877,9599.8,3507120285
34675,5.9253,200000,24459,1125556,899441,43,2995,1451,797.7,4573653,0.9991,35129,58143.9,38943500.0,7366,159054,9654.56,3508277639
34685,6.1342,200000,24367,1125799,900092,43,2991,1460,817.6,4574593,0.9991,35205,56515.2,35526400.0,7367,119140,8893.78,3509301048
34695,6.8807,200000,24442,1126059,900597,43,2993,1465,800.0,4575675,0.9991,35215,57670.7,36649300.0,7386,133338,9937.6,3510244128
34705,7.0466,200000,24438,1126284,901169,43,2993,1461,809.1,4576694,0.9991,35283,57851.2,37923100.0,7373,139386,10404.7,3511303610
34725,6.6681,200000,24524,1126749,902279,43,2997,1455,855.2,4578604,0.9991,35311,54508.5,34754600.0,7375,116992,9456.03,3513292798
34735,6.7733,200000,24561,1126987,902857,43,2999,1453,819.3,4579617,0.9991,35255,55478.5,34654500.0,7389,123865,9862.2,3514218338
34745,6.3197,200000,24656,1127230,903367,44,2998,1450,767.2,4580543,0.9991,35330,57091.2,46767700.0,7408,135371,11631.3,3515340965
34765,5.4224,200000,24670,1127686,904438,44,2996,1449,746.7,4582178,0.9991,34963,51272.4,38145600.0,7503,162667,11281.6,3517301858
34775,6.792,199985,24854,1127888,904859,44,2994,1446,725.6,4583187,0.999,34841,56865,55334000.0,7475,143846,15607.5,3518328561
34797,7.3333,199947,25190,1128406,905651,44,2990,1450,733.7,4584148,0.9991,34949,47306.2,47914300.0,7735,159889,8443.29,3520524782
34808,6.4373,199925,25186,1128657,906365,44,2986,1456,721.4,4585504,0.9991,34877,46045.5,31939400.0,7637,97397,8212.11,3521516525
34826,6.8737,199973,25186,1129052,907508,45,2986,1460,791.2,4587382,0.999,34867,57842.8,41242800.0,7572,128652,9116.52,3523346459
34838,5.8509,199942,25274,1129297,908055,45,2987,1463,739.6,4588105,0.9991,34803,48837.6,40860500.0,7660,214545,10500.1,3524413474
34848,4.8084,199903,25247,1129541,908645,45,2985,1468,779.2,4589270,0.9991,34615,56737.6,37057300.0,7532,135730,9892.28,3525553328
34859,5.7845,199903,25143,1129773,909326,45,2984,1464,809.3,4590496,0.9991,34451,53221.9,32462400.0,7497,157067,9205.07,3526518893
34879,6.2167,199897,25158,1130260,910591,45,2990,1463,874.2,4592409,0.9991,34631,58069.1,36469200.0,7525,103456,8741.21,3528487260
34889,6.5924,199940,25108,1130446,911337,45,2988,1466,835.8,4593415,0.9991,34613,53439.6,33373500.0,7515,140648,9122.11,3529491815
34899,5.5804,199878,25073,1130688,911978,45,2988,1465,849.3,4594518,0.9991,34557,57408.1,34537200.0,7448,105865,9513.68,3530551362
34917,5.8938,199931,25075,1131110,913180,45,2990,1462,893.2,4596503,0.9991,34763,56198.6,34972700.0,7363,167626,10419,3532587909
34928,6.7118,199918,25170,1131352,913695,45,2991,1464,861.3,4597573,0.9991,34554,61249.8,45519800.0,7339,144194,10416.3,3533468136
34940,7.3702,199898,25348,1131599,914135,45,2992,1463,777.1,4598409,0.9991,34507,65710.5,55336200.0,7439,264228,17024.9,3534559019
34949,6.3342,199901,25221,1131789,914712,45,2992,1462,755.8,4598944,0.9991,34397,54298.1,39630800.0,7532,144793,9616.04,3535440247
34958,7.7539,199933,25251,1131991,915387,45,2995,1456,810.7,4599862,0.9991,34341,54385.8,35620700.0,7408,157990,9021.96,3536450052
34980,5.838,199891,25288,1132511,916541,45,2992,1459,846.1,4601890,0.9991,34525,53954.2,39053200.0,7548,132388,10483.6,3538545328
34990,6.4807,199872,25471,1132751,917000,45,2994,1456,820.7,4602858,0.9991,34445,56897.3,39576800.0,7505,115784,9491.07,3539578999
35000,6.649,200000,25378,1132998,917936,45,2997,1457,834.4,4604311,0.9991,34619,52436.1,36455700.0,7562,165495,9882.67,3540565646
35020,7.3671,200000,25309,1133487,919172,45,3000,1457,891.4,4606420,0.9991,34581,56625,34435300.0,7562,159952,9671.02,3542577283
35030,6.5714,200000,25499,1133721,919581,45,2997,1463,803.5,4607286,0.9991,34646,63731.9,42806900.0,7543,181177,10317.7,3543708618
35040,7.8769,200000,25502,1133972,920179,45,2998,1463,814.3,4608280,0.9991,34378,57516.1,38657100.0,7543,133834,10018.4,3544723447
35050,7.2618,200000,25359,1134196,920937,45,2999,1462,833.9,4609433,0.9991,34346,52126.8,33331800.0,7557,99866,9586.6,3545623110
35060,5.338,200000,25587,1134411,921262,45,3001,1460,748.6,4610066,0.9991,34525,60270.1,46231600.0,7536,121553,11008.2,3546676890
35070,8.0275,200000,25596,1134622,921824,45,3001,1463,751.7,4611094,0.9991,34252,59351.8,35657100.0,7530,92253,9285.8,3547681861
35080,6.5908,200000,25539,1134852,922415,45,2999,1462,767.3,4612093,0.9991,34103,57970.1,36613200.0,7518,132312,9944.21,3548759463
35100,5.8253,200000,25533,1135300,923615,44,3001,1465,851.3,4614394,0.9991,34183,58758.6,36742600.0,7509,112606,9148.26,3550738750
35110,7.3561,200000,25541,1135511,924137,44,3000,1468,819.9,4615461,0.9991,34179,57432.3,34188300.0,7510,115020,9189.16,3551656227
35120,5.7882,200000,25389,1135746,924882,44,2998,1469,854.4,4616619,0.9991,34299,55223.4,34853000.0,7518,142823,10165.2,3552790956
35130,5.6581,200000,25215,1135984,925604,44,2993,1469,810.8,4617494,0.9991,34527,53370,34089800.0,7515,138108,8193.66,3553780845
35150,6.3863,200000,25328,1136423,926861,44,2995,1464,902.3,4619893,0.9991,34663,57709.8,37206000.0,7389,105224,10123,3555711640
35160,6.6414,200000,25357,1136667,927416,44,2995,1473,867.8,4620927,0.9991,34463,59390.1,36017300.0,7428,125508,10166.7,3556703396
35170,7.1735,200000,25122,1136889,928207,44,2997,1473,830.7,4622043,0.9991,34602,54723.7,36770500.0,7424,174217,10653.3,3557623597
35190,6.6316,200000,25228,1137346,929211,44,2994,1474,857.4,4623904,0.9991,34706,63503,44277000.0,7437,143285,10808.2,3559776508
35200,6.88,200000,25191,1137568,929841,44,2993,1472,865.6,4624707,0.9991,34554,57056,40523800.0,7411,124343,10396.1,3560773938
35210,6.1724,200000,25265,1137781,930451,44,2990,1475,790.0,4625370,0.9991,34556,53173.6,36760900.0,7503,121542,11806.3,3561764900
35220,6.162,200000,25232,1138002,931061,44,2993,1474,792.5,4626353,0.9991,34587,52227.9,36523500.0,7529,153795,9502.03,3562741587
35230,7.4201,200000,25244,1138226,931646,44,2994,1479,806.2,4627362,0.9991,34606,61150.4,45174000.0,7407,151541,11179.1,3563817973
35250,6.8476,200000,25261,1138674,932831,44,2994,1483,916.9,4629359,0.999,34474,53739.1,45851500.0,7503,160956,13158.6,3565721509
35260,5.6871,199983,25480,1138931,933109,44,2998,1477,814.5,4629879,0.9991,34487,54949.4,50020900.0,7535,192042,10020.8,3566872967
35271,7.0748,199972,25505,1139156,933696,44,2998,1473,801.9,4631047,0.9991,34515,55060.5,41260700.0,7536,122228,11465.7,3567839962
35281,6.277,199986,25671,1139356,934055,44,2996,1470,707.3,4631806,0.9991,34588,55807,48783200.0,7643,153273,12635.2,3568793806
35291,6.8651,199974,25764,1139573,934635,44,2993,1471,718.3,4632501,0.9991,34534,49890.7,36740100.0,7623,137662,9380.16,3569802214
35301,5.7574,199979,25764,1139802,935277,44,2994,1469,726.6,4633616,0.9991,34405,49514,34587200.0,7637,118137,9771.31,3570849055
35323,6.932,199907,25720,1140346,936379,44,2991,1471,816.9,4635381,0.9991,34422,51769.7,37454000.0,7767,129756,9886.89,3572887135
35333,7.1856,199917,25620,1140606,937041,44,2990,1473,831.2,4636307,0.9991,34286,48078.7,30997000.0,7785,213782,9059.95,3573962207
35343,6.3491,199935,25752,1140800,937506,44,2989,1477,813.6,4637275,0.9991,34342,62112.2,43650500.0,7737,137998,10458.8,3574939525
35353,6.3588,199929,25846,1141027,937981,44,2992,1475,747.1,4638235,0.9991,34449,58756.3,38588800.0,7708,112666,9678.78,3575957841
35362,6.9218,199918,25911,1141236,938568,44,2997,1471,762.5,4639241,0.9991,34352,57912,34633600.0,7693,118482,9472.43,3576963565
35371,6.6292,199969,25890,1141428,939180,44,2994,1477,780.3,4640222,0.9991,34192,59488.2,36200300.0,7689,94540,10446.8,3577790036
35382,6.2396,199945,25926,1141694,939699,44,3002,1471,775.3,4640975,0.9991,34106,62542.8,40688700.0,7684,120411,9757.95,3578898335
35404,6.9556,199901,25990,1142197,940834,44,3006,1472,837.5,4643344,0.9991,34350,56280.9,35448000.0,7687,107407,8701.16,3581002516
35414,6.1997,199894,25892,1142427,941542,44,3006,1471,790.4,4644384,0.9991,34443,56231.4,35022100.0,7719,129023,10106.5,3581982619
35424,7.7058,199883,25855,1142646,942128,44,3004,1472,794.4,4645389,0.9991,34285,63170.6,38597900.0,7696,127681,10638.6,3582937058
35444,6.319,199897,25950,1143074,943312,44,3002,1472,862.3,4647399,0.9991,34399,56528.7,38545200.0,7680,173124,10088.5,3584960013
35454,7.022,199898,25871,1143329,943945,44,3005,1468,821.0,4648671,0.9991,34357,57473.4,36592200.0,7600,148410,10015.6,3585877900
35463,6.6322,199922,25927,1143545,944503,44,3009,1458,791.8,4649541,0.9991,34264,61179.3,36397000.0,7721,156518,10245.4,3586924441
35485,6.3532,200000,25937,1144065,946160,44,3016,1450,959.6,4651860,0.9991,34263,55787,34441900.0,7642,132097,8557.89,3589071913
35495,6.619,200000,25936,1144281,946749,44,3016,1453,927.8,4652858,0.9991,34189,63073.9,40032900.0,7614,129613,10722.3,3590104759
35505,6.4221,200000,25932,1144505,947366,44,3016,1457,856.0,4654153,0.9991,34280,57960.2,36474500.0,7616,114757,9291.77,3591077261
35515,6.2514,200000,25896,1144724,948011,45,3015,1455,849.3,4655258,0.9991,34104,59234.6,38572000.0,7601,141223,10479.5,3592089592
35525,6.9822,200000,25910,1144925,948598,45,3016,1456,794.3,4656259,0.9991,34315,57257.1,37840600.0,7579,149474,9765.77,3593094959
35545,7.1159,200000,25841,1145376,949985,45,3018,1456,874.3,4658217,0.9991,34377,50316.5,31448200.0,7595,110365,8674.7,3595108921
35555,5.8354,200000,25780,1145619,950670,45,3021,1453,840.3,4659279,0.9991,34251,55828.1,37126600.0,7513,187286,9714.94,3596203594
35575,5.9651,200000,25817,1146078,951842,45,3026,1446,871.5,4661291,0.9991,34431,61449.3,39407800.0,7641,155784,9160.51,3598187370
35585,7.732,200000,25786,1146313,952521,45,3028,1447,905.1,4662832,0.9991,34219,58854.4,37314200.0,7514,123804,9788.23,3599119736
35595,7.7733,200000,25776,1146571,952971,45,3028,1446,818.3,4663495,0.9991,34296,64051.9,43834600.0,7535,132535,11663.7,3600234470
35615,6.4972,200000,25790,1146991,954117,45,3030,1446,864.7,4665521,0.9991,34250,58603.7,36778800.0,7553,110638,9103.38,3602183766
35625,6.906,200000,25726,1147216,954859,46,3031,1446,829.1,4666684,0.9991,34317,54380.8,34734200.0,7547,112411,9332.86,3603241827
35635,6.1567,200000,25828,1147450,955387,46,3029,1451,810.7,4667428,0.9991,34060,61039.1,37014100.0,7553,120038,9889.51,3604226646
35655,7.2341,200000,25914,1147912,956452,46,3030,1448,857.8,4669385,0.9991,34306,61522,39824400.0,7497,130226,8994.73,3606248423
35665,6.0782,200000,25871,1148134,957174,46,3032,1445,818.0,4670574,0.9991,34281,57949.6,36499400.0,7494,161914,10263.3,3607255594
35685,6.1045,200000,25959,1148529,958280,46,3030,1449,860.6,4672487,0.9991,34226,58117.2,36153200.0,7458,129372,9492.54,3609274667
35695,5.2214,200000,25943,1148741,958888,46,3032,1448,857.0,4673631,0.9991,34101,59214.8,36470900.0,7429,176991,9970.63,3610242329
35705,6.842,200000,25967,1148965,959503,46,3032,1450,801.6,4674769,0.9991,34277,59289.8,38103200.0,7423,117837,10004.4,3611208817
35725,6.3167,200000,25938,1149419,960689,46,3028,1457,851.8,4676598,0.9991,34282,58318.8,37354500.0,7445,128093,9293.16,3613200658
35735,5.2992,200000,25892,1149637,961353,46,3032,1459,811.6,4677681,0.9991,34197,55938.5,34518600.0,7418,136615,9788.38,3614188564
35755,6.0488,200000,25958,1150092,962475,46,3036,1451,850.3,4679425,0.9991,34227,62109.9,39138000.0,7425,107626,9978.32,3616199294
35765,6.3561,200000,25738,1150314,963233,46,3035,1454,873.2,4680726,0.9991,34057,56205.9,34066800.0,7444,135231,9778.25,3617299825
35775,6.994,200000,25819,1150535,963804,46,3037,1446,804.9,4681748,0.9991,34168,64957.8,42539100.0,7438,172888,11151.6,3618315874
35795,7.0537,200000,25830,1150971,964884,46,3037,1446,862.3,4683693,0.9991,34187,64541.1,42214700.0,7378,167456,9024.03,3620308758
35805,6.8836,200000,25713,1151163,965681,46,3043,1440,897.4,4684647,0.9991,34040,53855.1,33083700.0,7330,113547,10175.2,3621323661
35815,6.957,200000,25798,1151387,966204,46,3044,1440,823.1,4685557,0.9991,34230,64284.1,41534800.0,7322,132291,10304.8,3622241979
35825,6.5455,200000,25853,1151582,966763,46,3045,1440,811.9,4686427,0.9991,34057,63646.4,39564800.0,7301,144124,10146.9,3623256555
35835,6.5493,200000,25812,1151825,967420,46,3044,1442,823.4,4687523,0.9991,34064,56331.8,35629300.0,7320,126843,9785,3624279020
35855,6.2063,200000,25818,1152262,968614,46,3040,1447,874.9,4689357,0.9991,34353,58373.9,38878700.0,7337,152907,9807.79,3626251849
35865,7.7126,200000,25757,1152480,969286,46,3040,1447,826.1,4690433,0.9991,34380,57341.3,35795600.0,7309,109769,9658.17,3627256180
35885,6.7463,199979,25747,1152927,970589,46,3042,1445,903.3,4692319,0.9991,34555,57632.2,36371000.0,7308,118421,9592.45,3629182588
35895,7.211,199980,25788,1153152,971131,46,3043,1445,864.8,4693211,0.9991,34396,61668.9,38266100.0,7289,111775,9396.17,3630325644
35905,6.2546,199986,25805,1153368,971708,46,3042,1448,789.4,4693903,0.9991,34376,57699.7,41662100.0,7396,130540,10864.3,3631315412
35926,6.7705,199977,25888,1153850,972835,46,3038,1452,841.4,4695959,0.9991,34339,61245.8,38804200.0,7386,128248,9080.86,3633339278
35936,5.5171,199956,25801,1154057,973461,46,3037,1453,849.0,4696918,0.9991,34145,56887.4,35544900.0,7356,125790,11197.8,3634371762
35946,6.3026,199963,25812,1154262,973997,46,3039,1454,829.0,4697970,0.9991,34046,61001.2,42467000.0,7347,125743,10183.3,3635330590
35956,6.705,199977,25713,1154467,974694,46,3036,1461,826.8,4698866,0.9991,34156,54318.8,34683500.0,7354,149842,10068.7,3636377184
35966,6.233,199974,25758,1154696,975313,46,3038,1461,828.2,4699842,0.9991,34243,55056.1,43381700.0,7345,186796,12996.1,3637363019
35976,6.4223,199975,25897,1154912,975709,46,3034,1462,748.2,4700722,0.9991,34407,61032.4,53028900.0,7348,151822,11422.3,3638333952
35997,6.3062,199928,25991,1155411,976640,46,3038,1462,783.1,4702332,0.9991,34402,57096.4,38920300.0,7435,111350,8811.37,3640410888
36007,5.9783,199957,25827,1155617,977453,46,3041,1461,772.5,4703265,0.9991,34563,52193.1,32918700.0,7448,106887,9646.42,3641365441
36027,8.0271,199943,25849,1156037,978716,46,3040,1468,852.3,4705663,0.9991,34562,57858.4,37199000.0,7348,114905,10043.6,3643396502
36037,7.12,199936,25969,1156261,979205,46,3039,1473,794.6,4706289,0.9991,34267,59409.9,37088100.0,7471,195144,10779.7,3644365136
36048,5.3897,199926,25955,1156506,979808,46,3037,1473,748.9,4707271,0.9991,34210,59772.9,42645700.0,7467,155525,10027.4,3645411630
36068,6.7996,199923,25896,1156934,981021,46,3044,1469,826.7,4709229,0.9991,34171,51306.8,35129900.0,7456,149132,8609.67,3647434344
36078,7.029,199907,25933,1157164,981627,46,3041,1467,777.4,4710216,0.9991,34098,53958.9,35631000.0,7459,128896,9679.04,3648388297
36087,6.8319,199919,25943,1157393,982170,46,3041,1462,782.6,4711261,0.9991,33938,59130.4,35819300.0,7467,90299,9618.5,3649312513
36098,6.3447,199918,25996,1157666,982755,46,3041,1461,784.2,4712268,0.9991,33918,58371.4,38227900.0,7492,150393,10650.7,3650371759
36107,4.8465,199936,25935,1157855,983405,46,3043,1463,788.1,4713212,0.9991,34074,61228.1,38440700.0,7497,151220,10284.8,3651289462
36129,6.122,199885,25954,1158344,984550,46,3039,1466,855.3,4715251,0.9991,34043,53105,38648800.0,7511,141364,10200.4,3653331479
36139,5.772,199879,26007,1158568,985070,46,3040,1462,787.1,4716321,0.9991,34020,57620.5,35444700.0,7498,131519,8712.69,3654383741
36160,7.0378,199898,26166,1158992,986385,46,3042,1457,869.0,4718193,0.9991,34023,60549.7,37810900.0,7413,145257,9007.58,3656479408
36170,7.5277,199902,26154,1159193,987049,46,3042,1451,813.1,4719441,0.9991,34281,60852.1,38137800.0,7399,112408,10139,3657310446
36190,6.8603,200000,26440,1159662,988388,47,3042,1447,891.8,4721677,0.9991,34183,60661.8,37326200.0,7516,159847,9203.44,3659502157
36200,5.6098,200000,25976,1159882,989308,47,3047,1446,885.0,4723061,0.9991,34097,54471.6,34069700.0,7402,123279,8993.3,3660502129
36210,6.0126,200000,25948,1160120,990044,47,3050,1441,908.1,4724079,0.9991,33924,56155.9,35388800.0,7412,97287,9346.68,3661535723
36220,5.6347,200000,26009,1160345,990691,47,3049,1445,839.4,4725024,0.9991,34110,52795.1,31245800.0,7418,145503,9348.94,3662430589
36240,6.0466,200000,25936,1160787,991935,47,3048,1450,918.9,4727446,0.9991,34224,61186.9,39231500.0,7314,101367,9340.74,3664594743
36250,7.3499,200000,26123,1160979,992520,47,3043,1451,847.0,4728297,0.9991,34211,58532.4,35416400.0,7254,131257,9656.69,3665647632
36260,5.0627,200000,26155,1161197,993083,47,3044,1459,831.9,4729487,0.9991,34075,64687.3,38216500.0,7266,143252,10226.4,3666607025
36280,6.2006,200000,26117,1161665,994203,47,3046,1452,877.2,4731384,0.9991,34114,68495.5,43883600.0,7312,129726,10653.2,3668586094
36290,5.4528,200000,26085,1161887,994890,47,3042,1462,877.3,4732292,0.9991,34002,57509.3,35431700.0,7337,146461,9188.47,3669686298
36300,7.4122,200000,26037,1162109,995576,47,3043,1459,884.6,4733506,0.9991,34044,54957.8,33784900.0,7333,114149,9518.19,3670643769
36310,5.485,200000,26046,1162317,996143,47,3048,1454,866.9,4734533,0.9991,34093,60935.4,36747200.0,7315,128629,10630.8,3671548837
36320,6.812,200000,26053,1162547,996664,47,3048,1450,792.6,4735596,0.9991,34278,69313.1,45507600.0,7327,123641,10828.1,3672566967
36340,5.7694,200000,26135,1162964,997805,47,3044,1459,852.8,4737480,0.9991,34212,61554.9,40429600.0,7284,166385,10009.2,3674705066
36350,5.5906,200000,26065,1163184,998567,47,3047,1454,810.6,4738466,0.9991,34138,55354.2,34161800.0,7304,165831,9886.87,3675728355
36370,7.0247,200000,26138,1163601,999621,47,3042,1461,858.4,4740276,0.9991,34185,70445.7,44451000.0,7280,100939,9489.27,3677680364
36380,6.087,200000,26099,1163810,1000268,47,3043,1466,862.9,4741376,0.9991,34091,56328.2,34789400.0,7256,122263,10046.8,3678644537
36390,6.1774,200000,26067,1164039,1000845,47,3043,1463,793.4,4742223,0.9991,34181,61725.3,37678000.0,7276,128508,9668.99,3679711791
36410,7.0219,200000,26100,1164500,1002070,48,3042,1458,863.2,4744338,0.9991,34152,59737.3,37207800.0,7291,98452,9577.81,3681549978
36420,5.8825,200000,26062,1164723,1002691,48,3043,1461,810.0,4745309,0.9991,34148,63963.5,39730100.0,7257,127812,9867.32,3682748163
36430,6.1959,200000,26036,1164955,1003288,48,3041,1465,814.1,4746305,0.9991,34029,63831.9,40165500.0,7246,145939,11156.8,3683672388
36450,7.0124,200000,26113,1165393,1004446,48,3045,1459,869.1,4748166,0.9991,34058,65468.5,42451700.0,7267,91926,10268.4,3685654928
36460,6.5652,200000,25944,1165622,1005137,48,3048,1454,880.7,4749383,0.9991,33890,57962.8,36210900.0,7258,121982,9924.03,3686633723
36470,7.223,200000,25857,1165841,1005836,48,3053,1452,825.8,4750275,0.9991,33934,54486.5,32842200.0,7251,94598,8761.15,3687770161
36490,6.2735,200000,25780,1166233,1007220,48,3052,1451,909.9,4752228,0.9991,33997,59199.5,37314500.0,7241,109659,8860.08,3689762515
36500,6.1351,200000,25955,1166458,1007725,48,3054,1449,870.5,4753154,0.9991,33798,65672.8,39816900.0,7265,133023,11769.7,3690749348
36510,5.8991,200000,25934,1166663,1008331,48,3055,1452,808.5,4754133,0.9991,33911,60244,38035400.0,7232,115155,9685.43,3691775149
36520,6.7786,200000,25749,1166873,1009083,48,3057,1453,844.3,4754972,0.9991,33800,57399.5,33527000.0,7211,110894,8946.36,3692738538
36540,6.8968,199991,25886,1167273,1010277,48,3058,1452,900.5,4756649,0.9991,34015,61604.4,40162100.0,7153,147868,10175.1,3694710405
36550,7.4043,199974,25906,1167477,1010948,47,3060,1452,840.5,4757571,0.9991,33975,56463,35198900.0,7132,126823,9444.56,3695797522
36560,6.8532,199983,25841,1167690,1011665,47,3061,1449,852.9,4758765,0.9991,33794,55264.5,31912500.0,7126,113165,8967.86,3696743848
36581,6.5775,199990,25964,1168079,1012872,47,3058,1454,911.3,4760586,0.9991,33898,62995.9,40573200.0,7090,139615,10475.4,3698772246
36591,7.3483,199973,25958,1168314,1013473,47,3056,1454,893.8,4761576,0.9991,33825,63589.3,39535200.0,7090,167505,10534.3,3699796699
36601,7.6082,199971,26043,1168499,1013994,47,3058,1457,815.7,4762491,0.9991,33969,64478.2,42082500.0,7040,149109,10231.7,3700793043
36621,5.7424,199954,25787,1168882,1015495,47,3059,1458,917.5,4764647,0.9991,33881,53145.1,32303800.0,6974,106650,8689.16,3702807440
36631,5.4171,199952,25861,1169112,1016071,48,3058,1456,852.7,4765664,0.9991,33950,58000.3,36696500.0,6879,89666,9232.77,3703804210
36642,5.8734,199958,25853,1169370,1016681,48,3060,1458,849.6,4767125,0.9991,33977,58068.5,33822600.0,6895,181454,10446.2,3704810858
36663,6.6904,199920,25892,1169817,1017919,48,3060,1455,912.8,4768912,0.9991,34146,67327.3,42272100.0,6883,123258,10297.8,3706839465
36672,6.4811,199925,25814,1169999,1018613,48,3054,1464,914.9,4769962,0.9991,34067,57919.2,35560200.0,6871,97109,9745.87,3707792805
36682,6.9994,199924,25850,1170233,1019224,48,3050,1468,893.5,4770946,0.9991,33920,58108.8,36190100.0,6902,118382,10081.9,3708840928
36693,6.5124,199941,25928,1170456,1019759,48,3049,1469,813.2,4772006,0.9991,34092,68770.6,43554200.0,6916,125444,10553,3709838005
36701,7.1937,199960,25757,1170617,1020449,48,3054,1467,833.4,4773057,0.9991,34102,56763.7,33085100.0,6892,119938,9165.07,3710787365
36723,7.1798,199906,25837,1171082,1021506,48,3055,1468,876.4,4774859,0.9991,34287,67848.3,43791600.0,6882,134940,9812.32,3712852248
36732,6.4083,199951,25821,1171280,1022116,48,3057,1465,872.9,4775676,0.9991,34182,61423,37566800.0,6860,129861,10536.6,3713762350
36742,5.8585,199936,25867,1171498,1022659,48,3054,1465,799.8,4776721,0.9991,34274,64981.2,41378000.0,6849,135451,10187.9,3714741263
36764,6.7865,199911,25859,1171970,1023881,48,3061,1463,855.9,4778524,0.9991,34301,64111,40872700.0,6926,125257,9819.33,3716864858
36774,7.8877,199890,25811,1172202,1024522,48,3060,1471,794.7,4779475,0.9991,34342,61303.5,38210100.0,6960,159317,9475.34,3717840557
36794,6.1054,199908,25873,1172631,1025659,49,3059,1473,856.8,4781516,0.9991,34398,55070.8,34855900.0,6917,140649,9918.81,3719891674
36804,7.307,199901,25756,1172865,1026413,49,3062,1474,899.8,4782675,0.9991,34065,56982.5,35440100.0,6824,152883,9116.35,3720870298
36814,6.4295,199895,25835,1173085,1027049,49,3059,1482,832.4,4783635,0.9991,34204,58383.2,35625800.0,6862,124895,9582.29,3721868388
36823,5.4143,199914,25888,1173282,1027666,49,3063,1478,827.6,4784447,0.9991,34067,62455.7,37318500.0,6868,126396,9635.3,3722794230
36845,6.2904,199893,25820,1173777,1028969,49,3065,1475,900.2,4786648,0.9991,34267,56777.2,35322400.0,6894,111990,8991.41,3724880376
36855,5.8926,199891,25639,1173988,1029728,49,3067,1471,910.0,4787626,0.9991,34194,56969.2,34585300.0,6921,124315,9126.69,3725909722
36865,6.9052,199885,25769,1174217,1030365,49,3066,1474,841.2,4788574,0.9991,34441,58560.4,35365200.0,6938,125199,9902.74,3726842617
36885,6.3703,200000,25623,1174642,1032108,49,3067,1473,993.2,4791296,0.9991,34591,58466.3,36481300.0,6863,141014,9516.08,3728928271
36895,5.8894,200000,25575,1174879,1032779,49,3067,1476,965.8,4792049,0.9991,34425,59379,37466200.0,6895,178391,9592.23,3730002953
36905,6.9352,200000,25632,1175074,1033425,49,3069,1468,889.9,4793154,0.9991,34527,58217.5,35873300.0,6888,113859,9193.43,3730942384
36915,6.4723,200000,25585,1175284,1034112,49,3070,1465,886.9,4794215,0.9991,34434,59162.2,36916000.0,6902,151304,9866.72,3731980135
36945,5.3836,200000,25416,1175963,1036254,49,3070,1470,905.0,4797316,0.9991,34627,59178.2,36399200.0,6874,130878,9008.48,3735003928
36955,5.517,200000,25335,1176179,1037005,49,3073,1471,858.1,4798632,0.9991,34580,54735.7,32978600.0,6851,97796,9101.6,3735994652
36965,5.3402,200000,25485,1176397,1037411,49,3073,1472,808.6,4799495,0.9991,34431,64285.7,37962400.0,6869,106411,10361.7,3736927682
36985,5.5611,200000,25520,1176834,1038695,49,3075,1473,857.5,4801076,0.9991,34397,55949,34813500.0,6976,124301,9640.63,3739051614
36995,6.7405,200000,25509,1177030,1039348,49,3075,1472,805.4,4802014,0.9991,34297,58747.7,36711500.0,6950,150516,10325.1,3740056918
37015,6.4935,200000,25593,1177463,1040506,49,3077,1476,858.0,4804036,0.9991,34160,61081.1,38350900.0,6969,133721,9610.93,3742087145
37025,6.8784,200000,25626,1177671,1041119,49,3079,1477,852.5,4805013,0.9991,34008,59080.5,36749000.0,6971,125775,10750.6,3743084551
37035,6.4204,200000,25677,1177881,1041686,49,3079,1472,839.4,4806030,0.9991,33932,63360.2,39969500.0,6952,112709,9550.09,3744080301
37045,6.6538,200000,25625,1178117,1042320,49,3081,1467,804.8,4807143,0.9991,34080,56722.7,36121400.0,6874,156344,9196.5,3745070406
37065,6.9254,200000,25652,1178544,1043557,49,3085,1462,867.1,4809247,0.9991,34030,58361.2,36283500.0,6870,131488,8906.94,3747042930
37075,5.7359,200000,25706,1178755,1044235,49,3085,1468,808.4,4810322,0.9991,34180,58375.5,35700300.0,6874,94369,9832.88,3748074517
37085,6.5123,200000,25646,1178979,1044869,49,3085,1472,828.6,4811273,0.9991,33995,56051.8,33018900.0,6871,96143,9361.92,3749047688
37095,6.1008,200000,25857,1179198,1045375,49,3087,1471,788.5,4811877,0.9991,34169,59458.7,39954000.0,6973,158730,11299.8,3750086808
37105,7.7419,200000,25734,1179441,1046018,49,3085,1471,826.4,4813142,0.9991,34068,59895.4,37844200.0,6902,99892,9215.25,3751075886
37125,5.7615,200000,25733,1179865,1047416,49,3085,1477,914.4,4814932,0.9991,34150,55608.8,34228800.0,6866,139342,9467.84,3753125243
37135,6.139,200000,25677,1180059,1048059,49,3087,1477,896.7,4815877,0.9991,34043,62708,39373600.0,6846,126106,10412.9,3754083296
37145,5.9686,200000,25788,1180268,1048672,49,3084,1483,834.2,4816857,0.9991,34220,59566.7,38114400.0,6813,123038,10544,3755134845
37165,6.8695,200000,25829,1180704,1049924,49,3089,1479,894.6,4818627,0.9991,34258,64422.7,40788000.0,6825,127033,9453.65,3757128119
37175,6.0634,200000,25797,1180944,1050671,49,3086,1483,907.7,4819636,0.9991,34072,56117.8,34481000.0,6842,103020,9524.77,3758068539
37185,5.9973,200000,25767,1181194,1051303,49,3087,1480,899.5,4820593,0.9991,34041,59631.9,36183100.0,6872,134979,9336.33,3759164026
37195,6.7179,200000,25772,1181388,1051960,49,3090,1476,837.7,4821527,0.9991,34200,58515.7,36373100.0,6855,135552,9314.81,3760105540
37205,6.4248,200000,25804,1181605,1052586,49,3093,1475,838.2,4822338,0.9991,34058,59223.1,34282600.0,6852,126917,10187.2,3761092859
37225,6.4791,200000,25740,1182043,1053970,49,3096,1475,915.6,4824294,0.9991,34167,57557.4,35707100.0,6861,132054,9835.78,3763114474
37235,5.497,200000,25731,1182218,1054665,50,3095,1478,854.6,4825353,0.9991,34253,61909.4,38261000.0,6833,111739,9802.29,3764090128
37245,5.7391,200000,25690,1182435,1055283,50,3094,1477,852.9,4826168,0.9991,34228,57142.5,35080100.0,6815,120818,9646.36,3765075496
37255,5.8544,200000,25677,1182668,1055996,50,3093,1479,868.6,4827207,0.9991,34261,57475.2,35481000.0,6820,108692,9662.08,3766114439
37265,6.1254,200000,25631,1182879,1056778,50,3090,1484,899.5,4828174,0.9991,34146,53092.7,33394600.0,6802,123839,8692.41,3767180480
37275,6.7092,200000,25599,1183110,1057439,50,3087,1488,894.9,4829261,0.9991,34052,56663.7,35243800.0,6816,104619,10033.5,3768151021
37295,6.6153,200000,25560,1183568,1058649,50,3089,1487,943.3,4831074,0.9991,34108,64464.7,41627100.0,6851,163194,10676.5,3770177795
37305,7.2616,200000,25423,1183772,1059386,50,3090,1485,945.6,4832077,0.9991,34175,56262,34286300.0,6837,95410,8053.66,3771121740
37315,5.9388,200000,25450,1183981,1060010,50,3091,1488,923.0,4833037,0.9991,34144,56876.2,34494800.0,6848,118888,10451.7,3772143666
37325,7.6762,200000,25459,1184226,1060641,50,3093,1487,866.3,4834157,0.9991,34132,60735.7,38489000.0,6763,118758,9221.01,3773189205
37345,6.9454,200000,25469,1184627,1061886,50,3090,1486,901.4,4835936,0.9991,34117,63272.7,41928700.0,6858,140379,10601.9,3775213100
37355,6.7368,200000,25450,1184818,1062498,50,3093,1485,834.7,4836911,0.9991,34095,65589.3,40493900.0,6828,167830,10262.4,3776188274
37365,7.2805,199999,25432,1185050,1063148,50,3095,1483,846.5,4837852,0.9991,33967,60300,36577600.0,6814,110187,9977.6,3777182407
37375,5.6919,200000,25430,1185246,1063754,50,3099,1479,840.7,4838833,0.9991,33935,60006.1,38399900.0,6795,143472,11066.9,3778230542
37396,6.2981,199985,25460,1185686,1064952,50,3098,1479,898.0,4840651,0.9991,33875,56878.4,35289700.0,6787,135121,10732.6,3780213955
37406,7.7476,199985,25400,1185902,1065637,50,3099,1476,893.9,4841555,0.9991,33602,64733.7,40660200.0,6791,171385,10115.8,3781222371
37416,6.0468,199966,25427,1186114,1066158,50,3104,1469,821.7,4842618,0.9991,33800,64649.9,41427100.0,6764,128386,10877,3782266927
37436,6.1223,199966,25290,1186546,1067570,50,3103,1467,902.1,4844382,0.9991,33891,55338.6,34089200.0,6787,99207,8902.62,3784225714
37447,5.6175,199953,25292,1186797,1068253,50,3105,1469,901.0,4845443,0.9991,33706,58327.5,35629900.0,6789,143956,10194.7,3785248261
37457,7.2241,199954,25238,1187017,1068957,50,3102,1473,907.7,4846330,0.9991,33624,59388.5,37370100.0,6800,146252,9858.96,3786198392
37467,5.7984,199956,25222,1187222,1069586,50,3104,1471,840.1,4847291,0.9991,33754,62140.5,41470200.0,6801,176683,11139.9,3787205935
37476,6.0418,199964,25230,1187415,1070233,50,3098,1478,841.5,4848234,0.9991,33695,61771.2,38917900.0,6811,127074,9743.95,3788210771
37497,6.0495,199969,25263,1187817,1071582,50,3096,1483,923.2,4850062,0.9991,33828,58970.7,37803000.0,6718,155691,9726.11,3790165835
37508,8.1212,199928,25201,1188044,1072281,50,3101,1479,880.0,4851278,0.9991,33928,58174.1,36220400.0,6591,135865,9349.19,3791256007
37517,6.9996,199935,25256,1188215,1072939,50,3101,1482,876.1,4852208,0.9991,33919,58447.9,32998000.0,6562,83258,9425.59,3792302046
37526,5.9975,199965,25220,1188393,1073625,50,3104,1479,884.8,4853108,0.9991,33810,60734,36710300.0,6536,113775,9117.15,3793210490
37548,6.9957,199924,25236,1188852,1074905,50,3102,1481,921.0,4854692,0.9991,33868,53498.1,33529500.0,6666,135871,9722.09,3795188120
37559,5.9335,199919,25107,1189094,1075642,50,3102,1481,875.7,4856029,0.9991,33980,54260.4,35317100.0,6578,151720,9143.46,3796298173
37568,6.6625,199935,25107,1189276,1076334,50,3099,1489,883.8,4856931,0.9991,33908,60124.7,35520800.0,6550,131968,9696.69,3797309819
37589,6.6358,199890,25151,1189732,1077579,50,3099,1492,940.0,4858859,0.9991,34145,54694.8,33170200.0,6535,123553,8693.78,3799321082
37609,5.1646,199920,25178,1190137,1078744,50,3101,1492,914.8,4860398,0.9991,33935,63867.6,39109000.0,6489,120612,9484.55,3801331769
37620,6.0159,199885,25239,1190368,1079383,51,3103,1489,848.2,4861508,0.9991,33963,60249.4,36332000.0,6481,105583,8699.54,3802318552
37629,6.7506,199896,25170,1190590,1080116,51,3100,1490,861.8,4862528,0.9991,33890,52722.8,30599700.0,6515,102934,9035.06,3803308856
37638,6.3306,199894,25254,1190792,1080719,51,3102,1491,863.3,4863352,0.9991,33880,62008.6,38345100.0,6481,149449,10542.8,3804320134
37660,5.96,200000,25167,1191264,1082341,51,3102,1492,979.1,4865862,0.9991,33958,57985,36224800.0,6552,110816,9511.09,3806380818
37670,6.5724,200000,25244,1191464,1082900,51,3104,1491,931.9,4866733,0.9991,33923,61503.6,37357900.0,6535,136190,9968.49,3807381117
37690,6.7849,200000,25291,1191890,1084054,51,3104,1489,808.1,4868595,0.9991,33996,54962.2,34510100.0,6540,112967,8923.8,3809477946
37700,6.1604,200000,25212,1192109,1084793,51,3101,1493,776.2,4869768,0.9991,34110,57141.5,34402500.0,6552,145767,9009.37,3810515737
37710,6.8283,200000,25180,1192316,1085428,51,3103,1491,790.8,4870725,0.9991,33980,60794.8,35693600.0,6537,115841,10124.3,3811507088
37720,6.2282,200000,25105,1192527,1086139,51,3103,1489,813.9,4871923,0.9991,33993,59595.1,37408200.0,6548,133712,10450.5,3812495473
37740,7.2001,200000,25160,1192949,1087241,52,3100,1491,862.0,4873519,0.9991,34035,62202.5,39155700.0,6532,120704,10049.5,3814445651
37750,7.8477,200000,25086,1193151,1087919,52,3098,1493,848.7,4874275,0.9991,33891,60195.3,37015700.0,6623,145370,10596.7,3815534605
37760,6.3671,200000,25185,1193365,1088534,53,3092,1498,808.7,4875252,0.9991,34051,58424.5,36852100.0,6502,93411,9066.02,3816490371
37780,7.3352,200000,25067,1193761,1089957,53,3090,1497,886.8,4877489,0.9991,34127,58487.6,36903800.0,6479,154540,10004.5,3818531101
37790,6.9502,200000,25028,1193971,1090693,53,3089,1504,841.7,4878506,0.9991,34071,57529.1,35987200.0,6474,124445,10082.4,3819518974
37800,9.1468,200000,25138,1194162,1091276,53,3092,1499,829.1,4879194,0.9992,33843,62317.1,37498900.0,6469,106407,9395.83,3820581187
37810,6.6383,200000,25158,1194377,1091932,53,3095,1500,830.7,4880287,0.9991,33947,57706.6,35111700.0,6495,127576,9420.15,3821548717
37830,6.5242,200000,24967,1194811,1093495,53,3090,1508,924.5,4882219,0.9991,34097,58796,35965200.0,6542,119450,9555.76,3823548541
37840,7.0637,200000,24993,1195044,1094114,53,3093,1500,851.7,4883188,0.9992,34070,56252.5,35040100.0,6567,137760,9602.29,3824583382
37860,6.5062,200000,24945,1195469,1095453,53,3091,1506,919.6,4885029,0.9991,34143,61646.3,39201500.0,6575,165763,11498.3,3826556579
37870,6.2398,200000,24938,1195701,1096115,53,3094,1505,916.2,4885957,0.9991,33970,63582.7,39524600.0,6586,166782,10231.8,3827574070
37880,7.1332,200000,25067,1195916,1096680,53,3099,1496,838.5,4886825,0.9992,34013,62351.9,38171100.0,6598,146474,9698.53,3828619558
37890,6.3053,200000,24969,1196167,1097418,53,3102,1490,856.9,4887837,0.9991,33872,52563.9,31232300.0,6634,117836,8200.06,3829584849
37910,7.185,200000,24984,1196601,1098655,53,3100,1490,925.7,4889935,0.9991,34026,60108.4,38338100.0,6544,108633,9187.92,3831556001
37920,7.7018,200000,24982,1196851,1099320,53,3099,1493,913.2,4891013,0.9991,33896,56924.7,34075100.0,6598,101082,9684.89,3832546525
37930,6.785,200000,24933,1197065,1100014,53,3099,1493,860.1,4891902,0.9992,34031,58711.8,37281700.0,6569,120551,9357.46,3833625492
37940,6.5592,200000,24966,1197273,1100633,53,3099,1493,853.3,4892718,0.9991,33829,58637.7,35533700.0,6566,94723,10072.5,3834554182
37960,6.3315,200000,25023,1197736,1101834,53,3097,1494,901.1,4894535,0.9991,33862,61458.8,39271300.0,6597,140692,9781.01,3836570719
37970,7.6048,200000,24935,1197931,1102552,53,3101,1487,853.2,4895886,0.9991,33901,54890.9,33162200.0,6558,162027,9243.6,3837550255
37990,6.5481,200000,25057,1198401,1103668,53,3098,1487,888.8,4897618,0.9991,33797,62637.8,40251300.0,6611,159315,10294.5,3839516044
38000,6.6748,200000,24961,1198613,1104395,53,3096,1490,898.1,4898795,0.9992,33857,57594.4,34654100.0,6611,125509,9581.38,3840648403
38010,6.6248,200000,24957,1198825,1105104,53,3102,1480,845.0,4899833,0.9992,34062,59490.7,35660800.0,6612,122745,9781.18,3841654074
38030,6.7348,200000,25110,1199268,1106232,53,3103,1485,873.4,4901733,0.9992,33999,65655,40479400.0,6633,176051,11007.5,3843664027
38040,6.4473,200000,25177,1199496,1106805,53,3103,1484,810.8,4902588,0.9991,33971,67295.3,44084300.0,6645,160717,10527.1,3844570782
38050,5.8962,200000,25103,1199737,1107470,53,3101,1484,819.2,4903671,0.9992,33788,56724.3,32782100.0,6689,110398,9027.4,3845664836
38070,6.8825,199978,25191,1200160,1108785,53,3103,1480,894.0,4905377,0.9991,33887,65521.8,40989700.0,6699,175890,10104.4,3847552589
38080,6.1043,199984,25106,1200363,1109459,53,3104,1476,885.0,4906288,0.9991,33642,59667.3,36372300.0,6714,127171,9135.49,3848556866
38091,7.0476,199979,25125,1200622,1110102,53,3104,1483,880.6,4907079,0.9992,33501,59880.8,38615100.0,6739,149236,9958.18,3849666782
38101,5.9326,199950,25026,1200847,1110895,53,3104,1486,841.9,4908200,0.9992,33677,55014.8,34555600.0,6750,109905,9500.09,3850692930
38111,7.5788,199951,25118,1201060,1111573,53,3101,1493,849.5,4909113,0.9991,33663,55559.3,32431200.0,6752,162915,9430.4,3851519025
38121,5.9063,199958,24964,1201302,1112392,53,3100,1500,882.4,4910043,0.9991,33627,57803.9,36533400.0,6796,112700,9376.03,3852655356
38142,7.4893,199964,25109,1201716,1113643,53,3101,1494,939.9,4911818,0.9991,33687,62904,39344100.0,6769,145860,10001.3,3854535892
38152,5.8678,199957,25079,1201922,1114302,53,3098,1495,932.1,4912749,0.9992,33648,55929.7,34052900.0,6733,101136,8999.58,3855696082
38162,7.0569,199946,25132,1202134,1114959,53,3098,1499,917.8,4913685,0.9992,33617,57135.4,34738800.0,6716,110718,9540.91,3856695923
38172,7.4592,199962,25000,1202344,1115758,53,3094,1502,941.5,4914633,0.9992,33617,58334.1,37121300.0,6719,130203,9691.05,3857696285
38182,6.6138,199956,25187,1202561,1116266,53,3092,1497,897.3,4915395,0.9991,33679,62388.2,38162600.0,6711,125929,9979.91,3858583863
38192,6.3777,199942,25165,1202753,1116971,53,3091,1497,846.9,4916441,0.9992,33835,58283.7,37044600.0,6683,141903,9833.76,3859714881
38213,6.7511,199929,25172,1203228,1118182,54,3092,1492,903.5,4917934,0.9991,33789,60865.8,37120600.0,6651,132053,9274.24,3861690820
38222,5.6004,199960,25159,1203403,1118855,54,3092,1487,901.7,4919010,0.9991,33830,57979.2,35856300.0,6642,188577,9655.82,3862616809
38232,6.3595,199947,25154,1203616,1119480,54,3092,1487,887.4,4919813,0.9991,33673,56045.5,33635600.0,6627,151845,8862.62,3863628808
38242,7.4647,199929,25095,1203833,1120237,54,3090,1492,840.1,4920969,0.9991,33766,56054,34872200.0,6619,156670,9892.03,3864619153
38263,6.9916,199946,25050,1204250,1121450,54,3092,1491,884.8,4922613,0.9991,33745,60226.6,39580900.0,6677,140224,10163.9,3866650654
38274,7.5194,199925,25311,1204475,1121826,54,3093,1488,791.3,4923508,0.9992,33691,71742.6,45764700.0,6664,163836,10073.4,3867747465
38283,7.2214,199924,25189,1204655,1122485,54,3095,1482,798.4,4924283,0.9992,33507,59425,34901600.0,6668,113058,10128.8,3868754112
38304,6.6164,199917,25231,1205105,1123632,54,3097,1481,842.9,4925993,0.9991,33708,57863,36604700.0,6742,137093,10167.9,3870687560
38313,7.0061,199927,25184,1205280,1124254,54,3101,1482,845.2,4926962,0.9991,33481,60124,36808100.0,6717,133430,8628.05,3871702123
38324,6.874,199912,25181,1205517,1124962,54,3098,1486,799.9,4927843,0.9991,33585,53333,32007400.0,6708,164270,9490.29,3872667613
38333,7.1703,199931,25206,1205696,1125560,54,3101,1480,825.8,4928834,0.9991,33485,60745.3,37807800.0,6619,122898,9378.24,3873728002
38355,6.7135,200000,25207,1206157,1127104,54,3106,1481,941.4,4931262,0.9992,33837,60846.8,37474200.0,6541,142345,9441.32,3875839970
38365,7.9831,200000,25176,1206368,1127789,54,3108,1479,938.9,4932327,0.9992,33800,58869.5,36587500.0,6517,124781,9376.41,3876874042
38375,7.7264,200000,25154,1206572,1128498,54,3109,1479,879.2,4933365,0.9991,33897,58305.3,36395800.0,6517,122560,9449.77,3877839270
38385,6.832,200000,25176,1206796,1129168,54,3111,1474,874.9,4934445,0.9992,33926,54485.7,32036000.0,6537,104038,8921.18,3878880818
38395,6.6175,200000,25170,1207006,1129824,54,3112,1474,873.5,4935380,0.9992,33805,62036.1,39083800.0,6524,156387,10282.2,3879894048
38405,5.9816,200000,25229,1207226,1130453,54,3115,1466,871.4,4936026,0.9992,33786,63013.6,40813400.0,6520,145751,10617.2,3880889431
38415,6.4056,200000,25106,1207458,1131207,54,3110,1471,830.6,4936862,0.9992,33880,57177.9,35317200.0,6524,126933,9511.66,3881876536
38425,6.5919,200000,25125,1207684,1131876,54,3110,1475,843.2,4937785,0.9991,33726,59034.9,34281200.0,6530,133524,9120.29,3882908682
38445,6.502,200000,25067,1208062,1133326,54,3111,1472,927.4,4939842,0.9992,33860,54372.2,34753200.0,6492,95932,8279.87,3884951900
38465,7.727,200000,25040,1208485,1134736,54,3115,1472,890.4,4941766,0.9991,33922,54081,31992500.0,6504,119323,9147.76,3886862967
38485,6.2693,200000,25142,1208916,1135975,54,3114,1473,930.8,4943551,0.9991,33829,57558.9,35440500.0,6510,137146,9107.3,3888927718
38495,6.4369,200000,25131,1209112,1136657,54,3112,1472,867.8,4944460,0.9992,33917,58475.7,35871900.0,6500,106159,9986.28,3890001302
38505,6.2238,200000,25208,1209295,1137241,54,3113,1470,852.6,4945466,0.9991,33805,61513.6,36277000.0,6468,121075,9449.18,3890939053
38525,6.9877,200000,25164,1209719,1138528,54,3115,1465,919.1,4947362,0.9992,33749,61380.2,36062300.0,6450,110126,9006.32,3892961474
38535,6.6211,200000,25123,1209923,1139239,54,3114,1469,907.9,4948399,0.9991,33608,57273.6,35508000.0,6459,118521,10101,3893884652
38545,5.036,200000,25105,1210151,1139914,54,3111,1473,850.0,4949316,0.9991,33752,60196.1,37391200.0,6465,147554,9965.64,3894907473
38565,6.6456,200000,25158,1210549,1141224,54,3112,1470,910.7,4951341,0.9992,33710,60530.7,37452700.0,6450,119066,9978.31,3896977686
38575,5.8111,200000,25165,1210781,1141884,54,3113,1470,840.0,4952272,0.9992,33558,58218.4,35586700.0,6491,122133,9007.88,3898011287
38585,5.2819,200000,25174,1210976,1142479,54,3114,1471,840.8,4953268,0.9992,33470,60797.1,35368500.0,6482,126689,10244.9,3899027590
38605,7.7539,200000,25187,1211374,1143715,54,3115,1473,901.5,4955207,0.9992,33675,56262,35075800.0,6459,108232,8955.07,3900994994
38615,4.9941,200000,25199,1211565,1144313,54,3118,1479,842.2,4956353,0.9992,33754,60782.9,37959600.0,6336,152441,8968.47,3901976228
38625,5.8603,200000,25129,1211749,1145062,54,3122,1469,869.4,4957356,0.9992,33586,57158.6,33563800.0,6320,119416,9766.01,3902992807
38645,6.1214,200000,25230,1212161,1146313,54,3119,1471,903.4,4958964,0.9992,33639,56512.2,35760800.0,6421,135739,10444.1,3905018754
38655,5.6578,200000,25201,1212349,1146916,54,3122,1464,848.1,4960111,0.9992,33625,65262.4,40782400.0,6300,108571,9150.88,3906049183
38665,5.9,200000,25171,1212549,1147632,54,3121,1464,868.8,4961145,0.9991,33557,57459.8,33199600.0,6288,132954,9525.44,3906977529
38675,6.2479,200000,25069,1212747,1148387,54,3120,1471,876.3,4962143,0.9991,33596,56373.6,35171600.0,6288,110914,9439.59,3907976593
38695,6.8977,200000,25141,1213167,1149630,54,3124,1467,932.0,4963763,0.9992,33751,62193.9,39851700.0,6269,148801,9486.31,3910021315
38705,8.1632,200000,24886,1213388,1150547,54,3123,1471,977.6,4964912,0.9991,33732,50972.2,31190300.0,6279,130634,8679.57,3910958896
38715,7.4006,200000,25040,1213586,1151075,54,3126,1470,883.1,4965813,0.9991,33820,61682.8,37531200.0,6248,140257,9991.88,3911908148
38735,6.3665,200000,25103,1214005,1152365,54,3125,1468,943.2,4967541,0.9991,33817,59161.6,37400900.0,6214,131376,9535.42,3914005406
38745,6.7111,200000,24866,1214224,1153256,54,3125,1470,971.7,4968564,0.9992,33800,52033.1,31776800.0,6249,134559,8847.88,3915061640
38755,5.3433,200000,24872,1214442,1153970,54,3125,1467,896.6,4969443,0.9992,33973,54963.1,33637800.0,6272,140282,9584.94,3916072449
38765,6.5549,200000,24844,1214646,1154641,54,3122,1476,897.4,4970363,0.9992,33802,56823.7,33210100.0,6258,84888,8010.14,3917077470
38795,6.0243,200000,24914,1215205,1156689,54,3123,1471,936.8,4973087,0.9992,33915,60327.7,35992200.0,6192,127799,9150.24,3920034835
38805,7.0377,200000,24866,1215426,1157402,54,3127,1466,871.8,4973965,0.9992,33849,61841.8,39417800.0,6223,158363,10706,3921078327
38815,6.6432,200000,24925,1215660,1157951,54,3129,1462,843.0,4974845,0.9992,33690,58750.4,34671300.0,6262,117121,9260.2,3922113300
38835,7.4596,199984,24900,1216079,1159314,54,3128,1467,916.2,4976817,0.9992,33741,58474.4,36945800.0,6266,112174,8786.84,3924102564
38845,5.8589,199983,24841,1216271,1160061,54,3126,1470,865.2,4977812,0.9992,33900,55943.9,34788100.0,6229,133475,9341.32,3925102452
38866,6.4289,199966,25029,1216730,1161232,54,3124,1468,911.1,4979506,0.9992,33864,65276.6,41750900.0,6259,148641,10993.9,3927132957
38876,6.2968,199981,24988,1216929,1161839,54,3123,1467,840.7,4980321,0.9991,33788,62917,39019500.0,6246,159245,9731.93,3927980930
38896,5.4885,199956,24999,1217341,1163113,54,3122,1470,900.2,4982225,0.9992,33688,59271.1,36151800.0,6242,105999,8776.96,3930134383
38906,6.0224,199973,24890,1217544,1163839,55,3120,1469,907.6,4983395,0.9992,33539,54973.8,33038100.0,6249,132038,8528.68,3931068543
38917,6.8489,199942,24847,1217768,1164486,55,3120,1467,899.5,4984337,0.9992,33365,58261.1,34671600.0,6247,158861,10471.3,3932138465
38927,8.679,199951,24764,1217980,1165143,55,3125,1465,830.7,4985267,0.9992,33324,59009.6,37016200.0,6272,124046,9313.52,3933085887
38946,6.5263,199968,24825,1218357,1166488,55,3125,1466,900.9,4987101,0.9992,33349,62478.6,40545800.0,6292,110026,10811.8,3935095062
38957,7.2263,199929,25016,1218584,1166927,55,3128,1470,810.2,4988091,0.9992,33360,66517.9,41654600.0,6275,118075,11037.8,3936160759
38966,6.5031,199981,25031,1218787,1167500,55,3127,1472,798.2,4988784,0.9991,33409,68524.3,42850000.0,6317,137773,10490.3,3937078743
38976,7.032,199966,24985,1218985,1168158,55,3126,1476,809.2,4989717,0.9991,33321,60906.9,37577200.0,6320,133734,9821.02,3938073890
38987,6.4923,199955,24959,1219225,1168832,55,3131,1475,806.7,4990471,0.9992,33175,58204.5,35135700.0,6433,162879,9913.23,3939143423
39008,6.8613,199939,25066,1219651,1170077,55,3125,1480,872.7,4992403,0.9992,33238,59574.8,38939900.0,6423,142335,8805.84,3941138901
39018,5.6445,199929,24963,1219849,1170852,55,3124,1482,845.8,4993378,0.9992,33455,54557.1,33501200.0,6301,144738,8700.89,3942171348
39027,6.7489,199939,25057,1220047,1171537,55,3127,1478,851.6,4994598,0.9992,33273,52755.2,29321800.0,6318,103464,8131.12,3943193461
39038,8.0436,199934,24939,1220290,1172315,55,3127,1480,878.8,4995565,0.9992,33315,58256.8,36227600.0,6326,140998,11285.7,3944152004
39058,6.3361,199926,25025,1220669,1173590,57,3125,1478,938.6,4997315,0.9992,33319,61802.4,39357500.0,6271,129581,8922.3,3946184949
39068,5.3495,199918,24818,1220878,1174468,57,3123,1477,974.6,4998345,0.9992,33181,54203.8,32403400.0,6257,121904,9275.29,3947147058
39079,5.3949,199914,24961,1221127,1175061,57,3121,1477,881.8,4999189,0.9992,33307,59903.1,36281700.0,6293,146968,10765.4,3948206619
39099,7.0785,199923,24876,1221557,1176545,57,3124,1478,964.7,5001050,0.9992,33325,57787,34393400.0,6360,115078,9068.78,3950154320
39109,7.2785,199928,24884,1221756,1177217,57,3125,1476,890.4,5001968,0.9992,33398,60064.3,37127400.0,6364,118085,9866.1,3951164756
39118,6.2433,199919,24964,1221957,1177806,57,3127,1477,876.9,5002965,0.9992,33238,55930.9,32450500.0,6342,124016,8800.19,3952168925
39129,6.0066,199907,24882,1222181,1178503,57,3126,1480,873.8,5003856,0.9992,33168,55279.5,33664400.0,6349,157324,9468.37,3953191329
39150,6.7416,199890,24985,1222628,1179749,57,3127,1479,935.0,5005636,0.9992,33342,66562.1,42986800.0,6351,113529,10040.2,3955183685
39160,6.6947,199905,25213,1222813,1180285,57,3127,1475,845.1,5006369,0.9992,33343,62360.9,38856200.0,6341,107362,8145.4,3956212284
39180,7.094,199879,24943,1223261,1181682,57,3123,1479,925.5,5008466,0.9992,33378,61619.4,36844100.0,6339,136455,8833.51,3958230053
39190,7.4777,199888,25132,1223471,1182334,57,3125,1476,855.8,5009406,0.9992,33378,61617.9,38951000.0,6344,120052,10627.3,3959219446
39199,8.6761,199897,24819,1223659,1183034,57,3124,1476,866.2,5010448,0.9992,33214,60710.2,36428200.0,6362,113325,10039.9,3960200413
39208,6.4966,199911,24812,1223877,1183654,57,3123,1480,862.5,5011413,0.9992,33136,57103.2,39179600.0,6373,95768,10455.9,3961233106
39218,6.8608,199907,24829,1224105,1184252,57,3120,1479,848.1,5012403,0.9992,33072,56097.4,38189200.0,6410,145875,10095.1,3962255712
39240,6.9376,200000,25004,1224599,1185676,57,3119,1482,948.6,5014631,0.9992,33389,60921.9,37388700.0,6462,114944,9731.18,3964308488
39250,7.6122,200000,24884,1224817,1186472,57,3125,1478,892.0,5015588,0.9992,33411,52863.1,32610100.0,6475,85355,8994.26,3965309176
39260,6.4643,200000,24862,1225037,1187147,57,3122,1486,836.1,5016654,0.9991,33521,61287,37642700.0,6502,138111,10383.6,3966211603
39270,6.6555,200000,24829,1225222,1187744,57,3122,1489,833.1,5017645,0.9992,33374,64813.2,40922800.0,6454,174748,10478.6,3967376970
39280,6.7965,200000,24759,1225451,1188424,57,3121,1491,840.3,5018551,0.9991,33398,55442.9,33587300.0,6483,140350,9858.7,3968200528
39300,6.9411,200000,24864,1225865,1189691,57,3121,1490,898.3,5020300,0.9992,33506,58969.6,38250500.0,6483,117989,9735.65,3970415574
39310,7.0159,200000,24782,1226089,1190426,57,3118,1491,848.8,5021305,0.9991,33510,59346.8,37306800.0,6499,123885,10829.5,3971316107
39330,6.5214,200000,24856,1226506,1191778,57,3119,1494,910.5,5022974,0.9991,33547,57936,36061700.0,6506,120785,9703.86,3973307073
39340,5.6388,200000,24714,1226729,1192572,57,3115,1500,871.8,5023931,0.9992,33461,57007.9,35705000.0,6497,138122,9404.97,3974440655
39360,6.9334,200000,24731,1227182,1193890,57,3110,1504,924.9,5025777,0.9992,33531,58595.8,37204200.0,6570,153373,8930.98,3976405138
39370,8.2976,200000,24707,1227417,1194605,57,3112,1502,945.3,5026821,0.9992,33341,61193.4,38578600.0,6491,183515,9833.43,3977390084
39380,7.0218,200000,24627,1227638,1195428,57,3117,1499,898.7,5027909,0.9992,33412,52639.3,32387700.0,6498,114972,8959.62,3978422651
39390,6.9337,200000,24706,1227840,1195979,57,3118,1493,869.0,5028469,0.9991,33373,61687,37484300.0,6481,170235,9361.57,3979332362
39410,7.6723,200000,24630,1228271,1197463,57,3123,1492,947.8,5030486,0.9992,33431,57761.9,37442700.0,6496,178435,9411.87,3981394945
39420,8.2053,200000,24574,1228474,1198265,56,3118,1494,898.7,5031596,0.9992,33556,51977.2,31640600.0,6475,101015,9060.98,3982479790
39440,7.7984,200000,24644,1228893,1199577,56,3122,1491,951.8,5033464,0.9992,33577,59760.6,38839200.0,6476,168560,10125,3984452974
39450,8.2556,200000,24680,1229098,1200201,56,3125,1486,913.1,5034428,0.9992,33431,59067,36282100.0,6470,138902,9080.61,3985475317
39460,6.7413,200000,24819,1229322,1200702,56,3123,1492,832.4,5035194,0.9992,33496,55238.8,35023500.0,6509,131991,8906.66,3986397247
39480,7.132,200000,24530,1229768,1202193,56,3126,1485,935.0,5037198,0.9992,33419,61323.3,38096000.0,6507,96604,9273.1,3988498131
39490,6.7879,200000,24721,1229950,1202675,56,3128,1484,881.7,5037988,0.9992,33351,58434.6,35765400.0,6479,112088,8753.03,3989440594
39500,7.7957,200000,24744,1230174,1203302,56,3128,1481,870.6,5038789,0.9992,33316,67213.3,42739100.0,6486,157130,11187.7,3990492244
39510,6.7868,200000,24799,1230383,1203877,56,3125,1483,810.6,5039640,0.9992,33566,59803.2,40514800.0,6470,127013,10778.8,3991465154
39520,8.3158,200000,24778,1230601,1204471,56,3125,1475,813.7,5040637,0.9992,33401,58916.7,34999700.0,6453,138465,9966.41,3992524392
39540,7.7765,200000,24884,1231045,1205664,57,3124,1474,853.1,5042469,0.9992,33536,59307.3,40101500.0,6555,121472,10274.1,3994513822
39550,8.2697,200000,25038,1231254,1206209,58,3127,1471,790.5,5043351,0.9992,33556,63229.5,38751000.0,6544,116987,10011,3995526234
39560,8.4996,200000,25102,1231451,1206857,58,3127,1469,807.8,5044134,0.9992,33400,62705.4,39003500.0,6524,148511,10164.1,3996440882
39570,8.0077,200000,25110,1231663,1207425,58,3126,1476,797.5,5044996,0.9992,33232,61828.8,37984000.0,6532,150045,9826.89,3997496047
39590,9.3475,200000,25133,1232095,1208677,58,3125,1481,855.7,5047088,0.9992,33299,59995.3,38052100.0,6539,146705,9525.49,3999520609
39600,6.0885,199989,25188,1232310,1209243,58,3126,1481,777.9,5047641,0.9992,33343,61854.7,40609700.0,6647,209890,12378.3,4000536957
39610,7.4606,199999,25100,1232510,1210003,58,3126,1482,818.6,5048626,0.9992,33270,52973.3,32476300.0,6645,108969,7776.37,4001522792
39620,8.6969,199979,25161,1232716,1210643,58,3131,1480,847.5,5049736,0.9992,33279,59262.1,38011500.0,6527,170625,10125.3,4002546238
39641,6.543,199977,25222,1233187,1212039,58,3129,1481,912.4,5051356,0.9992,33384,52593.1,34791700.0,6658,135203,9754.03,4004502394
39651,9.463,199984,25207,1233402,1212732,59,3128,1483,934.1,5052255,0.9992,33327,59983.9,36379400.0,6542,136674,9113.65,4005476591
39661,7.054,199962,25127,1233621,1213499,59,3132,1479,881.4,5053557,0.9991,33375,52022.1,31767000.0,6538,140106,9239.05,4006441554
39682,8.2492,199967,25299,1234051,1214721,59,3130,1481,930.1,5055038,0.9992,33303,60215.6,37156100.0,6483,128399,8750.71,4008468526
39691,5.3854,199959,25203,1234258,1215560,59,3130,1479,949.6,5056269,0.9991,33262,51437.9,31064400.0,6504,139014,9741.26,4009439177
39702,6.4795,199941,25152,1234479,1216202,59,3128,1485,875.9,5057058,0.9992,33268,58486.2,36470000.0,6492,121626,8855.55,4010526430
39711,9.1296,199952,25103,1234671,1217056,59,3126,1488,918.2,5058117,0.9992,33158,51291,29672500.0,6489,158820,8830.24,4011544359
39732,7.9503,199959,25087,1235110,1218465,59,3129,1485,978.5,5059891,0.9992,33248,58492.5,35542400.0,6495,101522,8478.2,4013547268
39743,6.7448,199937,25172,1235322,1219026,60,3126,1484,890.6,5060759,0.9992,33322,59133.9,36700800.0,6457,124518,9958.48,4014575873
39752,6.9459,199939,25159,1235493,1219702,60,3126,1489,888.2,5061675,0.9992,33277,58660.7,35256900.0,6444,129135,8882.28,4015603029
39773,7.3371,199925,25330,1235908,1220867,60,3125,1494,926.3,5063527,0.9992,33555,63271.7,41917600.0,6376,134688,8812.8,4017559539
39783,7.6747,199929,25022,1236113,1221824,59,3125,1496,900.3,5064641,0.9992,33433,49459.7,30333100.0,6384,136129,10040.2,4018511658
39793,7.7068,199942,25210,1236325,1222269,59,3128,1495,848.0,5065473,0.9992,33227,69278.1,43744200.0,6411,119065,10243.4,4019583984
39802,7.9973,199948,25066,1236507,1223012,58,3128,1498,869.4,5066482,0.9992,33039,55794.7,34912300.0,6412,129692,10009.7,4020555122
39812,7.3242,199961,25107,1236716,1223603,58,3129,1499,861.4,5067478,0.9992,33068,64121.2,42295800.0,6392,145444,10686.3,4021516795
39833,5.9592,199935,25148,1237124,1224726,58,3132,1495,891.0,5069375,0.9992,33156,58428.9,37023300.0,6376,90646,8932.07,4023595916
39844,6.8754,199914,25140,1237345,1225400,58,3133,1500,836.6,5070287,0.9992,33071,56728,35286800.0,6359,123768,10573.3,4024655890
39854,6.4879,199911,25135,1237555,1226050,59,3132,1500,843.2,5071221,0.9992,32977,59560.5,35442500.0,6329,143471,9496.61,4025645567
39874,5.7251,199931,25204,1237957,1227262,60,3131,1502,883.0,5072710,0.9991,33149,56526.5,36980500.0,6437,126806,9842.77,4027514463
39884,6.4516,199917,25170,1238170,1227896,60,3137,1494,887.8,5073827,0.9992,33142,55947.9,34536700.0,6305,112154,8502.61,4028656060
39894,6.5238,199901,25190,1238369,1228551,60,3138,1493,837.8,5074597,0.9992,33290,57449.1,36698900.0,6290,148771,10371,4029680448
39904,7.5491,199921,25183,1238585,1229213,60,3138,1493,839.2,5075842,0.9992,33063,56743,33982000.0,6306,145470,9219.37,4030610777
39925,6.3689,199899,25228,1239041,1230544,60,3147,1486,908.0,5077368,0.9992,33229,57217.4,35266100.0,6326,84252,8080.56,4032682018
39935,5.666,199897,25110,1239254,1231331,60,3147,1485,918.0,5078489,0.9992,33163,55552.2,33419900.0,6326,133846,9377.73,4033700020
39945,8.2498,199900,25208,1239458,1231973,60,3152,1485,857.9,5079113,0.9991,33060,56982.4,35340900.0,6294,115027,9408.07,4034517845
39955,6.4972,199885,25167,1239685,1232663,60,3155,1481,842.6,5080013,0.9992,32929,59830.7,34747300.0,6406,131691,10134.5,4035709516
39975,7.0693,200000,25139,1240084,1234481,60,3155,1486,1007.2,5082334,0.9992,33048,54572,34222600.0,6265,174477,8476.89,4037792334
39985,6.7264,200000,25118,1240291,1235213,60,3153,1483,930.5,5083513,0.9992,33211,51534.2,31072200.0,6273,82418,8054.09,4038731298
39995,6.3626,200000,25153,1240493,1235930,60,3150,1484,870.2,5084224,0.9992,33264,54492.3,35075000.0,6260,110355,9529.61,4039757299
40015,6.9446,200000,25087,1240935,1237412,60,3153,1482,958.9,5086086,0.9992,33298,51587.3,33969800.0,6288,128109,9123.42,4041821969
40025,6.0182,200000,25199,1241123,1238065,60,3152,1483,879.1,5086868,0.9992,33165,57505,34547900.0,6284,123928,8852.27,4042817625
40035,6.3316,200000,25148,1241312,1238731,60,3152,1484,881.8,5087635,0.9992,32938,58628.1,35086900.0,6243,118510,9907.36,4043841274
40045,7.0993,200000,25194,1241500,1239352,60,3152,1483,848.1,5088444,0.9992,32797,56441.6,35104600.0,6332,121277,9897.69,4044866340
40065,9.2363,200000,25207,1241894,1240668,60,3149,1482,932.9,5090310,0.9992,32954,56098.7,38673800.0,6253,148028,9378.43,4046872645
40075,8.6629,200000,25256,1242089,1241333,60,3152,1481,859.3,5091555,0.9992,32894,54722.9,32983300.0,6256,140967,9242.84,4047891579
40085,6.5333,200000,25111,1242296,1242027,60,3150,1490,869.8,5092609,0.9992,32939,52734,30717400.0,6251,113051,8960.23,4048862792
40105,6.0328,200000,25257,1242688,1243192,60,3151,1487,914.6,5094309,0.9992,32986,58649,34777200.0,6210,109831,9433.26,4050932162
40125,4.7558,200000,25274,1243060,1244438,60,3158,1479,862.7,5096403,0.9992,32866,53581.6,32989700.0,6199,105364,9335.95,4052832949
40135,5.8369,200000,25255,1243275,1245054,60,3160,1477,858.7,5097373,0.9992,32817,60243.5,35510000.0,6197,121103,8910.79,4053850329
40145,6.4017,200000,25260,1243464,1245719,61,3158,1476,860.1,5098139,0.9992,32793,56640.7,36104200.0,6190,135810,9635.27,4054912669
40165,5.365,200000,25329,1243879,1246979,61,3158,1478,904.6,5100056,0.9992,32998,60381.5,38664200.0,6210,103947,9459.92,4056961967
40175,8.2771,200000,25312,1244075,1247651,61,3161,1480,830.3,5100816,0.9992,32992,54519.1,36008800.0,6297,147938,10234.1,4057893183
40195,6.7492,200000,25240,1244477,1249112,61,3165,1479,936.4,5103166,0.9992,32980,56402.2,34515500.0,6188,115807,9075.46,4059923307
40205,5.6292,200000,25291,1244696,1249751,61,3162,1486,920.7,5104119,0.9992,32965,59961.1,36510600.0,6190,137145,10329.5,4060958476
40215,7.2264,200000,25407,1244912,1250261,61,3161,1486,832.8,5104879,0.9992,33024,62332.8,41298900.0,6192,113552,9370.31,4061959810
40235,6.3817,200000,25415,1245330,1251580,61,3160,1482,905.8,5106588,0.9992,33127,51968.3,32614100.0,6179,135431,9462.37,4063993990
40245,6.6475,200000,25277,1245546,1252346,61,3159,1481,854.2,5107573,0.9992,33132,58896.4,40623000.0,6188,145337,10293.5,4064960278
40255,5.3643,200000,25271,1245753,1253015,61,3159,1485,863.3,5108332,0.9992,32929,52573.5,31931700.0,6183,118516,8872.3,4065961016
40265,4.8769,199995,25290,1245964,1253677,61,3161,1487,849.0,5109096,0.9992,32940,55645.4,33929400.0,6279,110232,9668.11,4066989285
40286,5.9378,199979,25312,1246404,1255158,61,3164,1489,958.5,5111118,0.9992,33046,55662.1,34051300.0,6186,104008,9174.37,4069022474
40296,6.851,199988,25354,1246598,1255774,62,3161,1493,922.4,5111777,0.9992,32952,62403.2,39465800.0,6192,124868,8998.12,4070020099
40306,6.2854,199978,25209,1246805,1256644,62,3166,1488,951.0,5112980,0.9992,33097,50725.6,32327700.0,6191,133672,9238.3,4070928583
40316,5.9742,199976,25237,1247034,1257351,62,3165,1491,887.1,5113704,0.9992,33167,54436.7,35328900.0,6182,103893,8951.12,4071995610
40337,5.8092,199946,25314,1247489,1258721,62,3164,1494,955.3,5115514,0.9992,33168,58866.5,36358700.0,6218,136810,9143.21,4074041087
40346,5.8131,199947,25085,1247709,1259612,62,3167,1495,972.0,5116530,0.9992,33008,52824.8,32793100.0,6251,116751,9022.42,4075018479
40357,6.0721,199961,24986,1247902,1260392,62,3167,1493,908.9,5117491,0.9992,33148,56950.7,35799400.0,6264,106615,9369.61,4076000884
40366,6.6158,199968,25108,1248081,1261000,62,3169,1487,881.1,5118316,0.9992,33098,55426.1,32483600.0,6257,167403,9640.19,4077038267
40375,4.611,199971,25215,1248282,1261568,62,3165,1495,849.8,5119182,0.9992,32997,57224.1,42301200.0,6288,173731,11282,4077928013
40398,6.1599,199939,25236,1248804,1262783,62,3165,1495,908.5,5120662,0.9992,32956,49725.8,33861400.0,6447,142260,8845.49,4080052752
40408,6.9236,199942,25335,1249024,1263439,62,3165,1498,858.1,5121915,0.9992,32926,58894.5,36269700.0,6372,116012,9193.78,4081065341
40417,5.7951,199945,25267,1249210,1264109,62,3165,1498,854.2,5122990,0.9992,32717,54979.2,31480900.0,6373,112816,8431.99,4082047330
40427,5.948,199947,25185,1249395,1264839,62,3165,1496,854.6,5124003,0.9992,32547,53265.6,32552600.0,6399,126378,9493.88,4083003154
40447,7.208,199942,25385,1249807,1265963,62,3168,1496,879.8,5125900,0.9991,32593,57439.8,40733900.0,6409,175490,10706.3,4084865302
40457,6.7806,199946,25474,1250006,1266499,62,3175,1492,843.4,5126477,0.9992,32397,59810.3,41941800.0,6503,138468,11463.7,4086037675
40467,5.9452,199950,25581,1250225,1267035,62,3173,1492,816.8,5127371,0.9992,32306,54157.8,45710100.0,6487,182503,13751,4086922666
40478,8.085,199947,25712,1250435,1267495,62,3173,1495,729.2,5127863,0.9992,32490,57227.4,51921600.0,6605,212479,11419.1,4087995025
40488,6.2507,199940,25881,1250644,1267984,62,3175,1494,725.6,5128804,0.9992,32309,53230.8,45803000.0,6609,195231,12336,4089112508
40497,7.8982,199947,26031,1250850,1268466,62,3176,1490,701.3,5129279,0.9992,32033,55757.5,46687200.0,6631,154092,10232.2,4090106357
40519,6.0941,199921,26259,1251287,1269517,62,3177,1490,743.4,5130616,0.9992,32001,54341.6,53711700.0,6817,214559,11944.6,4092098333
40527,7.6444,199937,26437,1251465,1269970,62,3181,1484,717.8,5131440,0.9992,31899,48558.2,43234600.0,6841,146734,11714.2,4092997188
40538,7.0619,199945,26651,1251693,1270366,62,3181,1486,680.2,5131998,0.9991,31701,48646.7,47257800.0,6942,179410,13096.2,4093953321
40548,6.4969,199922,26979,1251899,1270698,62,3176,1488,608.8,5132464,0.9992,31739,45516.6,44901300.0,7021,241962,13451.9,4095174328
40559,6.3701,199903,27044,1252129,1271178,62,3178,1488,612.8,5133257,0.9992,31681,51195.6,42339300.0,7011,182591,8489.19,4096123477
40580,7.342,199904,27090,1252563,1272487,62,3178,1489,735.1,5135297,0.9992,31668,53341.3,38039700.0,7029,139672,9455.16,4098171159
40589,6.3035,199927,27097,1252719,1273117,61,3180,1487,753.1,5136102,0.9992,31436,53356.1,38401700.0,7001,145574,10991.1,4099160572
40600,8.0874,199893,27019,1252954,1273855,61,3178,1490,725.6,5137113,0.9992,31476,52451.8,38251200.0,6987,168042,10040.3,4100194741
40608,5.5902,199926,27071,1253115,1274459,61,3183,1487,751.5,5137780,0.9992,31262,52029.6,38228500.0,6998,137196,10939.8,4101166091
40630,6.7571,200000,27241,1253562,1275961,61,3182,1491,866.1,5139771,0.9992,31404,48475.6,36024000.0,7074,138099,9092.66,4103272114
40640,6.4325,200000,27302,1253765,1276517,61,3180,1495,794.0,5140481,0.9992,31419,51987.8,36437700.0,7094,186229,9040.15,4104284410
40650,6.6007,200000,27219,1253960,1277366,61,3178,1495,849.4,5141389,0.9992,31431,52787.7,34768100.0,7075,116174,9813.24,4105220821
40660,5.6221,200000,27263,1254149,1278056,61,3179,1499,818.1,5142450,0.9992,31523,50226.9,33317400.0,7031,168610,8685.47,4106303147
40670,7.734,200000,27177,1254352,1278692,61,3181,1500,815.9,5143088,0.9992,31396,51291.7,29977300.0,7021,108316,8269.27,4107256913
40690,6.8393,200000,27269,1254754,1280139,61,3183,1501,902.3,5145147,0.9992,31440,53236.4,36034400.0,6977,174844,9185.27,4109263010
40700,6.3327,200000,27155,1254955,1280948,61,3187,1497,909.9,5146089,0.9992,31293,51442.9,31655100.0,7002,122446,9499.16,4110201357
40710,6.5165,200000,27230,1255165,1281512,61,3184,1496,843.6,5146954,0.9992,31387,58883.8,44061800.0,6995,166273,10358.5,4111293990
40730,7.0226,200000,27375,1255563,1282698,61,3186,1499,882.8,5148792,0.9992,31494,61637.8,43133600.0,6936,143850,10248.1,4113220771
40740,6.4501,200000,27027,1255760,1283656,61,3187,1499,874.4,5149905,0.9992,31524,48829,29340900.0,6911,106650,7859.59,4114341344
40750,7.4801,200000,27023,1255941,1284375,61,3186,1498,895.1,5151261,0.9992,31483,51809.1,30812600.0,6786,93607,8112.69,4115284733
40760,6.0872,200000,27129,1256150,1285010,62,3182,1505,875.1,5152222,0.9992,31337,56612.5,39252800.0,6787,121920,10881.9,4116360346
40770,7.8079,200000,27179,1256367,1285588,62,3184,1504,864.5,5153078,0.9992,31421,60185.6,39325200.0,6806,126096,10594.4,4117332357
40780,6.2801,200000,27229,1256587,1286152,62,3186,1500,832.2,5153784,0.9992,31316,57123.6,43225600.0,6822,187205,11202,4118360490
40800,7.8961,200000,27192,1256982,1287325,62,3185,1502,884.4,5155646,0.9992,31462,52951.6,35408100.0,6918,155356,8247.52,4120434443
40810,5.9059,200000,27229,1257173,1287987,62,3185,1501,827.0,5156731,0.9992,31570,56871.7,35666000.0,6889,141844,10149,4121407293
40830,6.7663,199991,27266,1257565,1289234,62,3186,1498,880.8,5158656,0.9992,31699,58526.6,36262300.0,6872,132184,9419.88,4123433633
40840,8.7235,199983,27099,1257763,1290007,62,3185,1498,859.6,5159955,0.9992,31831,58536.7,35355100.0,6743,123880,9013.35,4124357636
40850,6.9796,199988,27233,1257945,1290568,62,3188,1499,833.4,5160827,0.9992,31775,58827.7,34946500.0,6737,109880,9335.16,4125367392
40861,7.5963,199972,27215,1258148,1291230,62,3190,1500,847.6,5161914,0.9992,31787,53897.9,31578600.0,6697,112106,7972.52,4126388903
40870,5.7178,199985,27198,1258315,1291884,62,3194,1502,853.2,5163007,0.9992,31780,52811.4,33832600.0,6677,108443,9139.27,4127475162
40891,8.2064,199963,27078,1258730,1293163,63,3196,1502,924.0,5165067,0.9992,32014,62690.3,38646100.0,6559,106372,9624.46,4129447145
40901,7.3075,199967,26985,1258922,1293894,63,3194,1503,850.5,5165930,0.9992,32129,57839.5,35132600.0,6649,122971,9413.62,4130434026
40911,8.2237,199982,27067,1259122,1294499,63,3196,1505,847.0,5166922,0.9992,32048,59719.8,35152700.0,6637,122314,9696.36,4131492643
40933,7.2678,199930,27073,1259603,1295894,63,3196,1504,925.1,5168714,0.9992,32190,52008.2,31449100.0,6579,128412,9194.68,4133332455
40943,7.095,199941,26948,1259808,1296695,63,3201,1502,878.7,5169981,0.9992,32096,54867.4,33139100.0,6602,115611,8955.67,4134506289
40963,6.3491,199911,26999,1260213,1298055,63,3201,1499,931.5,5171805,0.9992,31938,55895.3,33984000.0,6577,119763,8554.34,4136523100
40973,6.4089,199947,26820,1260408,1298870,63,3202,1497,949.2,5172898,0.9992,31907,51366.1,33156200.0,6590,109495,10054.3,4137463542
40983,5.9604,199940,26908,1260630,1299501,63,3205,1492,871.3,5173544,0.9992,32085,57192.1,39295200.0,6610,149271,11690.5,4138492596
40992,5.7518,199946,26903,1260799,1300199,63,3206,1492,881.7,5174441,0.9992,32012,58552.6,38179100.0,6616,113268,9340.48,4139509104
41013,6.7803,199942,26959,1261221,1301614,63,3208,1490,940.7,5176216,0.9992,31944,58976,37810500.0,6590,117309,9303.52,4141441467
41023,7.4003,199916,27007,1261423,1302285,63,3212,1489,873.9,5177140,0.9992,32105,55206.2,37260100.0,6605,189516,10023,4142550977
41034,5.2865,199930,26918,1261628,1303009,63,3213,1490,887.9,5178013,0.9992,31961,51700.6,32014700.0,6603,137876,9047.02,4143557869
41054,5.4501,199907,26887,1262021,1304413,63,3212,1493,950.4,5179945,0.9992,32078,53240,33247500.0,6554,121957,8787.61,4145550722
41064,7.2222,199901,26840,1262200,1305095,64,3209,1492,928.2,5181017,0.9992,31777,58885.2,36507700.0,6554,156718,9518.46,4146562866
41075,6.2186,199911,26923,1262388,1305765,64,3213,1494,862.8,5181785,0.9992,31891,56083.5,37049000.0,6539,150960,9829.32,4147603664
41084,5.5667,199952,26893,1262524,1306434,65,3215,1490,861.8,5182707,0.9992,31748,55443.4,33423100.0,6535,110697,8857.72,4148502930
41105,7.0525,199913,27240,1262917,1307708,65,3219,1490,916.9,5184610,0.9992,31882,66184,44911600.0,6488,120824,9718.31,4150597171
41115,8.4513,200000,26845,1263101,1308754,65,3221,1491,921.3,5186112,0.9992,31874,54658.8,33841100.0,6408,155917,9901.77,4151632776
41135,5.6897,200000,26854,1263464,1310073,65,3222,1496,971.6,5188448,0.9992,31978,56784.6,34108300.0,6291,100847,7951.28,4153616643
41145,6.085,200000,26846,1263643,1310739,65,3225,1493,896.9,5189372,0.9992,32063,59370.9,38200000.0,6269,130629,10132.9,4154660878
41155,6.8236,200000,26662,1263841,1311588,65,3225,1488,916.5,5190431,0.9992,31921,55172,34879500.0,6276,127210,9577.4,4155662323
41165,6.4214,200000,26791,1264011,1312097,65,3230,1486,831.6,5191197,0.9992,31954,58400.1,41151300.0,6266,135960,10419.6,4156714273
41175,6.5,200000,26854,1264187,1312670,65,3225,1492,815.5,5192054,0.9992,31925,57264.1,34690100.0,6242,112224,9602.76,4157711305
41195,6.3072,200000,26663,1264536,1314088,65,3224,1497,899.4,5194130,0.9992,32031,56243.7,36152000.0,6221,132751,10251.9,4159652940
41205,7.3803,200000,26818,1264726,1314571,65,3226,1496,808.0,5195082,0.9992,32055,63882.2,37646200.0,6213,146961,10115.5,4160707430
41225,6.0789,200000,26712,1265089,1315841,65,3230,1494,879.5,5196823,0.9992,32176,62691.6,38718400.0,6185,98798,8516.05,4162739551
41235,7.1774,200000,26684,1265286,1316530,65,3233,1499,885.4,5197875,0.9992,32091,56400.2,34735900.0,6182,127084,9901.68,4163733565
41245,4.645,200000,26633,1265501,1317225,65,3235,1495,892.5,5198772,0.9992,32020,59426.2,38016700.0,6179,133152,10005.7,4164796412
41255,7.6057,200000,26571,1265688,1317942,65,3236,1489,838.2,5199643,0.9992,32223,56060,35081700.0,6155,121809,9399.4,4165737985
41265,5.9566,200000,26708,1265870,1318568,65,3236,1493,839.4,5200448,0.9992,32172,57990,36523600.0,6115,142690,9503.64,4166745582
41285,6.7546,200000,26712,1266285,1320050,65,3235,1494,924.9,5202301,0.9992,32136,53457,33178100.0,6146,152200,9208.8,4168701275
41295,4.4259,200000,26443,1266465,1320918,65,3237,1497,958.2,5203334,0.9992,32042,54053.2,33504300.0,6110,141020,9316.84,4169804732
41305,7.6783,200000,26432,1266651,1321711,65,3241,1495,902.9,5204136,0.9992,32125,51831.8,31830000.0,6081,90687,7914.41,4170751821
41325,5.4831,200000,26421,1267033,1323112,66,3239,1497,963.3,5205927,0.9992,32105,58614.8,36228500.0,6068,117995,8792.71,4172814994
41335,6.4676,200000,26517,1267200,1323788,66,3236,1502,888.0,5206845,0.9992,32146,55327.7,34655500.0,6037,155808,9365.42,4173796343
41345,6.4667,200000,26546,1267406,1324486,66,3239,1503,890.4,5207738,0.9992,32079,56545.6,34558800.0,6047,123594,9216.5,4174803488
41365,7.1167,200000,26566,1267819,1325832,66,3239,1505,947.3,5209577,0.9992,32045,54129.7,33977900.0,6093,113697,8966.32,4176754009
41375,6.4396,200000,26542,1268006,1326529,66,3239,1506,886.3,5210477,0.9992,32179,56900.1,35645100.0,5985,101952,8691.41,4177818681
41395,7.4173,200000,26542,1268435,1327955,66,3239,1511,954.9,5212716,0.9992,31980,54164.1,33975400.0,6047,99679,9357.45,4179726261
41405,5.6746,200000,26369,1268622,1328773,66,3242,1511,954.8,5213645,0.9992,31869,53339.6,32887600.0,6074,121076,8893.59,4180866914
41415,6.826,200000,26340,1268800,1329525,66,3239,1513,894.5,5214641,0.9992,31952,57284.1,35996500.0,6057,141182,9663.68,4181819563
41425,7.6819,200000,26368,1268998,1330131,66,3239,1511,867.5,5215622,0.9992,32001,58825.8,36180100.0,6081,136812,9607.31,4182860413
41445,6.3165,200000,26341,1269428,1331439,67,3232,1515,927.6,5217483,0.9992,32014,62086.3,38464400.0,6152,102935,7935.64,4184881775
41455,6.3974,200000,26319,1269628,1332143,67,3235,1508,872.1,5218529,0.9992,31977,55380.5,33593400.0,6072,133853,9664.78,4185811050
41465,6.8925,200000,26270,1269828,1332831,67,3235,1509,873.6,5219429,0.9992,31844,60426.6,35648600.0,6094,135236,9829.86,4186801380
41485,7.2777,199987,26160,1270204,1334230,67,3236,1505,941.0,5221530,0.9992,31883,56076.9,34946100.0,6103,112116,9325.82,4188900382
41495,7.9555,199992,26173,1270407,1334957,67,3241,1498,874.4,5222548,0.9992,31991,56220.2,35075300.0,6143,124295,10075.5,4189902446
41515,7.3348,199984,26303,1270777,1336155,67,3243,1494,913.7,5224364,0.9992,32060,63778.8,40815400.0,6134,126024,8925.5,4191885879
41525,6.3274,199978,26209,1270968,1336883,67,3239,1500,864.9,5225534,0.9992,32104,54911.1,33903200.0,6065,148071,9241.69,4192850257
41535,6.5503,199981,26189,1271163,1337545,67,3241,1495,861.0,5226458,0.9992,31910,58777.2,35179300.0,6074,138644,9923.46,4193901991
41546,5.1578,199977,26151,1271392,1338242,67,3243,1498,867.5,5227509,0.9992,31741,58399.7,36633900.0,6083,127502,9792.76,4194912347
41566,6.527,199969,26154,1271785,1339592,67,3247,1492,923.7,5229175,0.9992,31827,56444,36303000.0,6170,147636,9312.37,4196906338
41576,5.9366,199955,25989,1271969,1340435,67,3245,1493,887.6,5230401,0.9992,31830,55286.5,34317700.0,6080,138475,9515.77,4197943947
41597,6.1521,199945,26016,1272383,1341856,67,3248,1493,962.4,5231996,0.9992,31849,54018.1,33073700.0,6060,138027,8443.97,4199918195
41607,5.1716,199932,25975,1272588,1342662,67,3247,1501,904.4,5233100,0.9992,31799,51080.7,30387400.0,6079,168269,9706.17,4200910591
41616,5.9793,199967,25922,1272772,1343312,67,3246,1504,889.6,5233727,0.9992,31709,61339,36979200.0,6098,137119,8755.51,4201962454
41627,7.3375,199962,26024,1272976,1344037,67,3248,1500,891.1,5234750,0.9992,31612,53953.8,32917000.0,6103,105618,8717.67,4202938803
41637,6.2316,199954,25886,1273171,1344866,67,3248,1500,920.8,5235671,0.9992,31508,56523.3,34041500.0,6104,81099,9173.72,4203947729
41658,8.9404,199925,26036,1273593,1346157,67,3247,1497,966.7,5237411,0.9992,31755,64638.1,41256900.0,6111,105485,9239.77,4205967689
41668,6.5563,199949,25885,1273769,1346988,67,3243,1496,975.4,5238329,0.9992,31686,55002.1,33552100.0,6096,115418,8884.63,4206905666
41678,5.9245,199938,25878,1273959,1347763,67,3245,1493,913.6,5239304,0.9992,31780,54939.2,33662300.0,6078,168951,8934.19,4207933575
41687,8.2002,199947,25867,1274118,1348503,67,3246,1493,929.4,5240316,0.9992,31793,57888.3,34938400.0,5969,132397,9691.26,4208899609
41709,5.8977,199920,25937,1274550,1349874,67,3245,1492,984.6,5242131,0.9992,32010,54258.9,33568900.0,5950,125687,8677.69,4210985616
41719,5.0408,199892,25853,1274732,1350724,67,3244,1496,932.6,5243195,0.9992,31999,52925.8,32497800.0,5931,117226,9899.38,4211929179
41728,5.4555,199927,25907,1274907,1351364,67,3246,1499,907.7,5244141,0.9992,31865,60619.2,38269100.0,5957,141939,10777.7,4213010578
41739,7.0474,199921,25864,1275119,1351972,67,3244,1502,891.7,5244956,0.9992,31980,59568,38068800.0,5941,86305,9140.61,4214017092
41760,6.2893,199905,25781,1275543,1353373,67,3245,1504,964.4,5246887,0.9992,32097,55069.8,33834200.0,5916,110697,8725.05,4215972328
41769,5.7671,199918,25850,1275719,1353967,67,3246,1504,933.9,5247716,0.9992,32041,61929,37455100.0,5920,115789,10658.9,4217010972
41779,5.6796,199893,25768,1275933,1354613,67,3250,1500,912.2,5248501,0.9992,32043,62361,38071700.0,5924,138763,9942.76,4217943346
41790,6.6007,199893,25877,1276164,1355280,67,3251,1497,844.3,5249583,0.9992,32170,58469.7,35664000.0,5953,112702,9471.4,4218971554
41798,5.0104,199923,25674,1276312,1356051,67,3250,1495,877.5,5250401,0.9992,32033,56286.6,32932500.0,5944,107759,9212.36,4220032646
41820,6.4908,200000,25764,1276747,1357677,67,3252,1492,988.5,5252583,0.9992,31960,53838.8,32286500.0,5970,106744,7631.83,4222077674
41830,4.2621,200000,25728,1276922,1358377,67,3251,1499,950.4,5253781,0.9992,31819,56142.6,34350800.0,5954,128278,9387.22,4223059915
41840,5.5699,200000,25844,1277111,1358923,67,3252,1503,870.9,5254502,0.9992,31972,61255.2,44545000.0,5948,131740,11749.2,4224123748
41850,6.5224,200000,25725,1277294,1359592,67,3250,1503,851.8,5255247,0.9992,31876,54040.5,32821100.0,6026,125803,9788.99,4225147545
41860,6.2855,199900,25736,1277484,1359933,67,3250,1502,791.4,5255862,0.9992,31765,63422.7,40001400.0,5915,162605,10834.6,4226176327
41870,5.5224,200000,25749,1277654,1360976,67,3253,1499,801.3,5257044,0.9992,31772,56316.1,39002600.0,5999,122200,9576.82,4227095862
41880,6.9348,200000,25749,1277878,1361656,67,3255,1497,811.1,5257956,0.9992,31725,53330.2,30685700.0,6037,136946,8250.55,4228161610
41900,5.8397,200000,25756,1278279,1363200,67,3256,1489,921.7,5259909,0.9992,31815,50060.8,31054400.0,5934,114225,7716.04,4230212248
41910,6.1538,200000,25678,1278463,1364105,67,3258,1485,885.8,5260917,0.9992,31906,51075.6,30344500.0,5919,156676,8962.92,4231118900
41930,6.4065,200000,25758,1278855,1365556,67,3258,1485,953.9,5262646,0.9992,31767,61943.1,39824300.0,5917,106208,10004.9,4233095786
41940,6.2448,200000,25797,1279047,1366157,67,3260,1484,872.3,5263473,0.9992,31750,56270,35171900.0,5910,131611,8833.59,4234196584
41960,6.0017,200000,25748,1279418,1367715,67,3267,1481,967.1,5265256,0.9992,31568,56912.3,34636200.0,5901,104052,8951.04,4236154997
41970,7.0608,200000,25880,1279622,1368238,67,3268,1480,916.6,5266006,0.9992,31477,62978.8,39644500.0,5904,147055,9234.83,4237178051
41980,5.6453,200000,25756,1279811,1369101,67,3272,1480,940.8,5267057,0.9992,31344,52272.2,31572900.0,5914,98488,8999.94,4238157862
41990,7.6506,200000,25689,1279979,1369957,67,3273,1480,960.9,5267949,0.9992,31241,53270.6,33503300.0,5903,133242,9311.1,4239227925
42000,8.1323,200000,25826,1280179,1370516,67,3273,1480,873.3,5268818,0.9992,31335,56987,35511600.0,5903,124579,9339.11,4240225364
42020,8.0464,200000,25748,1280567,1372149,67,3275,1479,972.0,5270535,0.9992,31284,57424,34989500.0,5918,115511,9210.91,4242173647
42030,6.1281,200000,25807,1280770,1372783,67,3273,1481,890.6,5271490,0.9992,31335,56233.9,32966100.0,5916,123948,8780.47,4243161653
42040,6.2449,200000,25807,1280959,1373411,67,3274,1481,888.7,5272616,0.9992,31479,54493.3,32515900.0,5820,116617,7961.39,4244187275
42060,6.9489,200000,25714,1281331,1374998,67,3277,1476,979.7,5274691,0.9992,31641,62260.3,39654200.0,5788,133542,9841.95,4246211324
42070,7.5757,200000,25652,1281523,1375691,67,3277,1475,965.6,5275740,0.9992,31516,59609.5,35762500.0,5786,87123,9857.42,4247235508
42080,6.0427,200000,25744,1281744,1376266,67,3282,1468,925.1,5276600,0.9992,31574,62224.6,38876100.0,5788,144782,10260.2,4248241902
42090,7.1307,200000,25856,1281936,1376822,67,3284,1464,848.4,5277481,0.9992,31773,61074.1,40865700.0,5772,128355,10091.1,4249187412
42100,6.1494,200000,25844,1282131,1377550,67,3287,1465,850.2,5278336,0.9992,31773,56171.4,33774500.0,5762,127782,8847.44,4250154805
42120,6.3868,200000,25839,1282517,1378846,67,3288,1467,918.2,5280210,0.9992,31897,51093.2,33402800.0,5770,98593,8694.95,4252168217
42130,8.1754,200000,25836,1282742,1379537,67,3287,1465,903.7,5281109,0.9992,31821,59271.6,36664200.0,5820,137925,10149.6,4253190825
42140,6.8196,200000,25928,1282954,1380122,67,3289,1470,832.0,5282106,0.9992,32021,59284.2,40098400.0,5843,120027,9869.12,4254241495
42150,6.734,200000,25737,1283181,1380936,67,3289,1472,851.2,5283043,0.9992,31795,53672.1,32403700.0,5887,96129,8154.42,4255277037
42170,5.9201,200000,25687,1283591,1382450,67,3292,1474,947.5,5284867,0.9992,31802,57485.8,37789000.0,5937,148061,9171.4,4257289200
42180,7.5555,200000,25651,1283780,1383186,67,3290,1470,896.1,5285720,0.9992,31923,53867.2,34405400.0,5804,116460,8410.63,4258294004
42200,6.027,200000,25783,1284150,1384603,67,3295,1469,945.9,5287332,0.9992,31935,53976.3,34304500.0,5871,117973,8405.15,4260299113
42210,6.7827,200000,25594,1284354,1385547,67,3296,1469,913.6,5288141,0.9992,32030,48812.2,30417300.0,5891,128759,8749.18,4261311824
42230,6.4476,200000,25665,1284773,1387030,67,3299,1467,982.4,5289838,0.9992,32069,60354.9,37610900.0,5918,125320,9266.6,4263318048
42240,5.3902,200000,25575,1284951,1387754,67,3300,1467,911.0,5290704,0.9992,32023,57255.9,34922800.0,5904,152017,9956.77,4264258613
42260,8.1375,199988,25558,1285350,1389256,67,3300,1467,966.9,5292378,0.9992,31928,51747.9,30572500.0,5932,112531,8276.68,4266295735
42270,7.7176,199976,25681,1285538,1389819,67,3300,1475,876.9,5293239,0.9992,31824,59706.4,39434600.0,5916,135266,10947.9,4267311281
42291,6.8107,199983,25791,1285956,1391130,67,3303,1476,943.7,5294796,0.9992,31708,60533.8,41078900.0,5960,123370,9926.98,4269225422
42301,5.4053,199984,25702,1286146,1391900,67,3306,1473,949.1,5295774,0.9992,31528,54055.3,36809400.0,5951,133282,9279.02,4270347213
42311,6.7402,199983,25585,1286333,1392813,67,3308,1470,970.6,5296611,0.9992,31511,50023.3,32597500.0,5936,142301,9312.91,4271356761
42321,5.9913,199969,25706,1286547,1393476,67,3307,1473,894.8,5297383,0.9992,31560,59151.2,41051300.0,5949,166755,10237.6,4272274310
42330,6.8205,200000,25744,1286707,1394128,67,3307,1471,891.4,5298322,0.9992,31502,54822.5,34855600.0,5937,114595,10256.3,4273256120
42341,7.5918,199967,25718,1286936,1394793,67,3310,1469,868.3,5299251,0.9992,31647,54304.3,38209400.0,5951,146399,9063.27,4274363754
42361,7.6744,199985,25739,1287349,1396163,67,3308,1470,929.5,5300899,0.9992,31776,56990.8,38334400.0,6003,122650,9654.98,4276298998
42372,6.6541,199953,25812,1287557,1396770,67,3309,1473,845.3,5301560,0.9992,31928,56329.6,36203400.0,6088,135220,9849.73,4277342727
42381,6.5555,199958,25700,1287736,1397457,67,3308,1477,880.9,5302621,0.9992,31610,57619.7,36951700.0,5965,130926,9602.7,4278322091
42392,7.583,199965,25752,1287958,1398121,67,3309,1476,842.6,5303388,0.9992,31664,56036.1,37231800.0,6093,115538,9439.2,4279343172
42412,5.1472,199933,25749,1288338,1399504,67,3305,1477,926.3,5305183,0.9992,31839,49857.6,30989600.0,6052,101679,8904.35,4281368526
42422,5.9068,199932,25738,1288552,1400177,67,3305,1481,869.8,5306102,0.9992,31718,59039.5,39075500.0,5991,137864,10256.3,4282328709
42443,6.1109,199919,25853,1288937,1401436,67,3306,1481,913.9,5307856,0.9992,31728,52307.2,35856700.0,6035,137641,9245.37,4284438816
42453,6.7752,199936,25761,1289147,1402175,67,3306,1476,913.1,5308860,0.9992,31604,55185.2,34976500.0,6014,108105,8878.3,4285402801
42464,6.361,199931,25955,1289351,1402669,67,3306,1479,830.3,5309642,0.9992,31680,59491.4,41135000.0,6012,210611,11891.2,4286444437
42473,5.5935,199953,25977,1289514,1403386,67,3304,1486,850.2,5310515,0.9992,31381,51814.4,32364900.0,5983,169787,9095.97,4287442357
42483,6.0115,199939,26047,1289710,1403986,67,3307,1488,825.9,5311031,0.9992,31380,58570.5,39665800.0,5950,111260,8817.11,4288440380
42505,6.2716,199898,25899,1290155,1405535,67,3307,1493,941.6,5312983,0.9992,31353,52050.4,32302000.0,5990,105099,7388.78,4290392300
42515,7.1044,199901,26047,1290353,1406331,67,3311,1491,887.1,5313931,0.9992,31469,53181.6,33045300.0,5992,155176,9118.28,4291431871
42535,6.4779,199899,26078,1290721,1407831,67,3311,1495,957.4,5315456,0.9992,31528,54649.9,35199800.0,5946,130287,9276.68,4293485846
42545,6.6189,200000,25920,1290922,1408963,67,3315,1492,963.7,5316878,0.9992,31462,56363.5,38387900.0,5971,115955,10263.2,4294482411
42565,6.7487,200000,25853,1291315,1410417,67,3316,1490,1012.4,5318612,0.9992,31391,55056.9,34866100.0,5965,111648,8371.78,4296566942
42575,5.3309,200000,25948,1291519,1411112,67,3316,1492,932.5,5319505,0.9992,31306,54811.1,34309000.0,5981,113408,8987.44,4297540920
42585,6.3373,200000,26006,1291708,1411727,67,3317,1495,898.9,5320322,0.9992,31101,60224.6,37569300.0,5947,152802,10413.9,4298547182
42595,5.0159,200000,25961,1291881,1412482,68,3316,1499,851.4,5321004,0.9992,31148,55787.8,38546700.0,5942,126000,10187.8,4299581350
42605,6.587,200000,25898,1292077,1413163,68,3315,1497,857.5,5322075,0.9992,31149,55518.1,33664900.0,5947,135788,8870.56,4300667933
42615,7.4331,200000,25927,1292285,1413950,68,3314,1497,874.5,5322878,0.9992,31127,47919,32084300.0,5969,137143,7957.27,4301665743
42635,5.5142,200000,25941,1292720,1415348,68,3315,1498,940.2,5324346,0.9992,31116,54575.4,35342200.0,6100,157217,9588.17,4303657303
42645,8.06,200000,25877,1292922,1416084,68,3314,1502,890.5,5325524,0.9992,31147,54607.1,33432000.0,6012,104712,8343.25,4304669391
42655,4.8179,200000,25890,1293102,1416793,68,3316,1503,895.9,5326406,0.9992,31059,55077,32946900.0,5988,111781,8678.46,4305679908
42665,6.5705,200000,25946,1293290,1417413,68,3317,1498,859.4,5327057,0.9992,31041,53792.6,36948600.0,6062,135978,10123.1,4306664467
42685,5.9581,200000,25942,1293674,1418689,68,3315,1503,914.4,5328958,0.9992,31277,55111.3,35854300.0,6064,130099,8416.54,4308725458
42695,6.6776,200000,25961,1293858,1419400,68,3316,1502,855.8,5329843,0.9992,31267,51312.4,32912900.0,6044,135132,10538,4309721847
42705,5.5373,200000,25896,1294062,1420051,68,3320,1506,858.8,5330780,0.9992,30959,58745.8,36075200.0,6040,96098,8332.6,4310722484
42715,6.6967,200000,25884,1294270,1420801,68,3322,1506,868.8,5331619,0.9992,31023,53441.8,32317700.0,6073,118719,8355.69,4311695381
42735,6.2508,200000,26093,1294640,1421952,68,3325,1503,908.1,5333484,0.9992,31124,62008.4,39581900.0,6024,113483,9116.53,4313694843
42745,5.7064,200000,25923,1294827,1422809,68,3322,1502,867.5,5334382,0.9992,31274,51714.8,33334800.0,6025,136623,9687.73,4314744014
42755,5.9506,200000,25958,1295015,1423461,68,3324,1499,864.1,5335319,0.9992,31196,55390.6,32992600.0,6026,112358,9202.86,4315746337
42775,6.1645,200000,25916,1295399,1424883,68,3329,1493,932.7,5337073,0.9992,31225,55495.6,35416500.0,6036,127834,9197.98,4317719865
42785,6.6753,200000,25923,1295609,1425583,68,3330,1496,877.7,5338286,0.9992,31354,57903.7,35208000.0,5960,100262,8456.84,4318666262
42805,6.0933,200000,25972,1295994,1427119,68,3328,1500,967.0,5339933,0.9992,31329,51950.3,33123100.0,5941,122810,8887.25,4320698275
42815,6.9324,200000,25912,1296184,1427846,68,3328,1503,940.1,5340800,0.9992,31171,55050.2,33096100.0,5930,123520,8403.74,4321613259
42825,5.8622,200000,25929,1296382,1428569,68,3327,1508,885.1,5341509,0.9992,31270,52411.8,36293100.0,5950,181633,9525.44,4322718562
42845,7.6692,199997,25988,1296745,1430104,68,3327,1507,961.1,5343316,0.9992,31210,52916.9,34207600.0,5933,184762,9129.84,4324705918
42855,7.1178,199992,25980,1296937,1430931,68,3328,1506,902.7,5344244,0.9992,31133,55752.9,33711600.0,5917,118328,9495.46,4325780041
42865,6.1727,199994,25978,1297100,1431597,68,3332,1500,906.3,5345010,0.9992,31026,57718.1,34921300.0,5891,139823,8808.59,4326719145
42875,6.7229,199979,25980,1297300,1432234,68,3329,1503,866.9,5345643,0.9992,31066,50906.8,36753500.0,5985,195863,9524.47,4327802919
42895,5.3242,199984,26038,1297652,1433676,69,3334,1501,968.1,5347692,0.9992,31198,51380.7,31072200.0,5847,122015,8526.49,4329777168
42906,6.0933,199976,26063,1297859,1434377,69,3335,1505,953.5,5348738,0.9992,31032,54739.9,34911500.0,5845,112049,9102.76,4330776065
42916,8.0422,199981,25954,1298048,1435180,69,3335,1507,894.6,5349526,0.9992,31153,53293.4,32473700.0,5849,125556,8744.22,4331685620
42936,6.445,199968,26157,1298432,1436569,69,3334,1510,960.5,5351324,0.9992,31135,60378.2,38905000.0,5798,126628,9468.97,4333800770
42946,5.7306,199970,26032,1298637,1437370,70,3336,1506,904.3,5352275,0.9992,31301,52699,32250900.0,5789,127146,9202.92,4334809303
42967,6.0342,199958,26093,1299033,1438704,70,3338,1505,959.5,5353968,0.9992,31321,59346,36860100.0,5798,123549,8804.78,4336837426
42977,6.151,199961,26081,1299238,1439397,70,3340,1504,941.5,5354868,0.9992,31325,60253.4,36244600.0,5810,151861,9594.4,4337836959
42987,5.6193,199957,26030,1299435,1440134,70,3340,1510,935.9,5355874,0.9992,31344,56181,34491700.0,5827,147668,8950.75,4338809326
42997,6.3166,199949,25990,1299638,1440859,70,3343,1510,875.1,5356742,0.9992,31330,57642.9,36164400.0,5839,147995,10622.1,4339817731
43006,5.1781,199985,26248,1299813,1441329,70,3344,1509,828.4,5357545,0.9992,31277,63099.9,39038900.0,5845,127192,10059.8,4340826168
43027,7.121,199940,26259,1300188,1442717,70,3344,1511,907.2,5359180,0.9992,31236,55441.3,35335000.0,5783,113161,8777.93,4342859195
43038,6.0714,199924,26202,1300396,1443455,70,3341,1520,849.8,5360356,0.9992,31328,55802.9,33325000.0,5792,148821,9979.78,4343854447
43059,5.1633,199940,26179,1300799,1444838,70,3344,1519,918.3,5362156,0.9992,31390,62344.3,38867000.0,5817,125224,8783.97,4345869349
43067,6.5754,199958,25969,1300946,1445712,70,3347,1519,907.8,5363189,0.9992,31168,51692.3,31073700.0,5811,134711,9178.57,4346783372
43078,6.3955,199929,26261,1301143,1446143,70,3351,1515,821.6,5363877,0.9992,31232,62796.6,47464500.0,5796,155135,11124.3,4347870113
43098,5.853,199931,26246,1301530,1447573,70,3355,1517,895.0,5365789,0.9992,31327,59163.4,37883200.0,5756,149077,9796.64,4349908106
43108,5.3743,199938,26073,1301715,1448469,70,3355,1516,938.2,5366480,0.9992,31159,50549.6,35938800.0,5775,118932,9083.55,4350801936
43118,5.6726,199924,26279,1301919,1449040,70,3356,1516,849.5,5367021,0.9992,31190,51835.5,41165800.0,5765,154307,10395.1,4351853374
43139,5.8957,199920,26478,1302310,1450289,70,3359,1516,907.6,5368637,0.9992,31106,53463.2,43242300.0,5848,111483,9306.03,4353913187
43149,6.5553,199910,26476,1302485,1451046,70,3362,1514,855.4,5369316,0.9992,31118,48303.7,33553300.0,5846,133696,8943.74,4354903821
43158,6.3402,199942,26562,1302632,1451772,70,3361,1516,863.2,5370180,0.9992,30909,52363.1,31279900.0,5842,117879,7816.98,4355890137
43169,6.4843,199916,26370,1302831,1452769,70,3362,1517,930.3,5371090,0.9992,30843,48324.2,29655600.0,5810,105754,8619.35,4356916790
43198,8.6463,199932,26537,1303405,1454733,70,3360,1519,935.7,5373739,0.9992,30827,56805.4,37652000.0,5865,199643,12185.3,4359973635
43209,6.5571,199912,26564,1303607,1455433,70,3361,1518,873.2,5374472,0.9992,30925,52111.9,39248700.0,5881,135492,9046.82,4360967499
43230,5.0141,199896,26595,1303995,1456802,70,3365,1518,935.1,5376117,0.9992,30854,56468.3,38598400.0,5862,144995,9674.09,4362829826
43240,6.2091,200000,26473,1304198,1457945,70,3366,1519,930.2,5377201,0.9992,30850,53010.2,35036800.0,5963,110138,9246.05,4363933742
43260,5.4807,200000,26403,1304590,1459441,70,3366,1518,1002.9,5379365,0.9992,30776,49679.9,29916100.0,5894,121914,8048.2,4366038671
43280,5.1674,200000,26504,1304989,1460849,70,3362,1523,955.7,5381137,0.9992,30429,51636,29615500.0,5893,110860,8221.81,4367986502
43290,5.4278,200000,26599,1305175,1461493,70,3364,1522,930.5,5381924,0.9992,30446,55807.2,34912900.0,5880,93138,8889.44,4369025929
43300,7.4095,200000,26479,1305380,1462299,70,3365,1524,949.2,5383027,0.9992,30407,55120.8,34453800.0,5879,154537,9380.08,4370029923
43310,6.6073,200000,26606,1305528,1462917,70,3366,1522,925.0,5383838,0.9992,30533,60061.2,37647800.0,5828,145806,9697.61,4370993016
43320,6.2843,200000,26436,1305723,1463713,70,3365,1522,931.7,5384789,0.9992,30507,54222.7,34272900.0,5843,110247,9524.89,4372059963
43330,5.9323,200000,26430,1305910,1464443,70,3369,1524,925.8,5385652,0.9992,30528,54398.7,34606800.0,5852,89216,9508.38,4373016176
43340,6.3373,200000,26481,1306075,1465109,70,3371,1527,856.9,5386581,0.9992,30692,55630.8,36764200.0,5823,175740,10090.2,4374065787
43360,8.4367,200000,26539,1306413,1466504,70,3372,1529,933.9,5388363,0.9992,30712,55246.3,34304700.0,5789,119626,8866.72,4376002986
43370,5.9675,200000,26446,1306579,1467259,70,3372,1529,930.9,5389357,0.9992,30690,54514.6,33024400.0,5767,142260,9017.66,4377066198
43380,5.8404,200000,26405,1306777,1467965,70,3374,1525,920.6,5390241,0.9992,30519,56332.2,33959900.0,5782,126377,9720.32,4378106887
43390,6.369,200000,26433,1306948,1468632,71,3375,1528,850.1,5391170,0.9992,30623,59325.3,38701500.0,5775,127429,9610.67,4379103852
43410,5.6292,200000,26406,1307306,1470119,71,3376,1525,934.6,5392868,0.9992,30561,52412,32489300.0,5734,107896,8879.6,4381041214
43420,4.8872,200000,26389,1307509,1470949,71,3376,1531,901.1,5393796,0.9992,30728,53907.8,33515300.0,5651,97179,8641.25,4382126326
43430,5.3583,200000,26444,1307703,1471634,71,3379,1530,889.0,5394692,0.9992,30606,56886.1,33365800.0,5662,109453,9297.03,4383039186
43440,5.7364,200000,26444,1307889,1472343,72,3376,1531,873.6,5395415,0.9992,30637,58009.7,36502300.0,5748,124584,9719.76,4384083363
43450,6.1814,200000,26397,1308063,1473113,72,3375,1530,910.5,5396232,0.9992,30431,55867.5,37439900.0,5648,162767,9330.05,4385077473
43470,6.1336,200000,26312,1308416,1474774,72,3374,1532,1006.2,5397762,0.9992,30437,54613,34568500.0,5669,108901,8807.36,4387058118
43480,5.8326,200000,26424,1308608,1475493,72,3377,1527,986.2,5398632,0.9992,30441,56244.1,35380300.0,5656,139682,9027.77,4388141490
43490,5.5919,200000,26454,1308797,1476204,72,3376,1533,907.5,5399673,0.9992,30441,54837.3,35028300.0,5661,119368,9697.89,4389104389
43510,6.5489,200000,26396,1309151,1477767,72,3379,1530,996.4,5401604,0.9992,30683,52770.8,32536500.0,5618,87614,8738.86,4391063435
43520,4.9836,200000,26191,1309340,1478716,72,3380,1530,1025.8,5402562,0.9992,30656,52389.8,31738000.0,5633,95767,8655.46,4392150313
43530,4.7257,200000,26253,1309539,1479388,72,3383,1527,986.4,5403480,0.9992,30696,54850.3,32140500.0,5648,122304,8277.39,4393134833
43540,6.0242,200000,26274,1309723,1480094,73,3381,1531,916.4,5404365,0.9992,30770,56517.9,36970600.0,5613,148480,10072.7,4394170627
43550,5.0405,200000,26277,1309895,1480873,73,3380,1535,910.3,5405181,0.9992,30826,51099.2,29893500.0,5604,124189,8154.38,4395136047
43580,4.0084,200000,26236,1310465,1483082,73,3388,1525,959.9,5407734,0.9992,30666,55330.1,31873500.0,5578,84980,8274.31,4398138841
43590,5.5306,200000,26184,1310663,1483905,73,3389,1526,924.4,5408979,0.9992,30758,55780.1,35329900.0,5488,152290,9705.31,4399183740
43610,5.8351,200000,26147,1311018,1485279,73,3391,1529,977.0,5410623,0.9992,30593,57433.2,34013300.0,5490,112209,8560.34,4401142547
43620,5.6022,200000,26194,1311204,1485976,73,3396,1524,954.7,5411520,0.9992,30512,55880.3,34071700.0,5481,119406,9082.94,4402167401
43630,5.593,200000,26229,1311372,1486724,73,3395,1526,889.9,5412358,0.9992,30703,56770.1,34219200.0,5462,95274,9223.68,4403145030
43640,5.1109,200000,25999,1311531,1487659,73,3395,1525,927.3,5413333,0.9992,30559,51460,30562000.0,5456,100363,8517.12,4404193084
43660,5.8111,200000,26182,1311900,1488971,73,3398,1527,974.9,5415038,0.9992,30609,53104.2,34419000.0,5487,125201,8852.92,4406204855
43670,5.7922,200000,26130,1312081,1489757,73,3396,1529,962.9,5416003,0.9992,30484,56751.5,34054000.0,5502,109345,9206.02,4407204289
43680,6.7055,199985,26188,1312268,1490386,73,3395,1532,880.7,5416808,0.9992,30575,60654,39035100.0,5491,129717,9693.69,4408125896
43690,6.828,199990,26205,1312461,1491096,73,3395,1541,880.3,5417687,0.9992,30552,57790.9,34391900.0,5513,135829,9747.13,4409230259
43710,6.3968,199977,26386,1312826,1492467,73,3392,1546,940.9,5419181,0.9992,30554,58782.8,36859900.0,5495,158074,8761.5,4411168611
43721,5.253,199953,26230,1313027,1493358,73,3395,1546,900.4,5420205,0.9992,30513,49434.3,29508800.0,5490,141017,7794.22,4412240402
43742,6.0287,199971,26344,1313370,1494810,73,3397,1546,970.2,5421938,0.9992,30398,57843.1,35027100.0,5452,104539,9637.7,4414188646
43752,6.0348,199973,26400,1313544,1495519,73,3400,1546,893.2,5422659,0.9992,30404,61920.5,37384500.0,5454,108906,9130.56,4415272228
43771,7.4824,199957,26342,1313858,1497249,73,3404,1544,991.1,5424277,0.9992,30351,52518,30513700.0,5419,118480,8549.2,4417260470
43782,5.5035,199955,26437,1314040,1497988,73,3398,1553,917.3,5425129,0.9992,30258,57979.9,35013400.0,5399,120333,8676.29,4418268559
43802,5.8023,199966,26384,1314372,1499496,73,3396,1556,992.2,5426805,0.9992,30137,59862.5,36086800.0,5358,159536,8212.68,4420253556
43812,6.616,199954,26342,1314539,1500401,73,3398,1553,935.0,5427650,0.9992,30090,51755.4,31292800.0,5361,87011,8980.15,4421246641
43832,4.8832,199944,26308,1314905,1501978,73,3400,1547,1018.4,5429571,0.9992,30219,53820.6,32126400.0,5236,109118,7691.18,4423277110
43843,6.9381,199952,26167,1315088,1502903,73,3402,1539,968.3,5430559,0.9992,30149,49771,29190400.0,5240,112076,8232.15,4424274437
43862,6.1966,199955,26130,1315416,1504490,73,3404,1539,1037.4,5432317,0.9992,30083,57222.9,34667800.0,5210,135616,9297.64,4426250138
43874,6.2487,199927,26204,1315644,1505181,73,3406,1535,953.7,5433213,0.9992,30157,60156.8,37149900.0,5193,156348,9724.2,4427321516
43883,5.3588,199956,26225,1315803,1505840,73,3406,1533,930.6,5433986,0.9992,30048,57245,33667900.0,5202,96557,9201.94,4428330255
43893,5.6315,199942,26321,1315977,1506522,73,3404,1534,919.6,5434897,0.9992,30082,60147.1,39972700.0,5189,153209,11653.8,4429203634
43903,5.4509,199937,26367,1316151,1507125,73,3402,1536,897.4,5435721,0.9992,30037,59460,35935900.0,5167,96895,8765.71,4430198569
43913,4.0999,199937,26298,1316321,1507853,73,3403,1539,876.6,5436267,0.9992,30041,54609.6,32222800.0,5249,113148,9333.93,4431319680
43922,6.7121,199942,26320,1316484,1508568,73,3404,1533,879.3,5437146,0.9992,30083,57467.6,33947400.0,5241,99158,8589.78,4432311840
43932,5.9646,199951,26348,1316680,1509311,73,3408,1527,886.0,5437994,0.9992,30075,55241.2,34557900.0,5277,131212,9294.27,4433195283
43954,4.0157,199932,26373,1317063,1510772,73,3410,1525,958.8,5439715,0.9992,30244,55862.5,33849700.0,5299,94030,8312.39,4435252328
43965,5.0147,199920,26551,1317250,1511399,73,3416,1519,875.1,5440523,0.9992,30133,56262.6,33651100.0,5270,136002,8440.97,4436325421
43985,5.5267,199914,26671,1317602,1512988,73,3415,1520,980.3,5442421,0.9992,30238,59439.1,35637800.0,5153,148473,8975.55,4438308911
43995,4.6535,199902,26653,1317789,1513743,73,3416,1520,976.0,5443255,0.9992,29996,56150.5,34235400.0,5165,117048,8747.06,4439311515
44005,7.1289,200000,26386,1317968,1514937,73,3419,1522,975.7,5444451,0.9992,30213,55817.9,33695700.0,5167,118156,9141.8,4440335915
44014,5.3411,199900,26456,1318119,1515227,73,3416,1527,858.0,5444794,0.9992,30030,61678.9,36117600.0,5140,121057,9538.81,4441290402
44035,7.2037,200000,26357,1318473,1517245,73,3415,1525,1019.8,5446760,0.9992,30151,56040.3,35234100.0,5132,143038,8905.83,4443399888
44045,5.3978,200000,26336,1318625,1518020,73,3417,1531,840.1,5447572,0.9992,29993,56176,35620900.0,5108,111153,9516.36,4444412883
44065,5.3124,200000,26318,1318967,1519729,73,3413,1533,943.3,5449207,0.9992,30107,54070.1,32974800.0,5132,98234,8688.62,4446463012
44075,7.1813,200000,26250,1319156,1520614,73,3414,1531,898.0,5450077,0.9992,30043,53906.5,32496900.0,5149,130258,9042.69,4447480116
44095,5.178,200000,26354,1319483,1522096,73,3412,1534,959.4,5451611,0.9992,30076,57491.5,35821000.0,5145,124431,9163.64,4449541649
44105,4.3213,200000,26207,1319647,1522940,73,3412,1534,904.5,5452363,0.9992,30143,55032.4,32672100.0,5135,104378,8507.57,4450522836
44125,5.2521,200000,26334,1320010,1524467,73,3413,1531,972.1,5454175,0.9992,30223,50548,31718000.0,5143,172412,8016.61,4452534173
44135,5.4544,200000,26209,1320179,1525369,73,3415,1529,928.5,5455023,0.9992,30068,49814.5,30079100.0,5127,105981,7988.27,4453501895
44145,5.1326,200000,26227,1320354,1526106,73,3416,1527,919.1,5455876,0.9992,29956,51266.9,28647200.0,5153,87244,8118.69,4454478709
44165,4.9579,200000,26279,1320701,1527606,73,3410,1534,980.5,5457567,0.9992,29920,62901.9,40940800.0,5125,153474,9259.01,4456525215
44175,5.8414,200000,26155,1320891,1528460,73,3412,1535,925.5,5458459,0.9992,30059,51829.5,30973300.0,5132,130717,9096.88,4457487110
44195,4.7622,200000,26430,1321249,1529645,73,3414,1537,940.5,5460133,0.9992,30080,65542.4,39806600.0,5161,196199,9013.5,4459503968
44205,5.6529,200000,26185,1321433,1530567,73,3417,1534,906.8,5461123,0.9993,30082,52312.5,31964900.0,5166,114169,9139.67,4460579272
44215,6.1247,200000,26069,1321618,1531418,73,3418,1533,932.0,5462017,0.9992,30046,55618.8,33275400.0,5173,139584,9185.79,4461555370
44235,5.7874,200000,26056,1321982,1532932,73,3420,1536,1002.9,5463681,0.9992,30181,51764.9,31862700.0,5168,109956,8695.51,4463552640
44245,5.6339,200000,26170,1322161,1533607,73,3419,1533,988.3,5464600,0.9993,29952,58103.6,35631900.0,5087,109243,8627.57,4464594404
44255,6.3412,200000,26182,1322323,1534371,73,3415,1541,918.6,5465417,0.9992,30073,58038.9,36103200.0,5073,106459,9252.49,4465525779
44275,4.9984,200000,26138,1322669,1535819,73,3416,1543,967.0,5467140,0.9993,29968,52805.5,31905800.0,5153,136582,9034.12,4467600065
44285,5.2117,200000,26123,1322849,1536602,73,3417,1539,986.4,5468104,0.9992,30066,57075.5,36667800.0,5060,143720,8981.01,4468579181
44295,4.8476,200000,26108,1323001,1537415,73,3420,1540,925.6,5468883,0.9993,30071,54436.8,33815200.0,5033,118467,9070.38,4469601640
44305,4.5181,200000,26216,1323179,1538106,73,3425,1535,912.8,5469782,0.9992,29990,59456.6,34237500.0,5037,112427,9407.12,4470516340
44315,4.7306,200000,26149,1323359,1538951,73,3426,1536,932.3,5470528,0.9992,29888,51916.5,32761600.0,5037,97707,8075.76,4471565356
44325,5.3333,200000,26162,1323542,1539769,73,3427,1540,932.2,5471462,0.9992,29901,55055.3,33050400.0,5069,126856,9500.41,4472576757
44345,5.4161,200000,26171,1323910,1541281,73,3427,1541,996.3,5472811,0.9992,29828,52285.8,32995300.0,5209,135834,8659.73,4474596247
44355,6.9906,200000,26080,1324084,1542176,73,3430,1542,996.3,5473510,0.9993,29750,50608.2,31116000.0,5217,99066,8321.21,4475630888
44365,5.2954,200000,26177,1324251,1543000,73,3428,1542,938.7,5474271,0.9992,29772,53899.8,33122600.0,5189,150494,10533.2,4476559648
44375,5.7281,200000,26299,1324408,1543663,73,3429,1540,920.5,5475046,0.9993,29589,57604.5,34943800.0,5158,116994,7946.22,4477632350
44385,5.0018,200000,26179,1324568,1544603,73,3429,1544,958.8,5475855,0.9992,29498,52971.3,32169700.0,5165,125662,8653.94,4478540980
44395,4.1986,200000,26249,1324725,1545330,74,3427,1549,946.5,5476716,0.9992,29752,54364.7,34709800.0,5157,105888,8925.31,4479614465
44415,6.2242,200000,26222,1325075,1547043,74,3432,1547,1041.1,5478663,0.9992,29734,51434.5,30931800.0,5065,103324,8377.42,4481607019
44425,3.9936,200000,26182,1325251,1547925,74,3430,1549,973.0,5479374,0.9993,29767,50389.5,31009100.0,5072,139297,8286.71,4482643725
44445,10.091,200000,25996,1325595,1549719,74,3431,1550,1071.0,5481079,0.9992,29659,51186.1,31976400.0,5071,91105,8188.8,4484621869
44455,5.3312,200000,26030,1325763,1550471,74,3434,1546,986.4,5481916,0.9992,29744,56736,34444800.0,5062,97206,9343.49,4485603531
44465,7.0853,200000,26098,1325927,1551160,74,3434,1544,964.6,5482658,0.9992,29583,58118.7,33636600.0,5036,123214,8916.36,4486643949
44485,6.8812,199993,26100,1326293,1552617,74,3436,1544,1018.4,5484530,0.9992,29781,60720.1,37024400.0,4952,125190,8676.56,4488637588
44495,3.9435,199996,26054,1326443,1553418,74,3438,1542,1008.4,5485319,0.9992,29529,56000.3,37406000.0,4908,131880,11269.7,4489582665
44506,5.2968,199981,26140,1326629,1554037,74,3439,1543,910.2,5486128,0.9993,29651,56070,40932300.0,4992,159320,11583.4,4490681325
44516,5.8923,199983,26280,1326807,1554643,74,3439,1540,884.1,5486952,0.9993,29646,54280,31622200.0,4992,161824,8488.06,4491682957
44536,6.0509,199971,26313,1327141,1556154,74,3440,1537,959.3,5488629,0.9993,29751,57961.2,34015600.0,4968,106356,8278.06,4493681052
44546,7.3653,199974,26304,1327311,1556950,74,3439,1537,958.6,5489425,0.9993,29640,54181,32596900.0,4969,107961,9049.44,4494684935
44556,5.7078,199960,26268,1327471,1557702,74,3441,1535,893.9,5490257,0.9993,29606,55533.6,33649800.0,4945,119173,9669.08,4495689087
44576,5.8969,199974,26123,1327837,1559300,74,3443,1536,975.9,5491993,0.9993,29488,54712.4,32607100.0,4977,130050,7856.39,4497689340
44587,4.7062,199971,26037,1328033,1560158,74,3443,1536,919.1,5492726,0.9992,29442,56272.3,34604100.0,5003,133805,10509.5,4498631928
44607,5.7984,199965,26252,1328378,1561472,74,3448,1531,955.0,5494269,0.9993,29410,60492.3,37539100.0,4990,104313,8648.35,4500709527
44618,6.4097,199945,26192,1328557,1562351,74,3452,1530,911.2,5495139,0.9992,29444,51756.7,30185200.0,4960,99698,8484.92,4501666544
44638,6.1876,199920,26224,1328900,1563863,74,3453,1528,978.4,5496646,0.9993,29496,64700.5,39559600.0,4928,119940,8504.64,4503747306
44647,6.4261,199960,26120,1329043,1564684,74,3451,1531,986.5,5497411,0.9992,29315,53421.5,31599200.0,4931,140901,8758.83,4504654617
44657,5.3838,199941,26181,1329217,1565480,74,3449,1538,907.7,5497892,0.9992,29355,52567,31253400.0,4985,115776,8719.38,4505686410
44678,4.8109,199931,26124,1329557,1567090,74,3448,1538,981.8,5499451,0.9992,29365,55150.8,33544700.0,5021,128518,9270.66,4507633833
44688,6.7926,199937,26184,1329734,1567866,74,3450,1536,926.1,5500271,0.9993,29389,57823,35388800.0,4960,89875,8109.92,4508748232
44709,6.1887,199944,26092,1330075,1569620,74,3450,1536,1012.7,5502028,0.9992,29429,49251.2,29377400.0,4944,90935,7014.21,4510731240
44718,7.0146,199942,25981,1330236,1570673,73,3452,1530,1055.4,5502892,0.9993,29337,45808.7,26474300.0,4942,140130,8571.86,4511771479
44729,6.5437,199919,26026,1330416,1571451,73,3452,1532,972.2,5503707,0.9992,29440,58559.5,37987900.0,4927,105206,9042.13,4512736421
44749,5.9133,199914,26225,1330758,1572850,73,3451,1534,1014.6,5505332,0.9993,29347,59970.9,37882400.0,4933,122924,8307.95,4514778533
44759,7.5171,199917,25918,1330949,1573888,73,3452,1535,1051.7,5506204,0.9992,29126,51262.4,31355700.0,4948,111761,8663.05,4515702176
44769,7.0729,199910,25965,1331120,1574631,73,3454,1532,967.4,5507047,0.9992,29375,54594.9,34193500.0,4940,137808,9206.1,4516705828
44789,7.1603,199927,25995,1331418,1576094,73,3453,1535,1024.9,5509084,0.9993,29229,55315.8,33984800.0,4840,140776,8770.51,4518799488
44800,7.3769,199924,25984,1331603,1576892,73,3456,1535,956.6,5510038,0.9993,29290,56256.4,34936800.0,4823,124067,9560.07,4519805959
44820,6.9089,199915,26125,1331937,1578357,73,3452,1535,1002.8,5511431,0.9992,29222,59036.6,38236400.0,4801,139357,9544.31,4521771244
44830,6.8202,199918,26203,1332093,1579204,73,3452,1532,935.5,5512492,0.9992,29278,56579.9,34467100.0,4809,113830,9361.49,4522754244
44840,6.8495,199917,25839,1332266,1580079,73,3450,1535,968.6,5513367,0.9993,29254,54936,32944200.0,4800,119058,9056.53,4523812830
44860,6.7133,200000,25947,1332608,1581816,73,3451,1538,1064.9,5515444,0.9993,29365,58199.4,35434100.0,4782,95517,8427.52,4525856050
44870,7.7451,200000,25788,1332791,1582751,73,3448,1545,1068.1,5516257,0.9993,29366,49142.7,31021500.0,4787,131517,8601.31,4526901867
44880,6.8909,200000,25845,1332958,1583475,73,3448,1547,979.8,5517122,0.9992,29506,60189.4,38679200.0,4776,148059,10189.2,4527832252
44890,7.5028,200000,25878,1333128,1584173,73,3448,1541,901.4,5517853,0.9992,29548,62778.6,38636700.0,4779,107133,9959.52,4528837112
44910,7.6698,200000,25873,1333459,1585813,73,3448,1544,989.6,5519396,0.9993,29404,51246.1,30899300.0,4786,114682,8315.44,4530928065
44920,5.8898,200000,25909,1333651,1586572,73,3451,1542,975.4,5520068,0.9992,29420,60683.3,38839600.0,4813,106169,10201.2,4531895797
44930,5.6211,200000,26014,1333819,1587212,73,3451,1542,943.4,5520850,0.9992,29335,56386.2,34325700.0,4804,136259,8643.21,4532916727
44940,7.2474,200000,25960,1333978,1588099,73,3448,1545,894.0,5521712,0.9993,29252,54001.9,32854400.0,4821,102142,9376.38,4533952305
44960,8.1834,200000,25944,1334318,1589613,73,3448,1549,960.6,5523053,0.9992,29253,57175,35570400.0,4910,117316,9569.57,4535920227
44970,6.2233,200000,25875,1334485,1590445,73,3450,1544,967.1,5523818,0.9992,29194,50034.6,30804700.0,4895,90483,7932.38,4536920720
44980,8.9491,200000,25787,1334647,1591293,73,3453,1540,956.3,5524555,0.9993,29194,52298.8,32267800.0,4881,107696,8387.59,4537992851
44990,5.7432,200000,26104,1334797,1591835,73,3454,1540,866.2,5525284,0.9992,29222,56216.5,38190900.0,4863,174340,9166.05,4538928235
45010,6.1071,200000,25801,1335159,1593800,73,3455,1539,1006.2,5526815,0.9993,29197,48774.3,29787900.0,4894,131961,7757.85,4540999642
45020,6.2003,200000,25814,1335322,1594586,74,3452,1540,929.3,5527621,0.9993,29193,54093.9,35135900.0,4889,138033,9336.2,4541999534
45040,6.6025,200000,25849,1335693,1596072,74,3450,1541,1010.5,5529317,0.9993,29259,52896,35240000.0,4909,114595,8480.61,4544001370
45050,7.7536,200000,25833,1335870,1596934,74,3449,1546,1029.4,5530370,0.9993,29270,50575.7,31139300.0,4823,122732,8058.46,4545012800
45060,7.0663,200000,25911,1336035,1597658,74,3450,1544,1004.3,5531388,0.9992,29102,52629.7,32271500.0,4817,127299,8956.09,4545963064
45070,6.333,200000,25757,1336205,1598497,74,3452,1548,1001.0,5532141,0.9993,28952,53357.6,35767300.0,4841,130077,9301.32,4547037528
45080,6.7013,200000,25898,1336350,1599255,74,3452,1545,918.3,5532975,0.9993,29095,52517.8,34752100.0,4823,99091,9030.83,4548001318
45100,6.8175,200000,25976,1336688,1600748,74,3454,1546,991.8,5534666,0.9993,29210,59458.6,36870900.0,4836,88814,8916.78,4550045276
45110,7.07,200000,25806,1336856,1601654,74,3456,1545,931.4,5535509,0.9993,29257,54330.3,33455800.0,4845,115617,8585.86,4551031852
45120,6.2531,200000,25697,1337017,1602568,75,3455,1545,976.2,5536339,0.9993,29271,53357,30352000.0,4834,124079,8827.52,4552042857
45130,5.758,200000,25740,1337203,1603281,75,3453,1552,958.8,5537213,0.9993,29183,56764.3,38763800.0,4840,118988,8928.87,4553036103
45150,7.407,200000,25678,1337512,1604864,75,3452,1555,1034.6,5538812,0.9993,29294,53392,35594300.0,4804,139860,8243.24,4555081422
45160,7.7381,200000,25721,1337645,1605660,75,3456,1551,950.3,5539607,0.9993,29314,50686,29516400.0,4783,151502,7940.88,4556033327
45180,6.0882,200000,25771,1337920,1607246,75,3456,1552,1034.8,5541362,0.9993,29339,57751,38960900.0,4630,100435,9435.24,4558058111
45190,7.2895,200000,25695,1338090,1608048,75,3459,1548,959.5,5542151,0.9993,29193,57230.6,38895700.0,4631,108323,10659.2,4559041522
45200,7.8472,200000,25743,1338234,1608827,75,3462,1549,926.9,5542806,0.9993,29169,56511.2,34491100.0,4673,111073,9293.97,4560066655
45220,6.7811,200000,25691,1338545,1610430,76,3460,1550,1019.8,5544373,0.9993,29094,47598.4,29867200.0,4635,152779,8418.01,4562097059
45230,6.7361,199989,25948,1338699,1611037,76,3457,1556,922.6,5545203,0.9993,29032,59203.8,37962200.0,4624,124162,9811.49,4563093036
45240,5.4104,199989,25904,1338855,1611857,76,3455,1555,922.1,5545975,0.9993,29041,54089.9,31977900.0,4600,131452,8802.43,4564055215
45261,5.5032,199987,26053,1339223,1613321,76,3457,1555,1003.0,5547533,0.9993,29182,55650.1,38640700.0,4642,98827,7825.86,4566088520
45271,5.7858,199983,25924,1339359,1614327,76,3456,1557,1029.8,5548282,0.9993,28998,49213.5,29023500.0,4621,147417,8296.47,4567106702
45281,6.1966,199985,25899,1339522,1615152,76,3453,1560,1015.5,5549046,0.9993,29053,51012.2,33398100.0,4619,133833,8478.34,4568105588
45291,4.1887,199975,25998,1339691,1615914,76,3455,1553,940.9,5549720,0.9993,29098,50873.7,31023100.0,4595,113849,8032.32,4569139828
45311,5.6726,199960,25787,1340000,1617785,76,3457,1553,1055.2,5551358,0.9993,29093,52905.5,32512100.0,4572,131197,8617.71,4571101566
45322,5.8412,199968,25823,1340192,1618536,76,3458,1550,1032.1,5552197,0.9993,29032,55888.2,34643500.0,4556,122344,9163.75,4572148393
45332,5.5559,199970,25745,1340333,1619363,76,3461,1553,959.7,5552964,0.9992,29053,51774.5,32978400.0,4520,149474,8568.24,4573064455
45351,3.9748,199981,25795,1340623,1620815,76,3462,1550,1011.4,5554691,0.9992,29041,55711.7,35113200.0,4493,120738,9184.08,4575061503
45362,5.0059,199975,25715,1340780,1621689,76,3462,1553,946.1,5555405,0.9992,28933,55757.6,35005400.0,4492,129253,9008.91,4576093893
45382,6.8394,199957,25760,1341091,1623239,77,3461,1553,1008.0,5557033,0.9993,29030,51703.3,32151500.0,4462,131774,8662.43,4578154566
45392,6.6334,199943,25773,1341238,1623983,77,3462,1552,925.7,5557880,0.9993,28954,54492.5,33859300.0,4422,156152,9635.06,4579161795
45413,6.0635,199931,25795,1341583,1625556,77,3464,1554,1027.0,5559646,0.9993,28958,52064.8,35529300.0,4314,124384,9443.66,4581163225
45423,7.5943,199942,25756,1341738,1626303,77,3469,1543,933.2,5560328,0.9993,29018,58300.6,35825700.0,4397,153312,10407,4582199376
45442,6.643,199962,25750,1342059,1627906,77,3471,1541,985.7,5561903,0.9992,29009,52099,31909300.0,4457,114870,8291.85,4584120591
45454,5.5168,199930,25775,1342252,1628715,77,3470,1540,940.9,5562840,0.9993,28832,51724.4,33152600.0,4402,102405,8481.13,4585153594
45463,5.4428,199949,25810,1342374,1629521,77,3468,1546,920.3,5563460,0.9993,28649,54400.2,31157200.0,4488,160524,8644.18,4586155739
45483,5.5664,199931,25816,1342688,1631086,77,3466,1548,987.1,5565071,0.9992,28861,47867.4,28869200.0,4492,196164,8664.99,4588137808
45492,5.7866,199960,25817,1342836,1631905,77,3468,1547,985.5,5565846,0.9992,28676,56569.8,36827200.0,4495,197980,11012.6,4589153533
45504,3.5445,199924,26163,1343017,1632355,77,3472,1545,873.2,5566665,0.9993,28735,58687.2,42344600.0,4486,122435,8841.91,4590202475
45514,4.5224,199944,25961,1343172,1633351,77,3472,1545,922.3,5567415,0.9993,28557,48502.7,28712900.0,4488,134375,8208.86,4591163767
45534,6.5628,199930,25883,1343512,1635054,77,3472,1543,1005.3,5569052,0.9993,28638,52518.4,31488000.0,4503,96079,8823.06,4593246953
45544,5.7382,199912,25890,1343667,1635878,77,3473,1543,943.4,5569817,0.9992,28632,53004.1,32485900.0,4486,176304,10306,4594127119
45554,6.322,199936,25924,1343808,1636600,77,3474,1546,934.8,5570527,0.9993,28450,61428.5,38094700.0,4467,117795,8578.09,4595228491
45575,6.2255,199922,25982,1344125,1638414,77,3473,1547,1036.0,5572057,0.9992,28573,46403.3,27657800.0,4455,88659,8597,4597171728
45584,6.9471,199924,25952,1344266,1639210,77,3475,1541,1011.8,5572849,0.9993,28424,54195.5,32848000.0,4440,107701,8113.27,4598193205
45595,4.6227,200000,25941,1344415,1640511,77,3477,1547,1030.9,5574100,0.9993,28489,53296.1,32142600.0,4351,113809,8476.79,4599269720
45605,5.2612,199911,26024,1344593,1640937,77,3479,1551,928.8,5574632,0.9992,28314,53307.6,29217900.0,4344,111117,8283.93,4600189495
45625,6.3057,199932,25911,1344892,1642823,77,3480,1549,1038.3,5576410,0.9993,28400,56673.9,33155200.0,4363,118946,9384.51,4602216300
45635,6.0406,199915,25826,1345045,1643507,77,3478,1553,1008.9,5577311,0.9993,28379,60611.1,36700700.0,4279,135572,8699.93,4603248446
45644,5.7389,199926,25786,1345170,1644390,77,3476,1556,1003.7,5578020,0.9993,28140,52541.5,33413900.0,4286,126613,9674.92,4604267278
45655,4.5294,200000,25970,1345348,1645455,77,3474,1556,977.9,5579192,0.9993,28279,50509.9,34663700.0,4362,132510,8916.62,4605301132
45665,4.8224,200000,25832,1345488,1646373,77,3476,1553,938.3,5580022,0.9993,28187,52596.4,31390600.0,4291,104093,8203.01,4606297787
45685,5.1527,200000,25890,1345775,1648020,77,3481,1551,1006.6,5581559,0.9993,28174,52110.8,30444700.0,4258,104009,7898.89,4608347735
45695,4.4126,200000,25928,1345919,1648733,77,3483,1552,914.4,5582439,0.9993,28157,55543.1,33399700.0,4299,116510,9533.53,4609337773
45715,7.5706,200000,25870,1346246,1650494,77,3486,1549,1026.2,5584183,0.9993,28235,52415.2,31576200.0,4214,87138,8468.28,4611394007
45725,5.7882,200000,25851,1346407,1651310,77,3490,1544,953.0,5584959,0.9993,28078,52866.1,32957800.0,4225,128013,8807.48,4612403961
45745,4.6107,200000,25928,1346729,1652873,77,3488,1551,1005.0,5586572,0.9993,28021,59600.5,36315500.0,4260,132981,8328.59,4614380810
45755,5.7401,200000,25809,1346878,1653798,77,3491,1547,1015.6,5587398,0.9993,27857,46208,28844100.0,4238,132740,8723.16,4615355666
45765,5.7535,200000,25847,1347022,1654573,78,3490,1547,1006.8,5588054,0.9993,27813,53127.7,37911000.0,4217,149922,9496.26,4616426597
45775,8.1374,200000,25829,1347160,1655367,78,3488,1548,996.9,5589008,0.9992,27718,48654,31553700.0,4208,116367,8857.01,4617327810
45785,4.292,200000,25885,1347300,1655980,78,3487,1549,895.3,5589344,0.9993,27796,53737.3,36033600.0,4266,158440,9693.16,4618421179
45795,5.3604,200000,25829,1347467,1656866,78,3486,1553,923.4,5590202,0.9993,27618,54686.7,32625300.0,4277,95050,8511.85,4619413114
45815,5.6029,200000,25749,1347764,1658536,78,3485,1553,1002.7,5591718,0.9993,27749,56998.8,34531000.0,4236,84584,8500.72,4621461462
45825,7.7772,200000,25686,1347913,1659375,78,3485,1560,949.0,5592626,0.9993,27740,53941.9,34123700.0,4162,150299,8800.87,4622437626
45835,6.4731,200000,25669,1348053,1660237,78,3485,1560,949.8,5593194,0.9993,27695,55022,31925500.0,4230,112449,9176.6,4623442461
45855,6.8862,200000,25726,1348330,1661849,78,3485,1561,1014.2,5594609,0.9993,27745,49105.4,29822000.0,4205,117855,8035.63,4625457272
45865,5.981,200000,25592,1348494,1662832,78,3489,1556,964.5,5595379,0.9993,27663,50113.5,30752700.0,4218,128871,8358.22,4626451359
45875,4.9247,200000,25565,1348658,1663688,78,3493,1553,961.1,5596111,0.9993,27603,49482.7,29094400.0,4243,124320,7729.11,4627414707
45905,5.0164,200000,25676,1349097,1666114,78,3492,1561,962.3,5598456,0.9993,27657,55826.9,37470100.0,4205,129268,10399.6,4630469921
45925,5.5587,200000,25879,1349432,1667491,78,3495,1562,1005.7,5599947,0.9993,27618,48229.5,35030700.0,4239,127037,9009.52,4632478378
45935,4.2259,200000,25941,1349580,1668190,78,3497,1559,976.7,5600679,0.9993,27439,52752.3,34831400.0,4232,109179,8820.25,4633425039
45945,6.2348,200000,25967,1349730,1668965,78,3497,1559,900.8,5601333,0.9993,27477,48100.9,35131600.0,4242,158137,9901.64,4634455080
45955,5.6115,200000,25970,1349874,1669711,78,3498,1559,884.4,5602022,0.9993,27263,46604.3,33216700.0,4239,157554,8894.69,4635455188
45975,5.4631,199992,26215,1350191,1671065,78,3498,1560,951.4,5603533,0.9993,27166,50269.9,39303900.0,4334,119780,7539.96,4637485784
45985,6.2569,199992,25948,1350354,1672081,78,3496,1565,1009.5,5604424,0.9993,27167,48622.6,29310600.0,4274,133694,7898.81,4638533840
